congress,chamber,icpsr,state_icpsr,district_code,state_abbrev,party_code,party,occupancy,last_means,bioname,bioguide_id,born,died,nominate_dim1,nominate_dim2,nominate_log_likelihood,nominate_geo_mean_probability,nominate_number_of_votes,nominate_number_of_errors,conditional,nokken_poole_dim1,nokken_poole_dim2,sasc
102,Senate,14282,62,0,CO,100,D,0,1,"WIRTH, Timothy E.",W000647,1939,,-0.293,-0.315,-149.58376,0.738,492,81,,-0.334,-0.176,1
102,Senate,10700,73,0,WA,100,D,0,0,"ADAMS, Brockman (Brock)",A000031,1927,2004,-0.396,-0.127,-90.70608,0.827,478,42,,-0.484,-0.046,0
102,Senate,14400,82,0,HI,100,D,0,0,"AKAKA, Daniel Kahikina",A000069,1924,2018,-0.419,0.273,-123.30393,0.773,478,58,,-0.337,-0.036,0
102,Senate,14203,64,0,MT,100,D,0,0,"BAUCUS, Max Sieben",B000243,1941,,-0.212,0.017,-162.7414,0.712,480,76,,-0.305,0.287,0
102,Senate,660,49,0,TX,100,D,0,0,"BENTSEN, Lloyd Millard, Jr.",B000401,1921,2006,-0.163,0.458,-152.30449,0.717,458,66,,-0.217,0.483,0
102,Senate,14101,11,0,DE,100,D,0,0,"BIDEN, Joseph Robinette, Jr.",B000444,1942,,-0.314,-0.042,-130.37952,0.755,464,49,,-0.371,-0.157,0
102,Senate,14912,66,0,NM,100,D,0,0,"BINGAMAN, Jesse Francis, Jr. (Jeff)",B000468,1943,,-0.266,0.045,-180.11753,0.677,462,89,,-0.3,0.257,1
102,Senate,15501,34,0,MO,200,R,0,0,"BOND, Christopher Samuel (Kit)",B000611,1939,,0.31,-0.169,-154.844,0.71,452,70,,0.295,-0.388,0
102,Senate,14700,53,0,OK,100,D,0,0,"BOREN, David Lyle",B000639,1941,,-0.142,0.771,-180.52621,0.671,453,81,,-0.152,0.561,0
102,Senate,14702,12,0,NJ,100,D,0,0,"BRADLEY, William Warren (Bill)",B001225,1943,,-0.313,-0.568,-128.38973,0.752,451,63,,-0.371,-0.444,0
102,Senate,13056,45,0,LA,100,D,0,0,"BREAUX, John Berlinger",B000780,1944,,-0.123,0.702,-159.03369,0.709,463,70,,-0.157,0.623,0
102,Senate,14803,62,0,CO,200,R,0,0,"BROWN, George Hanks (Hank)",B000919,1940,,0.511,-0.762,-178.55644,0.686,473,78,,0.497,-0.695,0
102,Senate,15700,65,0,NV,100,D,0,0,"BRYAN, Richard H",B000993,1937,,-0.241,0.176,-166.68656,0.707,481,83,,-0.226,0.232,0
102,Senate,14300,42,0,AR,100,D,0,0,"BUMPERS, Dale",B001057,1925,2016,-0.362,0.389,-169.82102,0.698,472,85,,-0.296,0.643,0
102,Senate,49103,36,0,ND,100,D,0,0,"BURDICK, Jocelyn Birch",B001076,1922,2019,-0.382,-0.117,-12.22272,0.804,56,4,,-0.368,-0.163,0
102,Senate,1252,36,0,ND,100,D,0,0,"BURDICK, Quentin Northrup",B001077,1908,1992,-0.371,0.42,-104.99865,0.746,359,50,,-0.331,0.21,0
102,Senate,15701,64,0,MT,200,R,0,0,"BURNS, Conrad",B001126,1935,2016,0.361,0.222,-112.43791,0.792,481,52,,0.367,0.261,0
102,Senate,1366,56,0,WV,100,D,0,0,"BYRD, Robert Carlyle",B001210,1917,2010,-0.309,0.729,-170.67752,0.701,481,81,,-0.315,0.824,1
102,Senate,14500,5,0,RI,200,R,0,0,"CHAFEE, John Hubbard",C000269,1922,1999,0.084,-0.996,-165.54626,0.704,472,80,,0.095,-0.995,0
102,Senate,14806,22,0,IN,200,R,0,0,"COATS, Daniel Ray",C000542,1943,,0.375,-0.227,-154.93614,0.724,479,66,,0.383,-0.283,1
102,Senate,14009,46,0,MS,200,R,0,0,"COCHRAN, William Thad",C000567,1937,2019,0.287,0.051,-112.38138,0.78892,474,43,,0.295,-0.075,0
102,Senate,14010,2,0,ME,200,R,0,0,"COHEN, William Sebastian",C000598,1940,,0.1,-0.615,-190.5823,0.671,478,97,,0.124,-0.865,1
102,Senate,15502,36,0,ND,100,D,0,0,"CONRAD, Kent",C000705,1948,,-0.296,0.582,-218.50836,0.632,477,104,,-0.362,0.932,0
102,Senate,14809,63,0,ID,200,R,0,0,"CRAIG, Larry Edwin",C000858,1945,,0.494,-0.014,-100.56145,0.81,478,48,,0.609,0.218,0
102,Senate,12103,71,0,CA,100,D,0,0,"CRANSTON, Alan",C000877,1914,2000,-0.387,-0.207,-101.54755,0.786,422,48,,-0.381,-0.515,0
102,Senate,14900,13,0,NY,200,R,0,0,"D'AMATO, Alfonse Marcello",D000018,1937,,0.182,-0.337,-191.59341,0.665,469,95,,0.159,-0.292,0
102,Senate,14501,34,0,MO,200,R,0,0,"DANFORTH, John Claggett",D000030,1936,,0.196,-0.641,-174.18742,0.687,464,85,,0.212,-0.639,0
102,Senate,14617,37,0,SD,100,D,0,0,"DASCHLE, Thomas Andrew",D000064,1947,,-0.303,0.114,-137.03639,0.752,480,68,,-0.351,0.304,0
102,Senate,14502,61,0,AZ,100,D,0,0,"DeCONCINI, Dennis Webster",D000185,1937,,-0.216,0.564,-184.28774,0.672,464,97,,-0.271,0.718,0
102,Senate,14902,21,0,IL,100,D,0,0,"DIXON, Alan John",D000366,1927,2014,-0.188,0.312,-184.79303,0.655,437,92,,-0.194,0.446,1
102,Senate,14213,1,0,CT,100,D,0,0,"DODD, Christopher John",D000388,1944,,-0.328,-0.317,-160.8354,0.715,480,77,,-0.24,-0.147,0
102,Senate,10513,32,0,KS,200,R,0,0,"DOLE, Robert Joseph",D000401,1923,2021,0.322,-0.279,-124.25564,0.772,481,49,,0.383,-0.294,0
102,Senate,14103,66,0,NM,200,R,0,0,"DOMENICI, Pete Vichi",D000407,1932,2017,0.257,-0.247,-126.49114,0.766,474,46,,0.279,-0.39,0
102,Senate,14703,33,0,MN,200,R,0,0,"DURENBERGER, David Ferdinand",D000566,1934,2023,0.115,-0.793,-218.82344,0.626,467,101,,0.142,-0.931,0
102,Senate,14704,35,0,NE,100,D,0,0,"EXON, J. James",E000284,1921,2005,-0.214,0.868,-174.9077,0.694,478,87,,-0.227,0.639,1
102,Senate,14302,51,0,KY,100,D,0,0,"FORD, Wendell Hampton",F000268,1924,2015,-0.277,0.705,-146.54458,0.736,478,63,,-0.242,0.97,0
102,Senate,14467,44,0,GA,100,D,0,0,"FOWLER, Wyche, Jr.",F000329,1940,,-0.237,0.196,-174.31338,0.69,469,86,,-0.314,0.625,0
102,Senate,14303,67,0,UT,200,R,0,0,"GARN, Edwin Jacob (Jake)",G000072,1932,,0.495,-0.127,-124.4377,0.754,441,65,,0.488,-0.289,0
102,Senate,14304,24,0,OH,100,D,0,0,"GLENN, John Herschel, Jr.",G000236,1921,2016,-0.262,-0.067,-148.38892,0.73,471,77,,-0.252,-0.131,1
102,Senate,14423,54,0,TN,100,D,0,0,"GORE, Albert Arnold, Jr.",G000321,1948,,-0.316,0.155,-105.70228,0.75,367,48,,-0.34,0.053,1
102,Senate,14904,73,0,WA,200,R,0,0,"GORTON, Thomas Slade, III (Slade)",G000333,1928,2020,0.271,-0.652,-144.18251,0.74,479,63,,0.259,-0.64,0
102,Senate,15503,43,0,FL,100,D,0,0,"GRAHAM, Daniel Robert (Bob)",G000352,1936,2024,-0.231,-0.012,-200.07796,0.659,480,92,,-0.194,0.024,0
102,Senate,14628,49,0,TX,200,R,0,0,"GRAMM, William Philip (Phil)",G000365,1942,,0.551,-0.108,-98.8395,0.807,460,40,,0.493,-0.059,0
102,Senate,14226,31,0,IA,200,R,0,0,"GRASSLEY, Charles Ernest",G000386,1933,,0.361,-0.036,-209.33347,0.64713,481,83,,0.269,-0.149,0
102,Senate,14230,31,0,IA,100,D,0,0,"HARKIN, Thomas Richard (Tom)",H000206,1939,,-0.351,-0.546,-70.04098,0.825,363,30,,-0.455,-0.246,0
102,Senate,14503,67,0,UT,200,R,0,0,"HATCH, Orrin Grant",H000338,1934,2022,0.382,-0.004,-102.19195,0.79844,454,42,,0.378,-0.082,0
102,Senate,11203,72,0,OR,200,R,0,0,"HATFIELD, Mark Odom",H000343,1922,2011,0.056,-0.773,-209.98724,0.644,477,112,,0.032,-0.875,0
102,Senate,14705,41,0,AL,100,D,0,0,"HEFLIN, Howell Thomas",H000445,1921,2005,-0.095,0.995,-167.73612,0.706,481,67,,-0.077,0.974,0
102,Senate,13050,14,0,PA,200,R,0,0,"HEINZ, Henry John, III",H000456,1938,1991,0.078,-0.735,-9.46963,0.685,25,5,,0.086,-0.504,0
102,Senate,14105,47,0,NC,200,R,0,0,"HELMS, Jesse",H000463,1921,2008,0.631,0.776,-60.00444,0.844,355,28,,0.747,0.665,0
102,Senate,11204,48,0,SC,100,D,0,0,"HOLLINGS, Ernest Frederick",H000725,1922,2019,-0.293,0.925,-280.26473,0.559,482,133,,-0.178,0.984,0
102,Senate,4812,82,0,HI,100,D,0,0,"INOUYE, Daniel Ken",I000025,1924,2012,-0.319,0.062,-138.30518,0.735,449,61,,-0.237,0.033,0
102,Senate,14240,6,0,VT,200,R,0,0,"JEFFORDS, James Merrill",J000072,1934,2014,0.014,-0.687,-179.97155,0.671,451,78,,-0.023,-0.96,0
102,Senate,14107,45,0,LA,100,D,0,0,"JOHNSTON, John Bennett, Jr.",J000189,1932,,-0.192,0.765,-165.76461,0.704,473,87,,-0.189,0.738,0
102,Senate,14708,32,0,KS,200,R,0,0,"KASSEBAUM, Nancy Landon",K000017,1932,,0.2,-0.566,-185.11782,0.676,472,80,,0.217,-0.764,0
102,Senate,14242,25,0,WI,200,R,0,0,"KASTEN, Robert Walter, Jr.",K000019,1942,,0.261,-0.112,-197.25454,0.651,459,98,,0.23,0.118,0
102,Senate,10808,3,0,MA,100,D,0,0,"KENNEDY, Edward Moore (Ted)",K000105,1932,2009,-0.443,-0.49,-76.41159,0.851,475,31,,-0.422,-0.445,1
102,Senate,15702,35,0,NE,100,D,0,0,"KERREY, J. Robert",K000146,1943,,-0.223,-0.055,-117.31804,0.742,393,47,,-0.253,-0.072,0
102,Senate,14920,3,0,MA,100,D,0,0,"KERRY, John Forbes",K000148,1943,,-0.352,-0.382,-92.87778,0.824,481,33,,-0.376,-0.371,0
102,Senate,15703,25,0,WI,100,D,0,0,"KOHL, Herbert H.",K000305,1935,2023,-0.256,-0.406,-193.63705,0.667,479,100,,-0.236,-0.148,0
102,Senate,14914,12,0,NJ,100,D,0,0,"LAUTENBERG, Frank Raleigh",L000123,1924,2013,-0.382,-0.579,-100.44979,0.812,482,50,,-0.38,-0.593,0
102,Senate,14307,6,0,VT,100,D,0,0,"LEAHY, Patrick Joseph",L000174,1940,,-0.36,-0.121,-118.92498,0.77433,465,47,,-0.379,-0.215,0
102,Senate,14709,23,0,MI,100,D,0,0,"LEVIN, Carl",L000261,1934,2021,-0.395,-0.116,-120.02246,0.778,478,53,,-0.342,-0.152,1
102,Senate,15704,1,0,CT,100,D,0,0,"LIEBERMAN, Joseph I.",L000304,1942,2024,-0.205,-0.312,-150.67017,0.731,480,64,,-0.192,-0.203,0
102,Senate,14031,46,0,MS,200,R,0,0,"LOTT, Chester Trent",L000447,1941,,0.39,0.194,-104.5177,0.801,472,41,,0.416,0.28,1
102,Senate,14506,22,0,IN,200,R,0,0,"LUGAR, Richard Green",L000504,1932,2019,0.304,-0.466,-142.09504,0.739,470,62,,0.336,-0.523,0
102,Senate,15037,43,0,FL,200,R,0,0,"MACK, Connie, III",M000019,1940,,0.466,-0.321,-147.54297,0.73,469,65,,0.421,-0.191,1
102,Senate,15039,61,0,AZ,200,R,0,0,"McCAIN, John Sidney, III",M000303,1936,2018,0.381,-0.626,-173.25321,0.69223,471,78,,0.32,-0.302,1
102,Senate,14921,51,0,KY,200,R,0,0,"McCONNELL, Addison Mitchell (Mitch)",M000355,1942,,0.403,0.023,-119.29013,0.77914,478,49,,0.335,-0.115,0
102,Senate,14073,24,0,OH,100,D,0,0,"METZENBAUM, Howard Morton",M000678,1917,2008,-0.492,-0.266,-107.49828,0.797,474,49,,-0.526,-0.396,0
102,Senate,14440,52,0,MD,100,D,0,0,"MIKULSKI, Barbara Ann",M000702,1936,,-0.37,-0.128,-121.81211,0.773,473,60,,-0.329,-0.002,0
102,Senate,14713,2,0,ME,100,D,0,0,"MITCHELL, George John",M000811,1933,,-0.347,-0.03,-102.39386,0.809,482,39,,-0.351,-0.327,0
102,Senate,14508,13,0,NY,100,D,0,0,"MOYNIHAN, Daniel Patrick",M001054,1927,2003,-0.301,-0.414,-128.57426,0.765,481,55,,-0.313,-0.457,0
102,Senate,14907,81,0,AK,200,R,0,0,"MURKOWSKI, Frank Hughes",M001085,1933,,0.346,-0.275,-126.84146,0.759,459,54,,0.319,-0.411,0
102,Senate,14908,53,0,OK,200,R,0,0,"NICKLES, Donald Lee",N000102,1948,,0.52,0.111,-128.87261,0.758,465,61,,0.428,0.245,0
102,Senate,14108,44,0,GA,100,D,0,0,"NUNN, Samuel Augustus",N000171,1938,,-0.145,0.754,-166.9869,0.702,472,83,,-0.202,0.653,1
102,Senate,12107,72,0,OR,200,R,0,0,"PACKWOOD, Robert William",P000009,1932,,0.135,-0.78,-210.26218,0.639,469,112,,0.064,-0.565,0
102,Senate,10818,5,0,RI,100,D,0,0,"PELL, Claiborne de Borda",P000193,1918,2009,-0.332,-0.326,-116.45943,0.778,463,50,,-0.34,-0.54,0
102,Senate,14268,37,0,SD,200,R,0,0,"PRESSLER, Larry Lee",P000513,1942,,0.213,-0.259,-183.07485,0.683,481,83,,0.374,-0.102,0
102,Senate,10791,42,0,AR,100,D,0,0,"PRYOR, David Hampton",P000556,1934,2024,-0.322,0.598,-96.90082,0.743,326,40,,-0.374,0.827,0
102,Senate,15054,65,0,NV,100,D,0,0,"REID, Harry",R000146,1939,2021,-0.276,0.258,-196.26059,0.661,474,88,,-0.234,0.45,0
102,Senate,11043,23,0,MI,100,D,0,0,"RIEGLE, Donald Wayne, Jr.",R000249,1938,,-0.426,-0.121,-119.58452,0.774,466,59,,-0.396,0.013,0
102,Senate,15705,40,0,VA,100,D,0,0,"ROBB, Charles Spittal",R000295,1939,,-0.2,-0.04,-167.76045,0.706,482,86,,-0.176,-0.016,0
102,Senate,14922,56,0,WV,100,D,0,0,"ROCKEFELLER, John Davison IV (Jay)",R000361,1937,,-0.326,0.177,-116.02876,0.783,475,50,,-0.366,0.112,0
102,Senate,11044,11,0,DE,200,R,0,0,"ROTH, William Victor, Jr.",R000460,1921,2003,0.272,-0.39,-236.67769,0.591,450,102,,0.403,-0.754,0
102,Senate,14909,4,0,NH,200,R,0,0,"RUDMAN, Warren Bruce",R000497,1930,2012,0.301,-0.673,-192.26639,0.664,469,96,,0.259,-0.837,0
102,Senate,15504,47,0,NC,100,D,0,0,"SANFORD, (James) Terry",S000055,1917,1998,-0.297,0.137,-143.54621,0.722,441,74,,-0.296,0.2,0
102,Senate,13039,52,0,MD,100,D,0,0,"SARBANES, Paul Spyros",S000064,1933,2020,-0.435,-0.221,-82.718,0.842,482,33,,-0.453,-0.387,0
102,Senate,14509,54,0,TN,100,D,0,0,"SASSER, James Ralph",S000068,1936,2024,-0.355,0.562,-132.98223,0.758,481,60,,-0.421,0.424,0
102,Senate,49100,71,0,CA,200,R,0,0,"SEYMOUR, John",S000269,1937,,0.299,-0.282,-136.30876,0.728,429,64,,0.298,-0.284,0
102,Senate,14659,41,0,AL,100,D,0,0,"SHELBY, Richard C.",S000320,1934,,0.013,0.658,-185.04558,0.681,482,87,,-0.024,0.691,1
102,Senate,14275,21,0,IL,100,D,0,0,"SIMON, Paul Martin",S000423,1928,2003,-0.397,-0.224,-134.34961,0.754,475,65,,-0.42,-0.331,0
102,Senate,14710,68,0,WY,200,R,0,0,"SIMPSON, Alan Kooi",S000429,1931,2025,0.322,-0.34,-122.60856,0.772,474,47,,0.327,-0.336,0
102,Senate,15116,4,0,NH,200,R,0,0,"SMITH, Robert C.",S000606,1941,,0.623,-0.468,-147.63806,0.735,480,68,,0.761,-0.41,1
102,Senate,14910,14,0,PA,200,R,0,0,"SPECTER, Arlen",S000709,1930,2012,0.068,-0.627,-230.43501,0.611,468,117,,0.056,-0.426,0
102,Senate,12109,81,0,AK,200,R,0,0,"STEVENS, Theodore Fulton (Ted)",S000888,1923,2010,0.219,-0.5,-165.79765,0.702,469,71,,0.244,-0.375,0
102,Senate,14056,63,0,ID,200,R,0,0,"SYMMS, Steven Douglas",S001138,1938,2024,0.687,0.355,-79.01685,0.842,459,37,,0.641,0.217,0
102,Senate,9369,48,0,SC,200,R,0,0,"THURMOND, James Strom",T000254,1902,2003,0.391,0.227,-116.34282,0.785,480,54,,0.341,-0.002,1
102,Senate,14511,68,0,WY,200,R,0,0,"WALLOP, Malcolm",W000092,1933,2011,0.575,-0.388,-114.28286,0.78,459,51,,0.643,-0.08,1
102,Senate,14712,40,0,VA,200,R,0,0,"WARNER, John William",W000154,1927,2021,0.262,-0.131,-147.00235,0.733,473,61,,0.264,-0.323,1
102,Senate,49101,33,0,MN,100,D,0,0,"WELLSTONE, Paul David",W000288,1944,2002,-0.583,-0.672,-107.21059,0.794,466,43,,-0.61,-0.469,0
102,Senate,14282,62,0,CO,100,D,0,0,"WIRTH, Timothy E.",W000647,1939,,-0.293,-0.315,-153.93315,0.691,417,68,,-0.329,-0.224,1
103,Senate,49104,14,0,PA,100,D,0,0,"WOFFORD, Harris",W000665,1926,2019,-0.334,0.003,-88.935,0.811,424,44,,-0.38,0.062,0
103,Senate,14400,82,0,HI,100,D,0,0,"AKAKA, Daniel Kahikina",A000069,1924,2018,-0.419,0.273,-109.41043,0.844,647,50,,-0.375,0.106,0
103,Senate,14203,64,0,MT,100,D,0,0,"BAUCUS, Max Sieben",B000243,1941,,-0.212,0.017,-180.45967,0.75,628,76,,-0.255,0.245,0
103,Senate,49307,67,0,UT,200,R,0,0,"BENNETT, Robert",B000382,1933,2016,0.331,-0.11,-127.51659,0.815,622,56,,0.344,-0.075,0
103,Senate,14101,11,0,DE,100,D,0,0,"BIDEN, Joseph Robinette, Jr.",B000444,1942,,-0.314,-0.042,-130.82989,0.81,622,60,,-0.328,-0.111,0
103,Senate,14912,66,0,NM,100,D,0,0,"BINGAMAN, Jesse Francis, Jr. (Jeff)",B000468,1943,,-0.266,0.045,-205.84594,0.725,641,102,,-0.208,0.142,1
103,Senate,15501,34,0,MO,200,R,0,0,"BOND, Christopher Samuel (Kit)",B000611,1939,,0.31,-0.169,-188.30987,0.739,622,91,,0.24,-0.153,0
103,Senate,14700,53,0,OK,100,D,0,0,"BOREN, David Lyle",B000639,1941,,-0.142,0.771,-256.8072,0.658,614,121,,-0.196,0.421,0
103,Senate,15011,71,0,CA,100,D,0,0,"BOXER, Barbara",B000711,1940,,-0.45,-0.423,-134.57945,0.81,639,68,,-0.436,-0.359,0
103,Senate,14702,12,0,NJ,100,D,0,0,"BRADLEY, William Warren (Bill)",B001225,1943,,-0.313,-0.568,-161.78526,0.769,615,72,,-0.327,-0.67,0
103,Senate,13056,45,0,LA,100,D,0,0,"BREAUX, John Berlinger",B000780,1944,,-0.123,0.702,-179.55694,0.752,629,63,,-0.23,0.92,0
103,Senate,14803,62,0,CO,200,R,0,0,"BROWN, George Hanks (Hank)",B000919,1940,,0.511,-0.762,-169.66016,0.768,644,72,,0.534,-0.767,0
103,Senate,15700,65,0,NV,100,D,0,0,"BRYAN, Richard H",B000993,1937,,-0.241,0.176,-177.30515,0.758,639,79,,-0.234,0.282,1
103,Senate,14300,42,0,AR,100,D,0,0,"BUMPERS, Dale",B001057,1925,2016,-0.362,0.389,-150.20691,0.79,637,71,,-0.374,0.568,0
103,Senate,15701,64,0,MT,200,R,0,0,"BURNS, Conrad",B001126,1935,2016,0.361,0.222,-165.94261,0.772,641,76,,0.297,0.287,0
103,Senate,1366,56,0,WV,100,D,0,0,"BYRD, Robert Carlyle",B001210,1917,2010,-0.309,0.729,-215.3984,0.717,647,96,,-0.319,0.948,1
103,Senate,15407,62,0,CO,100,D,0,0,"CAMPBELL, Ben Nighthorse",C000077,1933,,-0.141,0.07,-231.75415,0.688,620,104,,-0.175,0.213,0
103,Senate,14500,5,0,RI,200,R,0,0,"CHAFEE, John Hubbard",C000269,1922,1999,0.084,-0.996,-213.6249,0.711,627,96,,0.066,-0.965,0
103,Senate,14806,22,0,IN,200,R,0,0,"COATS, Daniel Ray",C000542,1943,,0.375,-0.227,-170.69588,0.765,637,74,,0.346,-0.425,1
103,Senate,14009,46,0,MS,200,R,0,0,"COCHRAN, William Thad",C000567,1937,2019,0.287,0.051,-152.11454,0.78846,640,64,,0.271,0.172,0
103,Senate,14010,2,0,ME,200,R,0,0,"COHEN, William Sebastian",C000598,1940,,0.1,-0.615,-218.9471,0.706,628,109,,0.135,-0.661,1
103,Senate,15502,36,0,ND,100,D,0,0,"CONRAD, Kent",C000705,1948,,-0.296,0.582,-213.77857,0.716,641,91,,-0.331,0.876,0
103,Senate,49301,44,0,GA,200,R,0,0,"COVERDELL, Paul",C000813,1939,2000,0.407,-0.003,-128.26766,0.815,627,52,,0.377,-0.046,0
103,Senate,14809,63,0,ID,200,R,0,0,"CRAIG, Larry Edwin",C000858,1945,,0.494,-0.014,-103.44142,0.851,640,36,,0.497,0.241,0
103,Senate,14900,13,0,NY,200,R,0,0,"D'AMATO, Alfonse Marcello",D000018,1937,,0.182,-0.337,-226.10792,0.697,627,106,,0.258,-0.369,0
103,Senate,14501,34,0,MO,200,R,0,0,"DANFORTH, John Claggett",D000030,1936,,0.196,-0.641,-261.54282,0.659,628,131,,0.208,-0.84,0
103,Senate,14617,37,0,SD,100,D,0,0,"DASCHLE, Thomas Andrew",D000064,1947,,-0.303,0.114,-125.11585,0.823,643,61,,-0.353,0.395,0
103,Senate,14502,61,0,AZ,100,D,0,0,"DeCONCINI, Dennis Webster",D000185,1937,,-0.216,0.564,-273.05076,0.65,633,132,,-0.217,0.103,0
103,Senate,14213,1,0,CT,100,D,0,0,"DODD, Christopher John",D000388,1944,,-0.328,-0.317,-136.15068,0.804,623,60,,-0.315,-0.013,0
103,Senate,10513,32,0,KS,200,R,0,0,"DOLE, Robert Joseph",D000401,1923,2021,0.322,-0.279,-127.64125,0.819,639,46,,0.385,-0.081,0
103,Senate,14103,66,0,NM,200,R,0,0,"DOMENICI, Pete Vichi",D000407,1932,2017,0.257,-0.247,-183.50586,0.749,634,83,,0.215,-0.089,0
103,Senate,14812,36,0,ND,100,D,0,0,"DORGAN, Byron Leslie",D000432,1942,,-0.267,0.09,-215.13181,0.705,616,106,,-0.287,0.39,0
103,Senate,14703,33,0,MN,200,R,0,0,"DURENBERGER, David Ferdinand",D000566,1934,2023,0.115,-0.793,-241.9759,0.671,606,121,,0.074,-0.804,0
103,Senate,14704,35,0,NE,100,D,0,0,"EXON, J. James",E000284,1921,2005,-0.214,0.868,-228.77794,0.699,639,113,,-0.144,0.581,1
103,Senate,49304,47,0,NC,200,R,0,0,"FAIRCLOTH, Duncan McLauchlin (Lauch)",F000437,1928,2023,0.709,0.5,-100.75066,0.853,634,41,,0.714,0.382,1
103,Senate,49309,25,0,WI,100,D,0,0,"FEINGOLD, Russell Dana",F000061,1953,,-0.308,-0.951,-218.17311,0.714,647,99,,-0.47,-0.883,0
103,Senate,49300,71,0,CA,100,D,0,0,"FEINSTEIN, Dianne",F000062,1933,2023,-0.268,-0.184,-163.75247,0.77269,635,76,,-0.29,0.1,0
103,Senate,14302,51,0,KY,100,D,0,0,"FORD, Wendell Hampton",F000268,1924,2015,-0.277,0.705,-137.64466,0.808,644,55,,-0.289,0.848,0
103,Senate,14304,24,0,OH,100,D,0,0,"GLENN, John Herschel, Jr.",G000236,1921,2016,-0.262,-0.067,-158.31994,0.781,639,74,,-0.297,-0.062,1
103,Senate,14904,73,0,WA,200,R,0,0,"GORTON, Thomas Slade, III (Slade)",G000333,1928,2020,0.271,-0.652,-195.02601,0.739,644,92,,0.252,-0.551,0
103,Senate,15503,43,0,FL,100,D,0,0,"GRAHAM, Daniel Robert (Bob)",G000352,1936,2024,-0.231,-0.012,-175.70231,0.761,644,77,,-0.233,0.113,1
103,Senate,14628,49,0,TX,200,R,0,0,"GRAMM, William Philip (Phil)",G000365,1942,,0.551,-0.108,-115.77637,0.823,596,45,,0.475,0.101,0
103,Senate,14226,31,0,IA,200,R,0,0,"GRASSLEY, Charles Ernest",G000386,1933,,0.361,-0.036,-194.94743,0.73846,643,77,,0.347,-0.301,0
103,Senate,14826,4,0,NH,200,R,0,0,"GREGG, Judd Alan",G000445,1947,,0.429,-0.737,-198.38499,0.73,631,96,,0.445,-0.86,0
103,Senate,14230,31,0,IA,100,D,0,0,"HARKIN, Thomas Richard (Tom)",H000206,1939,,-0.351,-0.546,-120.84257,0.826,632,53,,-0.386,-0.3,0
103,Senate,14503,67,0,UT,200,R,0,0,"HATCH, Orrin Grant",H000338,1934,2022,0.382,-0.004,-123.74868,0.82419,640,55,,0.364,-0.072,0
103,Senate,11203,72,0,OR,200,R,0,0,"HATFIELD, Mark Odom",H000343,1922,2011,0.056,-0.773,-341.13958,0.579,624,172,,0.037,-0.933,0
103,Senate,14705,41,0,AL,100,D,0,0,"HEFLIN, Howell Thomas",H000445,1921,2005,-0.095,0.995,-222.49127,0.698,620,104,,-0.092,0.996,0
103,Senate,14105,47,0,NC,200,R,0,0,"HELMS, Jesse",H000463,1921,2008,0.631,0.776,-112.77865,0.83,604,56,,0.787,0.559,0
103,Senate,11204,48,0,SC,100,D,0,0,"HOLLINGS, Ernest Frederick",H000725,1922,2019,-0.293,0.925,-211.25236,0.712,623,103,,-0.269,0.963,0
103,Senate,49306,49,0,TX,200,R,0,0,"HUTCHISON, Kathryn Ann Bailey (Kay)",H001016,1943,,0.356,0.012,-129.04906,0.768,488,52,,0.34,-0.084,1
103,Senate,15424,53,0,OK,200,R,0,0,"INHOFE, James Mountain",I000024,1934,2024,0.552,0.045,-1.68586,0.43045,2,1,,0.452,0.892,0
103,Senate,4812,82,0,HI,100,D,0,0,"INOUYE, Daniel Ken",I000025,1924,2012,-0.319,0.062,-122.0351,0.811,583,54,,-0.341,0.117,0
103,Senate,14240,6,0,VT,200,R,0,0,"JEFFORDS, James Merrill",J000072,1934,2014,0.014,-0.687,-277.53114,0.646,635,139,,-0.045,-0.873,0
103,Senate,14107,45,0,LA,100,D,0,0,"JOHNSTON, John Bennett, Jr.",J000189,1932,,-0.192,0.765,-160.27897,0.775,628,70,,-0.231,0.857,0
103,Senate,14708,32,0,KS,200,R,0,0,"KASSEBAUM, Nancy Landon",K000017,1932,,0.2,-0.566,-237.40752,0.687,633,116,,0.17,-0.54,0
103,Senate,49302,63,0,ID,200,R,0,0,"KEMPTHORNE, Dirk",K000088,1951,,0.46,0.155,-99.45191,0.857,644,40,,0.489,0.23,1
103,Senate,10808,3,0,MA,100,D,0,0,"KENNEDY, Edward Moore (Ted)",K000105,1932,2009,-0.443,-0.49,-102.00367,0.851,633,41,,-0.37,-0.344,1
103,Senate,15702,35,0,NE,100,D,0,0,"KERREY, J. Robert",K000146,1943,,-0.223,-0.055,-216.83527,0.712,639,94,,-0.172,0.055,0
103,Senate,14920,3,0,MA,100,D,0,0,"KERRY, John Forbes",K000148,1943,,-0.352,-0.382,-121.57314,0.828,644,50,,-0.323,-0.363,0
103,Senate,15703,25,0,WI,100,D,0,0,"KOHL, Herbert H.",K000305,1935,2023,-0.256,-0.406,-294.09232,0.635,647,138,,-0.204,-0.564,0
103,Senate,14247,49,0,TX,100,D,0,0,"KRUEGER, Robert Charles",K000333,1935,2022,-0.117,0.4,-38.20491,0.685,101,19,,-0.102,0.553,0
103,Senate,14914,12,0,NJ,100,D,0,0,"LAUTENBERG, Frank Raleigh",L000123,1924,2013,-0.382,-0.579,-195.4924,0.737,642,95,,-0.271,-0.62,0
103,Senate,14307,6,0,VT,100,D,0,0,"LEAHY, Patrick Joseph",L000174,1940,,-0.36,-0.121,-115.55727,0.8348,640,49,,-0.389,-0.156,0
103,Senate,14709,23,0,MI,100,D,0,0,"LEVIN, Carl",L000261,1934,2021,-0.395,-0.116,-117.65166,0.833,646,49,,-0.364,-0.247,1
103,Senate,15704,1,0,CT,100,D,0,0,"LIEBERMAN, Joseph I.",L000304,1942,2024,-0.205,-0.312,-198.97952,0.732,638,88,,-0.176,-0.2,1
103,Senate,14031,46,0,MS,200,R,0,0,"LOTT, Chester Trent",L000447,1941,,0.39,0.194,-105.8434,0.845,627,43,,0.455,0.366,1
103,Senate,14506,22,0,IN,200,R,0,0,"LUGAR, Richard Green",L000504,1932,2019,0.304,-0.466,-183.05576,0.752,643,84,,0.27,-0.453,0
103,Senate,15037,43,0,FL,200,R,0,0,"MACK, Connie, III",M000019,1940,,0.466,-0.321,-170.35764,0.768,645,68,,0.373,-0.112,0
103,Senate,49305,54,0,TN,100,D,0,0,"MATHEWS, Harlan",M000236,1927,2014,-0.324,0.805,-158.81569,0.78,640,77,,-0.328,0.836,0
103,Senate,15039,61,0,AZ,200,R,0,0,"McCAIN, John Sidney, III",M000303,1936,2018,0.381,-0.626,-184.08494,0.74347,621,80,,0.426,-0.619,1
103,Senate,14921,51,0,KY,200,R,0,0,"McCONNELL, Addison Mitchell (Mitch)",M000355,1942,,0.403,0.023,-125.64097,0.82048,635,45,,0.379,0.125,0
103,Senate,14073,24,0,OH,100,D,0,0,"METZENBAUM, Howard Morton",M000678,1917,2008,-0.492,-0.266,-134.83086,0.805,621,57,,-0.524,-0.576,0
103,Senate,14440,52,0,MD,100,D,0,0,"MIKULSKI, Barbara Ann",M000702,1936,,-0.37,-0.128,-128.74499,0.817,636,61,,-0.325,0.035,0
103,Senate,14713,2,0,ME,100,D,0,0,"MITCHELL, George John",M000811,1933,,-0.347,-0.03,-99.47,0.857,647,36,,-0.402,-0.075,0
103,Senate,49303,21,0,IL,100,D,0,0,"MOSELEY BRAUN, Carol",M001025,1947,,-0.335,-0.504,-124.41004,0.823,637,48,,-0.382,-0.392,0
103,Senate,14508,13,0,NY,100,D,0,0,"MOYNIHAN, Daniel Patrick",M001054,1927,2003,-0.301,-0.414,-140.3263,0.805,646,57,,-0.387,-0.399,0
103,Senate,14907,81,0,AK,200,R,0,0,"MURKOWSKI, Frank Hughes",M001085,1933,,0.346,-0.275,-159.65336,0.765,596,70,,0.361,-0.141,0
103,Senate,49308,73,0,WA,100,D,0,0,"MURRAY, Patty",M001111,1950,,-0.354,-0.315,-101.79035,0.84631,610,39,,-0.39,-0.34,0
103,Senate,14908,53,0,OK,200,R,0,0,"NICKLES, Donald Lee",N000102,1948,,0.52,0.111,-139.33962,0.804,637,61,,0.508,-0.161,0
103,Senate,14108,44,0,GA,100,D,0,0,"NUNN, Samuel Augustus",N000171,1938,,-0.145,0.754,-206.31883,0.716,618,105,,-0.118,0.471,1
103,Senate,12107,72,0,OR,200,R,0,0,"PACKWOOD, Robert William",P000009,1932,,0.135,-0.78,-238.92356,0.683,627,113,,0.15,-0.811,0
103,Senate,10818,5,0,RI,100,D,0,0,"PELL, Claiborne de Borda",P000193,1918,2009,-0.332,-0.326,-121.01932,0.828,640,48,,-0.397,-0.319,0
103,Senate,14268,37,0,SD,200,R,0,0,"PRESSLER, Larry Lee",P000513,1942,,0.213,-0.259,-233.30224,0.692,634,112,,0.391,-0.294,0
103,Senate,10791,42,0,AR,100,D,0,0,"PRYOR, David Hampton",P000556,1934,2024,-0.322,0.598,-128.62271,0.807,601,59,,-0.384,0.666,0
103,Senate,15054,65,0,NV,100,D,0,0,"REID, Harry",R000146,1939,2021,-0.276,0.258,-164.39054,0.773,637,73,,-0.285,0.313,0
103,Senate,11043,23,0,MI,100,D,0,0,"RIEGLE, Donald Wayne, Jr.",R000249,1938,,-0.426,-0.121,-103.29896,0.847,620,47,,-0.397,0.068,0
103,Senate,15705,40,0,VA,100,D,0,0,"ROBB, Charles Spittal",R000295,1939,,-0.2,-0.04,-188.93615,0.745,642,87,,-0.212,-0.11,1
103,Senate,14922,56,0,WV,100,D,0,0,"ROCKEFELLER, John Davison IV (Jay)",R000361,1937,,-0.326,0.177,-111.17947,0.837,625,42,,-0.358,0.21,0
103,Senate,11044,11,0,DE,200,R,0,0,"ROTH, William Victor, Jr.",R000460,1921,2003,0.272,-0.39,-321.98118,0.605,641,144,,0.306,-0.79,0
103,Senate,13039,52,0,MD,100,D,0,0,"SARBANES, Paul Spyros",S000064,1933,2020,-0.435,-0.221,-85.30603,0.876,646,35,,-0.42,-0.007,0
103,Senate,14509,54,0,TN,100,D,0,0,"SASSER, James Ralph",S000068,1936,2024,-0.355,0.562,-172.14472,0.764,639,80,,-0.334,0.875,0
103,Senate,14659,41,0,AL,100,D,0,0,"SHELBY, Richard C.",S000320,1934,,0.013,0.658,-226.63392,0.681,591,116,,0.06,0.651,1
103,Senate,14275,21,0,IL,100,D,0,0,"SIMON, Paul Martin",S000423,1928,2003,-0.397,-0.224,-146.21394,0.795,638,62,,-0.436,-0.573,0
103,Senate,14710,68,0,WY,200,R,0,0,"SIMPSON, Alan Kooi",S000429,1931,2025,0.322,-0.34,-151.1075,0.784,621,63,,0.298,-0.387,0
103,Senate,15116,4,0,NH,200,R,0,0,"SMITH, Robert C.",S000606,1941,,0.623,-0.468,-101.86172,0.852,637,42,,0.687,-0.43,1
103,Senate,14910,14,0,PA,200,R,0,0,"SPECTER, Arlen",S000709,1930,2012,0.068,-0.627,-227.42666,0.678,585,106,,0.1,-0.75,0
103,Senate,12109,81,0,AK,200,R,0,0,"STEVENS, Theodore Fulton (Ted)",S000888,1923,2010,0.219,-0.5,-222.26393,0.699,620,98,,0.193,-0.091,0
103,Senate,9369,48,0,SC,200,R,0,0,"THURMOND, James Strom",T000254,1902,2003,0.391,0.227,-125.20766,0.821,635,61,,0.347,0.248,1
103,Senate,14511,68,0,WY,200,R,0,0,"WALLOP, Malcolm",W000092,1933,2011,0.575,-0.388,-114.88092,0.824,595,56,,0.708,-0.032,0
103,Senate,14712,40,0,VA,200,R,0,0,"WARNER, John William",W000154,1927,2021,0.262,-0.131,-201.42959,0.727,633,101,,0.221,-0.188,1
103,Senate,49101,33,0,MN,100,D,0,0,"WELLSTONE, Paul David",W000288,1944,2002,-0.583,-0.672,-126.44471,0.821,643,54,,-0.542,-0.732,0
104,Senate,49104,14,0,PA,100,D,0,0,"WOFFORD, Harris",W000665,1926,2019,-0.334,0.003,-141.83185,0.801,638,63,,-0.307,0.003,0
104,Senate,49500,23,0,MI,200,R,0,0,"ABRAHAM, Spencer",A000355,1952,,0.311,-0.266,-158.77682,0.821,806,65,,0.33,-0.302,0
104,Senate,14400,82,0,HI,100,D,0,0,"AKAKA, Daniel Kahikina",A000069,1924,2018,-0.419,0.273,-140.1917,0.838,795,55,,-0.414,0.232,0
104,Senate,49501,34,0,MO,200,R,0,0,"ASHCROFT, John David",A000356,1942,,0.536,-0.181,-101.66077,0.88,794,43,,0.538,-0.274,0
104,Senate,14203,64,0,MT,100,D,0,0,"BAUCUS, Max Sieben",B000243,1941,,-0.212,0.017,-396.90448,0.609,800,201,,-0.164,0.011,0
104,Senate,49307,67,0,UT,200,R,0,0,"BENNETT, Robert",B000382,1933,2016,0.331,-0.11,-127.17533,0.85,783,49,,0.325,-0.045,0
104,Senate,14101,11,0,DE,100,D,0,0,"BIDEN, Joseph Robinette, Jr.",B000444,1942,,-0.314,-0.042,-306.81538,0.676,783,135,,-0.266,-0.06,0
104,Senate,14912,66,0,NM,100,D,0,0,"BINGAMAN, Jesse Francis, Jr. (Jeff)",B000468,1943,,-0.266,0.045,-273.1777,0.711,801,123,,-0.269,0.066,1
104,Senate,15501,34,0,MO,200,R,0,0,"BOND, Christopher Samuel (Kit)",B000611,1939,,0.31,-0.169,-148.30241,0.825,772,59,,0.291,-0.124,0
104,Senate,15011,71,0,CA,100,D,0,0,"BOXER, Barbara",B000711,1940,,-0.45,-0.423,-152.04661,0.825,791,66,,-0.446,-0.207,0
104,Senate,14702,12,0,NJ,100,D,0,0,"BRADLEY, William Warren (Bill)",B001225,1943,,-0.313,-0.568,-201.81216,0.76,736,86,,-0.335,-0.653,0
104,Senate,13056,45,0,LA,100,D,0,0,"BREAUX, John Berlinger",B000780,1944,,-0.123,0.702,-296.84417,0.69,799,137,,-0.21,0.978,0
104,Senate,14803,62,0,CO,200,R,0,0,"BROWN, George Hanks (Hank)",B000919,1940,,0.511,-0.762,-206.47136,0.774,806,96,,0.557,-0.831,0
104,Senate,15700,65,0,NV,100,D,0,0,"BRYAN, Richard H",B000993,1937,,-0.241,0.176,-291.37028,0.696,804,149,,-0.252,0.245,1
104,Senate,14300,42,0,AR,100,D,0,0,"BUMPERS, Dale",B001057,1925,2016,-0.362,0.389,-180.16547,0.792,772,83,,-0.396,0.389,0
104,Senate,15701,64,0,MT,200,R,0,0,"BURNS, Conrad",B001126,1935,2016,0.361,0.222,-115.15532,0.867,806,51,,0.351,0.21,0
104,Senate,1366,56,0,WV,100,D,0,0,"BYRD, Robert Carlyle",B001210,1917,2010,-0.309,0.729,-363.27486,0.637,806,152,,-0.319,0.948,1
104,Senate,15407,62,0,CO,100,D,0,0,"CAMPBELL, Ben Nighthorse",C000077,1933,,-0.141,0.07,-45.06229,0.569,80,23,,-0.174,-0.506,0
104,Senate,95407,62,0,CO,200,R,0,0,"CAMPBELL, Ben Nighthorse",C000077,1933,,0.23,0.132,-281.87659,0.667,697,121,,0.152,-0.123,0
104,Senate,14500,5,0,RI,200,R,0,0,"CHAFEE, John Hubbard",C000269,1922,1999,0.084,-0.996,-258.70091,0.724,801,105,,0.091,-0.996,0
104,Senate,14806,22,0,IN,200,R,0,0,"COATS, Daniel Ray",C000542,1943,,0.375,-0.227,-131.5801,0.847,795,54,,0.457,-0.432,1
104,Senate,14009,46,0,MS,200,R,0,0,"COCHRAN, William Thad",C000567,1937,2019,0.287,0.051,-124.87988,0.85327,787,53,,0.325,0.248,0
104,Senate,14010,2,0,ME,200,R,0,0,"COHEN, William Sebastian",C000598,1940,,0.1,-0.615,-297.22213,0.686,790,151,,0.04,-0.665,1
104,Senate,15502,36,0,ND,100,D,0,0,"CONRAD, Kent",C000705,1948,,-0.296,0.582,-212.93979,0.764,792,98,,-0.347,0.624,0
104,Senate,49301,44,0,GA,200,R,0,0,"COVERDELL, Paul",C000813,1939,2000,0.407,-0.003,-84.14974,0.9,802,30,,0.428,0.056,0
104,Senate,14809,63,0,ID,200,R,0,0,"CRAIG, Larry Edwin",C000858,1945,,0.494,-0.014,-97.04032,0.887,806,34,,0.477,0.237,0
104,Senate,14900,13,0,NY,200,R,0,0,"D'AMATO, Alfonse Marcello",D000018,1937,,0.182,-0.337,-186.97983,0.79,795,89,,0.229,-0.201,0
104,Senate,14617,37,0,SD,100,D,0,0,"DASCHLE, Thomas Andrew",D000064,1947,,-0.303,0.114,-176.64904,0.803,804,66,,-0.381,0.359,0
104,Senate,15020,24,0,OH,200,R,0,0,"DeWINE, Michael",D000294,1947,,0.289,-0.418,-190.2834,0.789,805,84,,0.241,-0.395,0
104,Senate,14213,1,0,CT,100,D,0,0,"DODD, Christopher John",D000388,1944,,-0.328,-0.317,-231.17906,0.749,801,108,,-0.318,-0.064,0
104,Senate,10513,32,0,KS,200,R,0,0,"DOLE, Robert Joseph",D000401,1923,2021,0.322,-0.279,-91.26943,0.873,670,32,,0.381,-0.015,0
104,Senate,14103,66,0,NM,200,R,0,0,"DOMENICI, Pete Vichi",D000407,1932,2017,0.257,-0.247,-132.17376,0.845,787,53,,0.266,-0.198,0
104,Senate,14812,36,0,ND,100,D,0,0,"DORGAN, Byron Leslie",D000432,1942,,-0.267,0.09,-250.54573,0.731,798,110,,-0.337,0.416,0
104,Senate,14704,35,0,NE,100,D,0,0,"EXON, J. James",E000284,1921,2005,-0.214,0.868,-304.31121,0.679,785,153,,-0.199,0.444,1
104,Senate,49304,47,0,NC,200,R,0,0,"FAIRCLOTH, Duncan McLauchlin (Lauch)",F000437,1928,2023,0.709,0.5,-108.39088,0.87,779,43,,0.714,0.347,0
104,Senate,49309,25,0,WI,100,D,0,0,"FEINGOLD, Russell Dana",F000061,1953,,-0.308,-0.951,-250.91289,0.732,805,114,,-0.394,-0.919,0
104,Senate,49300,71,0,CA,100,D,0,0,"FEINSTEIN, Dianne",F000062,1933,2023,-0.268,-0.184,-290.86916,0.69518,800,143,,-0.233,-0.026,0
104,Senate,14302,51,0,KY,100,D,0,0,"FORD, Wendell Hampton",F000268,1924,2015,-0.277,0.705,-226.35342,0.754,803,107,,-0.256,0.876,0
104,Senate,49504,32,0,KS,200,R,0,0,"FRAHM, Sheila",F000438,1945,,0.492,0.04,-17.7766,0.856,114,8,,0.49,0.056,1
104,Senate,49502,54,0,TN,200,R,0,0,"FRIST, William H.",F000439,1952,,0.366,-0.222,-108.92888,0.873,799,42,,0.338,-0.186,0
104,Senate,14304,24,0,OH,100,D,0,0,"GLENN, John Herschel, Jr.",G000236,1921,2016,-0.262,-0.067,-246.57939,0.734,798,106,,-0.303,-0.112,1
104,Senate,14904,73,0,WA,200,R,0,0,"GORTON, Thomas Slade, III (Slade)",G000333,1928,2020,0.271,-0.652,-220.87337,0.76,804,93,,0.268,-0.436,0
104,Senate,15503,43,0,FL,100,D,0,0,"GRAHAM, Daniel Robert (Bob)",G000352,1936,2024,-0.231,-0.012,-287.19929,0.7,804,141,,-0.233,0.034,0
104,Senate,14628,49,0,TX,200,R,0,0,"GRAMM, William Philip (Phil)",G000365,1942,,0.551,-0.108,-100.07928,0.872,731,38,,0.581,-0.036,0
104,Senate,29367,33,0,MN,200,R,0,0,"GRAMS, Rod",G000367,1948,2013,0.506,-0.195,-101.18306,0.88,794,48,,0.522,-0.312,0
104,Senate,14226,31,0,IA,200,R,0,0,"GRASSLEY, Charles Ernest",G000386,1933,,0.361,-0.036,-217.39807,0.76359,806,87,,0.336,-0.251,0
104,Senate,14826,4,0,NH,200,R,0,0,"GREGG, Judd Alan",G000445,1947,,0.429,-0.737,-166.48697,0.81,792,66,,0.395,-0.714,0
104,Senate,14230,31,0,IA,100,D,0,0,"HARKIN, Thomas Richard (Tom)",H000206,1939,,-0.351,-0.546,-203.03755,0.777,803,88,,-0.356,-0.357,0
104,Senate,14503,67,0,UT,200,R,0,0,"HATCH, Orrin Grant",H000338,1934,2022,0.382,-0.004,-142.89069,0.83605,798,55,,0.346,0.009,0
104,Senate,11203,72,0,OR,200,R,0,0,"HATFIELD, Mark Odom",H000343,1922,2011,0.056,-0.773,-348.88261,0.627,747,189,,0.104,-0.902,0
104,Senate,14705,41,0,AL,100,D,0,0,"HEFLIN, Howell Thomas",H000445,1921,2005,-0.095,0.995,-274.2514,0.704,781,141,,-0.083,0.997,0
104,Senate,14105,47,0,NC,200,R,0,0,"HELMS, Jesse",H000463,1921,2008,0.631,0.776,-91.46646,0.888,772,37,,0.658,0.698,0
104,Senate,11204,48,0,SC,100,D,0,0,"HOLLINGS, Ernest Frederick",H000725,1922,2019,-0.293,0.925,-325.27098,0.663,791,170,,-0.245,0.815,0
104,Senate,49306,49,0,TX,200,R,0,0,"HUTCHISON, Kathryn Ann Bailey (Kay)",H001016,1943,,0.356,0.012,-113.61747,0.868,800,37,,0.413,-0.038,1
104,Senate,15424,53,0,OK,200,R,0,0,"INHOFE, James Mountain",I000024,1934,2024,0.552,0.045,-72.565,0.91234,791,33,,0.585,-0.069,1
104,Senate,4812,82,0,HI,100,D,0,0,"INOUYE, Daniel Ken",I000025,1924,2012,-0.319,0.062,-238.7473,0.732,764,106,,-0.296,0.47,0
104,Senate,14240,6,0,VT,200,R,0,0,"JEFFORDS, James Merrill",J000072,1934,2014,0.014,-0.687,-344.52944,0.647,792,168,,-0.005,-0.747,0
104,Senate,14107,45,0,LA,100,D,0,0,"JOHNSTON, John Bennett, Jr.",J000189,1932,,-0.192,0.765,-276.8926,0.701,781,136,,-0.214,0.977,0
104,Senate,14708,32,0,KS,200,R,0,0,"KASSEBAUM, Nancy Landon",K000017,1932,,0.2,-0.566,-208.43175,0.758,753,94,,0.177,-0.664,0
104,Senate,49302,63,0,ID,200,R,0,0,"KEMPTHORNE, Dirk",K000088,1951,,0.46,0.155,-98.05759,0.885,801,41,,0.468,0.164,1
104,Senate,10808,3,0,MA,100,D,0,0,"KENNEDY, Edward Moore (Ted)",K000105,1932,2009,-0.443,-0.49,-131.0169,0.846,784,51,,-0.431,-0.441,1
104,Senate,15702,35,0,NE,100,D,0,0,"KERREY, J. Robert",K000146,1943,,-0.223,-0.055,-323.33571,0.663,786,152,,-0.229,-0.068,0
104,Senate,14920,3,0,MA,100,D,0,0,"KERRY, John Forbes",K000148,1943,,-0.352,-0.382,-173.83227,0.804,799,77,,-0.344,-0.384,0
104,Senate,15703,25,0,WI,100,D,0,0,"KOHL, Herbert H.",K000305,1935,2023,-0.256,-0.406,-263.6326,0.721,805,115,,-0.272,-0.608,0
104,Senate,15429,61,0,AZ,200,R,0,0,"KYL, Jon Llewellyn",K000352,1942,,0.548,-0.413,-115.92681,0.86447,796,42,,0.628,-0.537,0
104,Senate,14914,12,0,NJ,100,D,0,0,"LAUTENBERG, Frank Raleigh",L000123,1924,2013,-0.382,-0.579,-167.24437,0.811,799,65,,-0.391,-0.505,0
104,Senate,14307,6,0,VT,100,D,0,0,"LEAHY, Patrick Joseph",L000174,1940,,-0.36,-0.121,-192.19295,0.78332,787,84,,-0.382,-0.182,0
104,Senate,14709,23,0,MI,100,D,0,0,"LEVIN, Carl",L000261,1934,2021,-0.395,-0.116,-151.58145,0.828,804,62,,-0.41,-0.184,1
104,Senate,15704,1,0,CT,100,D,0,0,"LIEBERMAN, Joseph I.",L000304,1942,2024,-0.205,-0.312,-371.20356,0.628,798,178,,-0.191,-0.104,1
104,Senate,14031,46,0,MS,200,R,0,0,"LOTT, Chester Trent",L000447,1941,,0.39,0.194,-85.88638,0.899,804,28,,0.471,0.311,1
104,Senate,14506,22,0,IN,200,R,0,0,"LUGAR, Richard Green",L000504,1932,2019,0.304,-0.466,-168.16119,0.806,781,67,,0.287,-0.483,0
104,Senate,15037,43,0,FL,200,R,0,0,"MACK, Connie, III",M000019,1940,,0.466,-0.321,-146.06906,0.826,764,62,,0.418,-0.17,0
104,Senate,15039,61,0,AZ,200,R,0,0,"McCAIN, John Sidney, III",M000303,1936,2018,0.381,-0.626,-239.63904,0.73519,779,100,,0.503,-0.864,1
104,Senate,14921,51,0,KY,200,R,0,0,"McCONNELL, Addison Mitchell (Mitch)",M000355,1942,,0.403,0.023,-121.27871,0.85998,804,44,,0.38,0.282,0
104,Senate,14440,52,0,MD,100,D,0,0,"MIKULSKI, Barbara Ann",M000702,1936,,-0.37,-0.128,-191.98847,0.78,774,92,,-0.327,0.033,0
104,Senate,49303,21,0,IL,100,D,0,0,"MOSELEY BRAUN, Carol",M001025,1947,,-0.335,-0.504,-225.13064,0.754,798,113,,-0.342,-0.588,0
104,Senate,14508,13,0,NY,100,D,0,0,"MOYNIHAN, Daniel Patrick",M001054,1927,2003,-0.301,-0.414,-265.09491,0.712,782,120,,-0.333,-0.585,0
104,Senate,14907,81,0,AK,200,R,0,0,"MURKOWSKI, Frank Hughes",M001085,1933,,0.346,-0.275,-118.04501,0.859,779,48,,0.373,0.06,0
104,Senate,49308,73,0,WA,100,D,0,0,"MURRAY, Patty",M001111,1950,,-0.354,-0.315,-163.66868,0.81519,801,69,,-0.385,-0.169,0
104,Senate,14908,53,0,OK,200,R,0,0,"NICKLES, Donald Lee",N000102,1948,,0.52,0.111,-101.84305,0.881,802,48,,0.544,-0.178,0
104,Senate,14108,44,0,GA,100,D,0,0,"NUNN, Samuel Augustus",N000171,1938,,-0.145,0.754,-321.05839,0.661,775,170,,-0.126,0.461,1
104,Senate,12107,72,0,OR,200,R,0,0,"PACKWOOD, Robert William",P000009,1932,,0.135,-0.78,-147.05144,0.707,424,72,,0.189,-0.825,0
104,Senate,10818,5,0,RI,100,D,0,0,"PELL, Claiborne de Borda",P000193,1918,2009,-0.332,-0.326,-224.56308,0.751,785,93,,-0.35,-0.491,0
104,Senate,14268,37,0,SD,200,R,0,0,"PRESSLER, Larry Lee",P000513,1942,,0.213,-0.259,-176.11757,0.803,805,66,,0.327,-0.003,0
104,Senate,10791,42,0,AR,100,D,0,0,"PRYOR, David Hampton",P000556,1934,2024,-0.322,0.598,-165.6293,0.8,741,66,,-0.378,0.534,0
104,Senate,15054,65,0,NV,100,D,0,0,"REID, Harry",R000146,1939,2021,-0.276,0.258,-328.02254,0.664,800,179,,-0.221,0.35,0
104,Senate,15705,40,0,VA,100,D,0,0,"ROBB, Charles Spittal",R000295,1939,,-0.2,-0.04,-277.94189,0.707,802,136,,-0.201,-0.007,1
104,Senate,14922,56,0,WV,100,D,0,0,"ROCKEFELLER, John Davison IV (Jay)",R000361,1937,,-0.326,0.177,-202.15617,0.772,782,92,,-0.335,0.21,0
104,Senate,11044,11,0,DE,200,R,0,0,"ROTH, William Victor, Jr.",R000460,1921,2003,0.272,-0.39,-244.93279,0.735,795,111,,0.268,-0.738,0
104,Senate,29141,14,0,PA,200,R,0,0,"SANTORUM, Richard John (Rick)",S000059,1958,,0.338,-0.234,-135.29295,0.844,798,56,,0.342,-0.371,1
104,Senate,13039,52,0,MD,100,D,0,0,"SARBANES, Paul Spyros",S000064,1933,2020,-0.435,-0.221,-142.47182,0.837,801,68,,-0.414,-0.18,0
104,Senate,94659,41,0,AL,200,R,0,0,"SHELBY, Richard C.",S000320,1934,,0.446,0.57,-171.22223,0.80381,784,72,,0.358,0.463,0
104,Senate,14275,21,0,IL,100,D,0,0,"SIMON, Paul Martin",S000423,1928,2003,-0.397,-0.224,-270.61847,0.712,798,111,,-0.361,-0.722,0
104,Senate,14710,68,0,WY,200,R,0,0,"SIMPSON, Alan Kooi",S000429,1931,2025,0.322,-0.34,-215.82002,0.758,779,94,,0.215,-0.366,0
104,Senate,15116,4,0,NH,200,R,0,0,"SMITH, Robert C.",S000606,1941,,0.623,-0.468,-128.04234,0.852,799,51,,0.631,-0.305,1
104,Senate,14661,2,0,ME,200,R,0,0,"SNOWE, Olympia Jean",S000663,1947,,0.091,-0.548,-262.2556,0.722,806,127,,0.069,-0.714,0
104,Senate,14910,14,0,PA,200,R,0,0,"SPECTER, Arlen",S000709,1930,2012,0.068,-0.627,-334.94807,0.656,794,158,,0.03,-0.652,0
104,Senate,12109,81,0,AK,200,R,0,0,"STEVENS, Theodore Fulton (Ted)",S000888,1923,2010,0.219,-0.5,-167.60439,0.806,777,70,,0.234,-0.17,0
104,Senate,15633,68,0,WY,200,R,0,0,"THOMAS, Craig Lyle",T000162,1933,2007,0.446,-0.128,-128.17812,0.851,797,62,,0.424,-0.325,0
104,Senate,49503,54,0,TN,200,R,0,0,"THOMPSON, Fred Dalton",T000457,1942,2015,0.403,-0.678,-174.67395,0.804,799,68,,0.392,-0.706,0
104,Senate,9369,48,0,SC,200,R,0,0,"THURMOND, James Strom",T000254,1902,2003,0.391,0.227,-87.67581,0.897,804,29,,0.405,0.23,1
104,Senate,14712,40,0,VA,200,R,0,0,"WARNER, John William",W000154,1927,2021,0.262,-0.131,-137.84588,0.841,794,47,,0.299,-0.01,1
104,Senate,49101,33,0,MN,100,D,0,0,"WELLSTONE, Paul David",W000288,1944,2002,-0.583,-0.672,-162.64552,0.817,804,70,,-0.474,-0.66,0
105,Senate,14871,72,0,OR,100,D,0,0,"WYDEN, Ronald Lee",W000779,1949,,-0.332,-0.486,-67.22023,0.76827,255,28,,-0.361,-0.279,0
105,Senate,49500,23,0,MI,200,R,0,1,"ABRAHAM, Spencer",A000355,1952,,0.311,-0.266,-113.01782,0.793,486,44,,0.37,-0.272,0
105,Senate,14400,82,0,HI,100,D,0,1,"AKAKA, Daniel Kahikina",A000069,1924,2018,-0.419,0.273,-81.87709,0.838,462,33,,-0.402,0.13,0
105,Senate,29108,62,0,CO,200,R,0,1,"ALLARD, A. Wayne",A000109,1943,,0.572,-0.121,-84.32764,0.84,485,38,,0.556,-0.16,1
105,Senate,49501,34,0,MO,200,R,0,1,"ASHCROFT, John David",A000356,1942,,0.536,-0.181,-104.29091,0.807,485,44,,0.692,0.125,0
105,Senate,14203,64,0,MT,100,D,0,1,"BAUCUS, Max Sieben",B000243,1941,,-0.212,0.017,-141.51338,0.74,470,68,,-0.2,0.089,0
105,Senate,49307,67,0,UT,200,R,0,1,"BENNETT, Robert",B000382,1933,2016,0.331,-0.11,-109.8259,0.791,469,46,,0.271,0.047,0
105,Senate,14101,11,0,DE,100,D,0,1,"BIDEN, Joseph Robinette, Jr.",B000444,1942,,-0.314,-0.042,-150.62394,0.726,471,67,,-0.245,-0.064,0
105,Senate,14912,66,0,NM,100,D,0,1,"BINGAMAN, Jesse Francis, Jr. (Jeff)",B000468,1943,,-0.266,0.045,-132.67731,0.752,466,61,,-0.286,0.093,1
105,Senate,15501,34,0,MO,200,R,0,1,"BOND, Christopher Samuel (Kit)",B000611,1939,,0.31,-0.169,-129.9464,0.763,480,51,,0.281,-0.005,0
105,Senate,15011,71,0,CA,100,D,0,1,"BOXER, Barbara",B000711,1940,,-0.45,-0.423,-100.04284,0.811,477,51,,-0.376,-0.358,0
105,Senate,13056,45,0,LA,100,D,0,1,"BREAUX, John Berlinger",B000780,1944,,-0.123,0.702,-128.56254,0.766,483,52,,-0.157,0.74,0
105,Senate,29523,32,0,KS,200,R,0,1,"BROWNBACK, Sam Dale",B000953,1956,,0.439,-0.306,-97.39979,0.818,485,38,,0.505,-0.291,0
105,Senate,15700,65,0,NV,100,D,0,1,"BRYAN, Richard H",B000993,1937,,-0.241,0.176,-151.38874,0.731,484,79,,-0.236,0.094,0
105,Senate,14300,42,0,AR,100,D,0,1,"BUMPERS, Dale",B001057,1925,2016,-0.362,0.389,-139.84749,0.748,482,67,,-0.423,0.006,0
105,Senate,15701,64,0,MT,200,R,0,1,"BURNS, Conrad",B001126,1935,2016,0.361,0.222,-86.9629,0.832,474,37,,0.385,0.278,0
105,Senate,1366,56,0,WV,100,D,0,1,"BYRD, Robert Carlyle",B001210,1917,2010,-0.309,0.729,-234.24772,0.617,485,117,,-0.279,0.96,1
105,Senate,95407,62,0,CO,200,R,0,1,"CAMPBELL, Ben Nighthorse",C000077,1933,,0.23,0.132,-165.02255,0.711,483,73,,0.249,0.172,0
105,Senate,14500,5,0,RI,200,R,0,1,"CHAFEE, John Hubbard",C000269,1922,1999,0.084,-0.996,-145.99076,0.738,480,68,,0.08,-0.981,0
105,Senate,49701,44,0,GA,100,D,0,1,"CLELAND, Joseph Maxwell (Max)",C001034,1942,2021,-0.22,0.302,-149.85077,0.735,486,66,,-0.271,0.412,1
105,Senate,14806,22,0,IN,200,R,0,1,"COATS, Daniel Ray",C000542,1943,,0.375,-0.227,-154.53063,0.719,469,72,,0.433,-0.652,1
105,Senate,14009,46,0,MS,200,R,0,1,"COCHRAN, William Thad",C000567,1937,2019,0.287,0.051,-115.35396,0.78833,485,58,,0.261,-0.083,0
105,Senate,49703,2,0,ME,200,R,0,1,"COLLINS, Susan Margaret",C001035,1952,,0.121,-0.505,-130.64716,0.76428,486,61,,0.132,-0.772,0
105,Senate,15502,36,0,ND,100,D,0,1,"CONRAD, Kent",C000705,1948,,-0.296,0.582,-112.22332,0.792,481,53,,-0.326,0.76,0
105,Senate,49301,44,0,GA,200,R,0,1,"COVERDELL, Paul",C000813,1939,2000,0.407,-0.003,-105.95475,0.801,478,38,,0.401,-0.023,0
105,Senate,14809,63,0,ID,200,R,0,1,"CRAIG, Larry Edwin",C000858,1945,,0.494,-0.014,-90.27222,0.83,486,41,,0.452,0.17,0
105,Senate,14900,13,0,NY,200,R,0,1,"D'AMATO, Alfonse Marcello",D000018,1937,,0.182,-0.337,-200.27917,0.657,476,91,,0.116,-0.204,0
105,Senate,14617,37,0,SD,100,D,0,1,"DASCHLE, Thomas Andrew",D000064,1947,,-0.303,0.114,-94.43697,0.822,482,43,,-0.331,0.299,0
105,Senate,15020,24,0,OH,200,R,0,1,"DeWINE, Michael",D000294,1947,,0.289,-0.418,-131.42163,0.763,486,56,,0.278,-0.415,0
105,Senate,14213,1,0,CT,100,D,0,1,"DODD, Christopher John",D000388,1944,,-0.328,-0.317,-113.21926,0.791,482,54,,-0.289,-0.338,0
105,Senate,14103,66,0,NM,200,R,0,1,"DOMENICI, Pete Vichi",D000407,1932,2017,0.257,-0.247,-104.65755,0.801,471,38,,0.247,-0.144,0
105,Senate,14812,36,0,ND,100,D,0,1,"DORGAN, Byron Leslie",D000432,1942,,-0.267,0.09,-140.11665,0.747,480,62,,-0.346,0.673,0
105,Senate,15021,21,0,IL,100,D,0,1,"DURBIN, Richard Joseph",D000563,1944,,-0.347,-0.306,-91.94934,0.82665,483,39,,-0.422,-0.429,0
105,Senate,49706,68,0,WY,200,R,0,1,"ENZI, Michael B.",E000285,1944,2021,0.545,0.199,-90.70751,0.82846,482,37,,0.491,0.042,0
105,Senate,49304,47,0,NC,200,R,0,1,"FAIRCLOTH, Duncan McLauchlin (Lauch)",F000437,1928,2023,0.709,0.5,-112.3978,0.789,475,46,,0.672,0.741,0
105,Senate,49309,25,0,WI,100,D,0,1,"FEINGOLD, Russell Dana",F000061,1953,,-0.308,-0.951,-211.26964,0.647,486,100,,-0.396,-0.918,0
105,Senate,49300,71,0,CA,100,D,0,1,"FEINSTEIN, Dianne",F000062,1933,2023,-0.268,-0.184,-123.13799,0.77455,482,48,,-0.255,-0.137,0
105,Senate,14302,51,0,KY,100,D,0,1,"FORD, Wendell Hampton",F000268,1924,2015,-0.277,0.705,-156.0969,0.723,482,67,,-0.279,0.932,0
105,Senate,49502,54,0,TN,200,R,0,1,"FRIST, William H.",F000439,1952,,0.366,-0.222,-100.01202,0.814,485,42,,0.335,-0.272,0
105,Senate,14304,24,0,OH,100,D,0,1,"GLENN, John Herschel, Jr.",G000236,1921,2016,-0.262,-0.067,-118.24979,0.756,423,46,,-0.351,-0.265,1
105,Senate,14904,73,0,WA,200,R,0,1,"GORTON, Thomas Slade, III (Slade)",G000333,1928,2020,0.271,-0.652,-159.03272,0.72,485,71,,0.273,-0.371,0
105,Senate,15503,43,0,FL,100,D,0,1,"GRAHAM, Daniel Robert (Bob)",G000352,1936,2024,-0.231,-0.012,-160.14256,0.719,485,73,,-0.196,0.037,0
105,Senate,14628,49,0,TX,200,R,0,1,"GRAMM, William Philip (Phil)",G000365,1942,,0.551,-0.108,-94.61552,0.822,483,42,,0.597,-0.305,0
105,Senate,29367,33,0,MN,200,R,0,1,"GRAMS, Rod",G000367,1948,2013,0.506,-0.195,-104.67262,0.804,481,47,,0.499,0.003,0
105,Senate,14226,31,0,IA,200,R,0,1,"GRASSLEY, Charles Ernest",G000386,1933,,0.361,-0.036,-140.24113,0.74934,486,65,,0.349,-0.143,0
105,Senate,14826,4,0,NH,200,R,0,1,"GREGG, Judd Alan",G000445,1947,,0.429,-0.737,-121.83878,0.777,484,61,,0.412,-0.736,0
105,Senate,49704,35,0,NE,200,R,0,1,"HAGEL, Charles Timothy (Chuck)",H001028,1946,,0.344,-0.498,-118.57499,0.783,485,50,,0.359,-0.295,0
105,Senate,14230,31,0,IA,100,D,0,1,"HARKIN, Thomas Richard (Tom)",H000206,1939,,-0.351,-0.546,-107.8413,0.793,466,54,,-0.43,-0.584,0
105,Senate,14503,67,0,UT,200,R,0,1,"HATCH, Orrin Grant",H000338,1934,2022,0.382,-0.004,-117.70098,0.78334,482,52,,0.285,0.004,0
105,Senate,14105,47,0,NC,200,R,0,1,"HELMS, Jesse",H000463,1921,2008,0.631,0.776,-66.04322,0.857,429,24,,0.69,0.595,0
105,Senate,11204,48,0,SC,100,D,0,1,"HOLLINGS, Ernest Frederick",H000725,1922,2019,-0.293,0.925,-183.90948,0.668,455,89,,-0.279,0.96,0
105,Senate,29306,42,0,AR,200,R,0,1,"HUTCHINSON, Timothy",H001015,1949,,0.419,0.072,-112.16535,0.787,469,44,,0.509,0.071,0
105,Senate,49306,49,0,TX,200,R,0,1,"HUTCHISON, Kathryn Ann Bailey (Kay)",H001016,1943,,0.356,0.012,-116.67392,0.783,477,53,,0.388,0.013,1
105,Senate,15424,53,0,OK,200,R,0,1,"INHOFE, James Mountain",I000024,1934,2024,0.552,0.045,-78.19041,0.84763,473,36,,0.675,0.1,1
105,Senate,4812,82,0,HI,100,D,0,1,"INOUYE, Daniel Ken",I000025,1924,2012,-0.319,0.062,-105.75414,0.783,432,39,,-0.321,0.362,0
105,Senate,14240,6,0,VT,200,R,0,1,"JEFFORDS, James Merrill",J000072,1934,2014,0.014,-0.687,-177.646,0.689,477,82,,0.009,-0.807,0
105,Senate,15425,37,0,SD,100,D,0,1,"JOHNSON, Timothy Peter (Tim)",J000177,1946,2024,-0.25,0.143,-139.06617,0.75,484,63,,-0.312,0.105,0
105,Senate,49302,63,0,ID,200,R,0,1,"KEMPTHORNE, Dirk",K000088,1951,,0.46,0.155,-88.21724,0.833,482,42,,0.42,0.103,1
105,Senate,10808,3,0,MA,100,D,0,1,"KENNEDY, Edward Moore (Ted)",K000105,1932,2009,-0.443,-0.49,-69.58448,0.863,472,27,,-0.487,-0.33,1
105,Senate,15702,35,0,NE,100,D,0,1,"KERREY, J. Robert",K000146,1943,,-0.223,-0.055,-145.59485,0.739,482,64,,-0.242,-0.057,0
105,Senate,14920,3,0,MA,100,D,0,1,"KERRY, John Forbes",K000148,1943,,-0.352,-0.382,-80.29896,0.847,483,34,,-0.365,-0.367,0
105,Senate,15703,25,0,WI,100,D,0,1,"KOHL, Herbert H.",K000305,1935,2023,-0.256,-0.406,-194.38915,0.67,486,86,,-0.275,-0.821,0
105,Senate,15429,61,0,AZ,200,R,0,1,"KYL, Jon Llewellyn",K000352,1942,,0.548,-0.413,-83.55917,0.83838,474,39,,0.579,-0.518,0
105,Senate,49702,45,0,LA,100,D,0,1,"LANDRIEU, Mary L.",L000550,1955,,-0.203,0.444,-127.80205,0.766,480,49,,-0.228,0.216,1
105,Senate,14914,12,0,NJ,100,D,0,1,"LAUTENBERG, Frank Raleigh",L000123,1924,2013,-0.382,-0.579,-90.6326,0.83,486,36,,-0.391,-0.35,0
105,Senate,14307,6,0,VT,100,D,0,1,"LEAHY, Patrick Joseph",L000174,1940,,-0.36,-0.121,-130.93366,0.76169,481,64,,-0.309,-0.195,0
105,Senate,14709,23,0,MI,100,D,0,1,"LEVIN, Carl",L000261,1934,2021,-0.395,-0.116,-98.89174,0.813,479,42,,-0.378,-0.059,1
105,Senate,15704,1,0,CT,100,D,0,1,"LIEBERMAN, Joseph I.",L000304,1942,2024,-0.205,-0.312,-160.84986,0.716,482,76,,-0.19,-0.305,1
105,Senate,14031,46,0,MS,200,R,0,1,"LOTT, Chester Trent",L000447,1941,,0.39,0.194,-73.05737,0.859,479,31,,0.408,0.034,0
105,Senate,14506,22,0,IN,200,R,0,1,"LUGAR, Richard Green",L000504,1932,2019,0.304,-0.466,-135.66246,0.756,486,58,,0.277,-0.458,0
105,Senate,15037,43,0,FL,200,R,0,1,"MACK, Connie, III",M000019,1940,,0.466,-0.321,-133.10027,0.758,480,64,,0.371,-0.401,0
105,Senate,15039,61,0,AZ,200,R,0,1,"McCAIN, John Sidney, III",M000303,1936,2018,0.381,-0.626,-161.71135,0.70679,466,72,,0.376,-0.927,1
105,Senate,14921,51,0,KY,200,R,0,1,"McCONNELL, Addison Mitchell (Mitch)",M000355,1942,,0.403,0.023,-77.88728,0.85136,484,30,,0.448,0.203,0
105,Senate,14440,52,0,MD,100,D,0,1,"MIKULSKI, Barbara Ann",M000702,1936,,-0.37,-0.128,-87.84435,0.827,461,30,,-0.348,-0.131,0
105,Senate,49303,21,0,IL,100,D,0,1,"MOSELEY BRAUN, Carol",M001025,1947,,-0.335,-0.504,-124.0558,0.768,470,56,,-0.3,-0.46,0
105,Senate,14508,13,0,NY,100,D,0,1,"MOYNIHAN, Daniel Patrick",M001054,1927,2003,-0.301,-0.414,-187.38043,0.669,466,84,,-0.234,-0.065,0
105,Senate,14907,81,0,AK,200,R,0,1,"MURKOWSKI, Frank Hughes",M001085,1933,,0.346,-0.275,-88.13124,0.828,468,34,,0.338,0.073,0
105,Senate,49308,73,0,WA,100,D,0,1,"MURRAY, Patty",M001111,1950,,-0.354,-0.315,-104.17294,0.80707,486,48,,-0.332,-0.408,0
105,Senate,14908,53,0,OK,200,R,0,1,"NICKLES, Donald Lee",N000102,1948,,0.52,0.111,-87.30829,0.836,486,36,,0.569,-0.164,0
105,Senate,29142,5,0,RI,100,D,0,1,"REED, John F. (Jack)",R000122,1949,,-0.362,-0.166,-80.92021,0.84604,484,31,,-0.425,-0.065,1
105,Senate,15054,65,0,NV,100,D,0,1,"REID, Harry",R000146,1939,2021,-0.276,0.258,-160.24771,0.717,481,79,,-0.248,0.324,0
105,Senate,15705,40,0,VA,100,D,0,1,"ROBB, Charles Spittal",R000295,1939,,-0.2,-0.04,-192.39787,0.673,486,86,,-0.191,-0.103,1
105,Senate,14852,32,0,KS,200,R,0,1,"ROBERTS, Charles Patrick (Pat)",R000307,1936,,0.413,-0.09,-112.21169,0.78881,473,50,,0.364,-0.064,1
105,Senate,14922,56,0,WV,100,D,0,1,"ROCKEFELLER, John Davison IV (Jay)",R000361,1937,,-0.326,0.177,-110.75344,0.787,462,51,,-0.306,-0.002,0
105,Senate,11044,11,0,DE,200,R,0,1,"ROTH, William Victor, Jr.",R000460,1921,2003,0.272,-0.39,-136.4003,0.749,473,62,,0.233,-0.405,0
105,Senate,29141,14,0,PA,200,R,0,1,"SANTORUM, Richard John (Rick)",S000059,1958,,0.338,-0.234,-131.83581,0.761,482,57,,0.355,-0.32,1
105,Senate,13039,52,0,MD,100,D,0,1,"SARBANES, Paul Spyros",S000064,1933,2020,-0.435,-0.221,-72.40612,0.861,484,28,,-0.456,0.017,0
105,Senate,49700,41,0,AL,200,R,0,1,"SESSIONS, Jefferson Beauregard III (Jeff)",S001141,1946,,0.549,0.13,-69.71238,0.86482,480,30,,0.582,0.231,1
105,Senate,94659,41,0,AL,200,R,0,1,"SHELBY, Richard C.",S000320,1934,,0.446,0.57,-119.69629,0.7809,484,53,,0.416,0.511,0
105,Senate,49705,72,0,OR,200,R,0,1,"SMITH, Gordon Harold",S001142,1952,,0.192,-0.21,-112.78969,0.792,483,42,,0.242,-0.215,0
105,Senate,15116,4,0,NH,200,R,0,1,"SMITH, Robert C.",S000606,1941,,0.623,-0.468,-89.29385,0.831,483,36,,0.715,-0.194,1
105,Senate,14661,2,0,ME,200,R,0,1,"SNOWE, Olympia Jean",S000663,1947,,0.091,-0.548,-151.66368,0.732,486,75,,0.096,-0.705,1
105,Senate,14910,14,0,PA,200,R,0,1,"SPECTER, Arlen",S000709,1930,2012,0.068,-0.627,-189.0135,0.655,446,104,,-0.001,-0.68,0
105,Senate,12109,81,0,AK,200,R,0,1,"STEVENS, Theodore Fulton (Ted)",S000888,1923,2010,0.219,-0.5,-129.695,0.765,484,56,,0.226,-0.327,0
105,Senate,15633,68,0,WY,200,R,0,1,"THOMAS, Craig Lyle",T000162,1933,2007,0.446,-0.128,-95.73644,0.821,484,40,,0.452,-0.225,0
105,Senate,49503,54,0,TN,200,R,0,1,"THOMPSON, Fred Dalton",T000457,1942,2015,0.403,-0.678,-148.68513,0.736,486,66,,0.423,-0.708,0
105,Senate,9369,48,0,SC,200,R,0,1,"THURMOND, James Strom",T000254,1902,2003,0.391,0.227,-93.101,0.825,485,43,,0.407,0.177,1
105,Senate,15071,12,0,NJ,100,D,0,1,"TORRICELLI, Robert Guy",T000317,1951,,-0.262,-0.118,-150.94879,0.731,481,68,,-0.28,-0.151,0
105,Senate,14712,40,0,VA,200,R,0,1,"WARNER, John William",W000154,1927,2021,0.262,-0.131,-130.86064,0.761,478,57,,0.299,-0.181,1
105,Senate,49101,33,0,MN,100,D,0,1,"WELLSTONE, Paul David",W000288,1944,2002,-0.583,-0.672,-86.31622,0.833,472,37,,-0.724,-0.673,0
106,Senate,14871,72,0,OR,100,D,0,1,"WYDEN, Ronald Lee",W000779,1949,,-0.332,-0.486,-146.91123,0.73492,477,66,,-0.287,-0.526,0
106,Senate,49500,23,0,MI,200,R,0,1,"ABRAHAM, Spencer",A000355,1952,,0.311,-0.266,-134.46229,0.78,540,62,,0.23,-0.188,0
106,Senate,14400,82,0,HI,100,D,0,1,"AKAKA, Daniel Kahikina",A000069,1924,2018,-0.419,0.273,-62.21096,0.886,514,20,,-0.398,0.064,0
106,Senate,29108,62,0,CO,200,R,0,1,"ALLARD, A. Wayne",A000109,1943,,0.572,-0.121,-73.86944,0.871,536,30,,0.594,-0.108,1
106,Senate,49501,34,0,MO,200,R,0,1,"ASHCROFT, John David",A000356,1942,,0.536,-0.181,-108.52628,0.815,531,47,,0.411,-0.204,0
106,Senate,14203,64,0,MT,100,D,0,1,"BAUCUS, Max Sieben",B000243,1941,,-0.212,0.017,-136.3576,0.776,538,61,,-0.225,0.003,0
106,Senate,49901,22,0,IN,100,D,0,1,"BAYH, Evan",B001233,1955,,-0.158,-0.142,-140.22343,0.771,540,53,,-0.235,0.006,0
106,Senate,49307,67,0,UT,200,R,0,1,"BENNETT, Robert",B000382,1933,2016,0.331,-0.11,-75.41218,0.868,534,28,,0.299,0.015,0
106,Senate,14101,11,0,DE,100,D,0,1,"BIDEN, Joseph Robinette, Jr.",B000444,1942,,-0.314,-0.042,-131.28678,0.778,522,50,,-0.244,-0.116,0
106,Senate,14912,66,0,NM,100,D,0,1,"BINGAMAN, Jesse Francis, Jr. (Jeff)",B000468,1943,,-0.266,0.045,-119.86892,0.8,536,56,,-0.22,0.104,1
106,Senate,15501,34,0,MO,200,R,0,1,"BOND, Christopher Samuel (Kit)",B000611,1939,,0.31,-0.169,-88.94701,0.846,530,34,,0.346,-0.107,0
106,Senate,15011,71,0,CA,100,D,0,1,"BOXER, Barbara",B000711,1940,,-0.45,-0.423,-76.37585,0.862,514,36,,-0.51,-0.428,0
106,Senate,13056,45,0,LA,100,D,0,1,"BREAUX, John Berlinger",B000780,1944,,-0.123,0.702,-133.5418,0.778,531,53,,-0.149,0.855,0
106,Senate,29523,32,0,KS,200,R,0,1,"BROWNBACK, Sam Dale",B000953,1956,,0.439,-0.306,-86.14884,0.851,535,30,,0.449,-0.365,0
106,Senate,15700,65,0,NV,100,D,0,1,"BRYAN, Richard H",B000993,1937,,-0.241,0.176,-100.72205,0.829,537,46,,-0.282,0.063,0
106,Senate,15406,51,0,KY,200,R,0,1,"BUNNING, James Paul David",B001066,1931,2017,0.521,-0.049,-92.66918,0.838,524,43,,0.609,0.357,0
106,Senate,15701,64,0,MT,200,R,0,1,"BURNS, Conrad",B001126,1935,2016,0.361,0.222,-105.43332,0.819,527,45,,0.371,0.187,0
106,Senate,1366,56,0,WV,100,D,0,1,"BYRD, Robert Carlyle",B001210,1917,2010,-0.309,0.729,-229.41335,0.652,537,113,,-0.236,0.972,1
106,Senate,95407,62,0,CO,200,R,0,1,"CAMPBELL, Ben Nighthorse",C000077,1933,,0.23,0.132,-154.74792,0.748,533,64,,0.327,0.421,0
106,Senate,14500,5,0,RI,200,R,1,1,"CHAFEE, John Hubbard",C000269,1922,1999,0.084,-0.996,-82.33841,0.727,258,38,,0.075,-0.861,0
106,Senate,49905,5,0,RI,200,R,2,2,"CHAFEE, Lincoln Davenport",C001040,1953,,0.003,-1,-77.20252,0.734,250,29,,-0.048,-0.932,0
106,Senate,49701,44,0,GA,100,D,0,1,"CLELAND, Joseph Maxwell (Max)",C001034,1942,2021,-0.22,0.302,-127.48029,0.79,540,57,,-0.247,0.147,1
106,Senate,14009,46,0,MS,200,R,0,1,"COCHRAN, William Thad",C000567,1937,2019,0.287,0.051,-76.41844,0.86666,534,29,,0.359,0.151,0
106,Senate,49703,2,0,ME,200,R,0,1,"COLLINS, Susan Margaret",C001035,1952,,0.121,-0.505,-205.26114,0.68378,540,92,,0.135,-0.741,0
106,Senate,15502,36,0,ND,100,D,0,1,"CONRAD, Kent",C000705,1948,,-0.296,0.582,-134.15214,0.779,538,59,,-0.279,0.577,0
106,Senate,49301,44,0,GA,200,R,1,1,"COVERDELL, Paul",C000813,1939,2000,0.407,-0.003,-51.29211,0.896,465,19,,0.441,0.118,0
106,Senate,14809,63,0,ID,200,R,0,1,"CRAIG, Larry Edwin",C000858,1945,,0.494,-0.014,-64.38454,0.887,539,25,,0.497,0.127,0
106,Senate,29345,63,0,ID,200,R,0,1,"CRAPO, Michael Dean",C000880,1951,,0.504,0.293,-67.51008,0.87868,522,20,,0.458,0.05,0
106,Senate,14617,37,0,SD,100,D,0,1,"DASCHLE, Thomas Andrew",D000064,1947,,-0.303,0.114,-78.43269,0.862,528,36,,-0.336,0.297,0
106,Senate,15020,24,0,OH,200,R,0,1,"DeWINE, Michael",D000294,1947,,0.289,-0.418,-148.82381,0.759,539,79,,0.237,-0.381,0
106,Senate,14213,1,0,CT,100,D,0,1,"DODD, Christopher John",D000388,1944,,-0.328,-0.317,-96.21898,0.83,515,43,,-0.298,-0.36,0
106,Senate,14103,66,0,NM,200,R,0,1,"DOMENICI, Pete Vichi",D000407,1932,2017,0.257,-0.247,-68.51469,0.877,523,18,,0.292,-0.022,0
106,Senate,14812,36,0,ND,100,D,0,1,"DORGAN, Byron Leslie",D000432,1942,,-0.267,0.09,-131.10683,0.783,536,67,,-0.329,0.47,0
106,Senate,15021,21,0,IL,100,D,0,1,"DURBIN, Richard Joseph",D000563,1944,,-0.347,-0.306,-77.83057,0.86461,535,30,,-0.391,-0.255,0
106,Senate,49902,47,0,NC,100,D,0,1,"EDWARDS, John",E000286,1953,,-0.291,0.127,-110.12086,0.815,537,49,,-0.297,0.204,0
106,Senate,49706,68,0,WY,200,R,0,1,"ENZI, Michael B.",E000285,1944,2021,0.545,0.199,-87.61843,0.84997,539,38,,0.558,-0.026,0
106,Senate,49309,25,0,WI,100,D,0,1,"FEINGOLD, Russell Dana",F000061,1953,,-0.308,-0.951,-200.70277,0.69,540,100,,-0.405,-0.914,0
106,Senate,49300,71,0,CA,100,D,0,1,"FEINSTEIN, Dianne",F000062,1933,2023,-0.268,-0.184,-101.05965,0.82056,511,42,,-0.233,-0.141,0
106,Senate,49900,21,0,IL,200,R,0,1,"FITZGERALD, Peter G.",F000442,1960,,0.28,-0.825,-170.27879,0.719,517,76,,0.285,-0.876,0
106,Senate,49502,54,0,TN,200,R,0,1,"FRIST, William H.",F000439,1952,,0.366,-0.222,-72.6181,0.873,533,26,,0.35,-0.171,0
106,Senate,14904,73,0,WA,200,R,0,1,"GORTON, Thomas Slade, III (Slade)",G000333,1928,2020,0.271,-0.652,-99.13303,0.826,517,39,,0.293,-0.406,0
106,Senate,15503,43,0,FL,100,D,0,1,"GRAHAM, Daniel Robert (Bob)",G000352,1936,2024,-0.231,-0.012,-192.59128,0.698,536,73,,-0.254,-0.461,0
106,Senate,14628,49,0,TX,200,R,0,1,"GRAMM, William Philip (Phil)",G000365,1942,,0.551,-0.108,-85.17504,0.854,538,34,,0.614,-0.203,0
106,Senate,29367,33,0,MN,200,R,0,1,"GRAMS, Rod",G000367,1948,2013,0.506,-0.195,-98.4841,0.828,521,39,,0.466,-0.239,0
106,Senate,14226,31,0,IA,200,R,0,1,"GRASSLEY, Charles Ernest",G000386,1933,,0.361,-0.036,-113.67198,0.81018,540,46,,0.335,0.052,0
106,Senate,14826,4,0,NH,200,R,0,1,"GREGG, Judd Alan",G000445,1947,,0.429,-0.737,-111.418,0.806,517,55,,0.422,-0.672,0
106,Senate,49704,35,0,NE,200,R,0,1,"HAGEL, Charles Timothy (Chuck)",H001028,1946,,0.344,-0.498,-120.16994,0.799,535,51,,0.366,-0.396,0
106,Senate,14230,31,0,IA,100,D,0,1,"HARKIN, Thomas Richard (Tom)",H000206,1939,,-0.351,-0.546,-81.89746,0.858,535,35,,-0.459,-0.289,0
106,Senate,14503,67,0,UT,200,R,0,1,"HATCH, Orrin Grant",H000338,1934,2022,0.382,-0.004,-82.20915,0.85582,528,38,,0.295,0.091,0
106,Senate,14105,47,0,NC,200,R,0,1,"HELMS, Jesse",H000463,1921,2008,0.631,0.776,-84.90603,0.848,516,45,,0.701,0.713,0
106,Senate,11204,48,0,SC,100,D,0,1,"HOLLINGS, Ernest Frederick",H000725,1922,2019,-0.293,0.925,-144.45009,0.761,529,76,,-0.375,0.927,0
106,Senate,29306,42,0,AR,200,R,0,1,"HUTCHINSON, Timothy",H001015,1949,,0.419,0.072,-102.66917,0.821,521,53,,0.458,-0.13,0
106,Senate,49306,49,0,TX,200,R,0,1,"HUTCHISON, Kathryn Ann Bailey (Kay)",H001016,1943,,0.356,0.012,-116.55328,0.803,532,45,,0.338,0.032,1
106,Senate,15424,53,0,OK,200,R,0,1,"INHOFE, James Mountain",I000024,1934,2024,0.552,0.045,-84.43327,0.84986,519,44,,0.685,0.306,1
106,Senate,4812,82,0,HI,100,D,0,1,"INOUYE, Daniel Ken",I000025,1924,2012,-0.319,0.062,-92.86073,0.825,482,39,,-0.307,0.348,0
106,Senate,14240,6,0,VT,200,R,0,1,"JEFFORDS, James Merrill",J000072,1934,2014,0.014,-0.687,-194.07709,0.691,526,96,,0.057,-0.848,0
106,Senate,15425,37,0,SD,100,D,0,1,"JOHNSON, Timothy Peter (Tim)",J000177,1946,2024,-0.25,0.143,-119.73498,0.8,537,47,,-0.273,0.214,0
106,Senate,10808,3,0,MA,100,D,0,1,"KENNEDY, Edward Moore (Ted)",K000105,1932,2009,-0.443,-0.49,-61.90109,0.883,499,26,,-0.398,-0.275,1
106,Senate,15702,35,0,NE,100,D,0,1,"KERREY, J. Robert",K000146,1943,,-0.223,-0.055,-142.81705,0.765,534,63,,-0.198,-0.056,0
106,Senate,14920,3,0,MA,100,D,0,1,"KERRY, John Forbes",K000148,1943,,-0.352,-0.382,-73.07853,0.87,526,24,,-0.312,-0.255,0
106,Senate,15703,25,0,WI,100,D,0,1,"KOHL, Herbert H.",K000305,1935,2023,-0.256,-0.406,-148.38747,0.755,529,77,,-0.281,-0.369,0
106,Senate,15429,61,0,AZ,200,R,0,1,"KYL, Jon Llewellyn",K000352,1942,,0.548,-0.413,-87.09158,0.85029,537,40,,0.507,-0.659,0
106,Senate,49702,45,0,LA,100,D,0,1,"LANDRIEU, Mary L.",L000550,1955,,-0.203,0.444,-127.80681,0.786,530,59,,-0.209,0.441,1
106,Senate,14914,12,0,NJ,100,D,0,1,"LAUTENBERG, Frank Raleigh",L000123,1924,2013,-0.382,-0.579,-78.81456,0.861,526,30,,-0.435,-0.449,0
106,Senate,14307,6,0,VT,100,D,0,1,"LEAHY, Patrick Joseph",L000174,1940,,-0.36,-0.121,-116.14363,0.80154,525,53,,-0.348,-0.19,0
106,Senate,14709,23,0,MI,100,D,0,1,"LEVIN, Carl",L000261,1934,2021,-0.395,-0.116,-64.83565,0.886,538,23,,-0.402,0.055,1
106,Senate,15704,1,0,CT,100,D,0,1,"LIEBERMAN, Joseph I.",L000304,1942,2024,-0.205,-0.312,-119.10115,0.784,490,54,,-0.22,-0.378,1
106,Senate,29305,42,0,AR,100,D,0,1,"LINCOLN, Blanche Lambert",L000035,1960,,-0.166,0.178,-137.64093,0.774,537,64,,-0.185,0.231,0
106,Senate,14031,46,0,MS,200,R,0,1,"LOTT, Chester Trent",L000447,1941,,0.39,0.194,-75.09596,0.87,538,28,,0.424,0.067,0
106,Senate,14506,22,0,IN,200,R,0,1,"LUGAR, Richard Green",L000504,1932,2019,0.304,-0.466,-125.12452,0.791,533,51,,0.242,-0.438,0
106,Senate,15037,43,0,FL,200,R,0,1,"MACK, Connie, III",M000019,1940,,0.466,-0.321,-91.73194,0.837,514,32,,0.41,-0.377,0
106,Senate,15039,61,0,AZ,200,R,0,1,"McCAIN, John Sidney, III",M000303,1936,2018,0.381,-0.626,-147.1955,0.68159,384,66,,0.347,-0.938,1
106,Senate,14921,51,0,KY,200,R,0,1,"McCONNELL, Addison Mitchell (Mitch)",M000355,1942,,0.403,0.023,-73.08339,0.87298,538,27,,0.399,0.119,0
106,Senate,14440,52,0,MD,100,D,0,1,"MIKULSKI, Barbara Ann",M000702,1936,,-0.37,-0.128,-89.04768,0.846,533,42,,-0.43,0,0
106,Senate,49904,44,0,GA,100,D,2,2,"MILLER, Zell Bryan",M001141,1932,2018,0.146,0.105,-11.02789,0.802,50,4,,0.028,0.347,0
106,Senate,14508,13,0,NY,100,D,0,1,"MOYNIHAN, Daniel Patrick",M001054,1927,2003,-0.301,-0.414,-123.8859,0.775,487,51,,-0.255,-0.299,0
106,Senate,14907,81,0,AK,200,R,0,1,"MURKOWSKI, Frank Hughes",M001085,1933,,0.346,-0.275,-77.92792,0.861,520,24,,0.416,0.029,0
106,Senate,49308,73,0,WA,100,D,0,1,"MURRAY, Patty",M001111,1950,,-0.354,-0.315,-85.64549,0.84761,518,33,,-0.332,-0.16,0
106,Senate,14908,53,0,OK,200,R,0,1,"NICKLES, Donald Lee",N000102,1948,,0.52,0.111,-108.71393,0.817,538,43,,0.552,-0.481,0
106,Senate,29142,5,0,RI,100,D,0,1,"REED, John F. (Jack)",R000122,1949,,-0.362,-0.166,-81.46203,0.85949,538,37,,-0.444,-0.245,1
106,Senate,15054,65,0,NV,100,D,0,1,"REID, Harry",R000146,1939,2021,-0.276,0.258,-114.6792,0.808,539,48,,-0.359,0.521,0
106,Senate,15705,40,0,VA,100,D,0,1,"ROBB, Charles Spittal",R000295,1939,,-0.2,-0.04,-131.0837,0.784,540,57,,-0.25,-0.103,1
106,Senate,14852,32,0,KS,200,R,0,1,"ROBERTS, Charles Patrick (Pat)",R000307,1936,,0.413,-0.09,-77.90963,0.86518,538,29,,0.376,0.006,1
106,Senate,14922,56,0,WV,100,D,0,1,"ROCKEFELLER, John Davison IV (Jay)",R000361,1937,,-0.326,0.177,-79.3274,0.861,528,28,,-0.347,0.159,0
106,Senate,11044,11,0,DE,200,R,0,1,"ROTH, William Victor, Jr.",R000460,1921,2003,0.272,-0.39,-161.94028,0.732,519,63,,0.208,-0.622,0
106,Senate,29141,14,0,PA,200,R,0,1,"SANTORUM, Richard John (Rick)",S000059,1958,,0.338,-0.234,-103.62927,0.824,534,52,,0.319,-0.273,1
106,Senate,13039,52,0,MD,100,D,0,1,"SARBANES, Paul Spyros",S000064,1933,2020,-0.435,-0.221,-77.67003,0.866,540,39,,-0.418,-0.136,0
106,Senate,14858,13,0,NY,100,D,0,1,"SCHUMER, Charles Ellis (Chuck)",S000148,1950,,-0.355,-0.419,-78.26464,0.86414,536,27,,-0.318,-0.345,0
106,Senate,49700,41,0,AL,200,R,0,1,"SESSIONS, Jefferson Beauregard III (Jeff)",S001141,1946,,0.549,0.13,-93.31929,0.83994,535,50,,0.497,0.146,1
106,Senate,94659,41,0,AL,200,R,0,1,"SHELBY, Richard C.",S000320,1934,,0.446,0.57,-102.12456,0.82623,535,41,,0.415,0.578,0
106,Senate,49705,72,0,OR,200,R,0,1,"SMITH, Gordon Harold",S001142,1952,,0.192,-0.21,-119.29595,0.799,533,47,,0.224,-0.347,0
106,Senate,15116,4,0,NH,200,R,0,1,"SMITH, Robert C.",S000606,1941,,0.623,-0.468,-147.60128,0.761,540,70,,0.87,0.084,1
106,Senate,14661,2,0,ME,200,R,0,1,"SNOWE, Olympia Jean",S000663,1947,,0.091,-0.548,-213.93123,0.673,540,100,,0.099,-0.707,1
106,Senate,14910,14,0,PA,200,R,0,1,"SPECTER, Arlen",S000709,1930,2012,0.068,-0.627,-270.98763,0.6,531,138,,0.061,-0.566,0
106,Senate,12109,81,0,AK,200,R,0,1,"STEVENS, Theodore Fulton (Ted)",S000888,1923,2010,0.219,-0.5,-126.02232,0.79,536,44,,0.253,-0.165,0
106,Senate,15633,68,0,WY,200,R,0,1,"THOMAS, Craig Lyle",T000162,1933,2007,0.446,-0.128,-90.17578,0.843,528,35,,0.483,-0.14,0
106,Senate,49503,54,0,TN,200,R,0,1,"THOMPSON, Fred Dalton",T000457,1942,2015,0.403,-0.678,-126.8552,0.79,539,61,,0.412,-0.586,0
106,Senate,9369,48,0,SC,200,R,0,1,"THURMOND, James Strom",T000254,1902,2003,0.391,0.227,-93.36008,0.841,539,41,,0.394,0.189,1
106,Senate,15071,12,0,NJ,100,D,0,1,"TORRICELLI, Robert Guy",T000317,1951,,-0.262,-0.118,-171.07528,0.721,522,75,,-0.214,-0.261,0
106,Senate,49903,24,0,OH,200,R,0,1,"VOINOVICH, George Victor",V000126,1936,2016,0.239,-0.803,-235.25587,0.64,528,103,,0.294,-0.956,0
106,Senate,14712,40,0,VA,200,R,0,1,"WARNER, John William",W000154,1927,2021,0.262,-0.131,-118.93051,0.801,535,50,,0.247,-0.22,1
106,Senate,49101,33,0,MN,100,D,0,1,"WELLSTONE, Paul David",W000288,1944,2002,-0.583,-0.672,-113.02135,0.81,535,47,,-0.654,-0.582,0
107,Senate,14871,72,0,OR,100,D,0,1,"WYDEN, Ronald Lee",W000779,1949,,-0.332,-0.486,-91.90334,0.84324,539,39,,-0.296,-0.366,0
107,Senate,14400,82,0,HI,100,D,0,1,"AKAKA, Daniel Kahikina",A000069,1924,2018,-0.419,0.273,-64.31883,0.86,428,26,,-0.402,0.341,1
107,Senate,29108,62,0,CO,200,R,0,1,"ALLARD, A. Wayne",A000109,1943,,0.572,-0.121,-85.71843,0.828,454,37,,0.526,-0.084,1
107,Senate,29148,40,0,VA,200,R,0,1,"ALLEN, George",A000121,1952,,0.409,-0.053,-99.86882,0.803,454,42,,0.357,0.001,0
107,Senate,40106,33,0,MN,328,I,2,5,"BARKLEY, Dean",B001237,1950,,,,,,,,,-0.032,-0.999,0
107,Senate,14203,64,0,MT,100,D,0,1,"BAUCUS, Max Sieben",B000243,1941,,-0.212,0.017,-198.92239,0.64,445,101,,-0.117,0.199,0
107,Senate,49901,22,0,IN,100,D,0,1,"BAYH, Evan",B001233,1955,,-0.158,-0.142,-169.26993,0.69,456,67,,-0.191,-0.141,0
107,Senate,49307,67,0,UT,200,R,0,1,"BENNETT, Robert",B000382,1933,2016,0.331,-0.11,-77.53902,0.84,445,33,,0.413,-0.013,0
107,Senate,14101,11,0,DE,100,D,0,1,"BIDEN, Joseph Robinette, Jr.",B000444,1942,,-0.314,-0.042,-100.28553,0.8,449,43,,-0.289,-0.204,0
107,Senate,14912,66,0,NM,100,D,0,1,"BINGAMAN, Jesse Francis, Jr. (Jeff)",B000468,1943,,-0.266,0.045,-112.25309,0.776,443,53,,-0.252,-0.025,0
107,Senate,15501,34,0,MO,200,R,0,1,"BOND, Christopher Samuel (Kit)",B000611,1939,,0.31,-0.169,-104.17691,0.794,451,43,,0.393,-0.084,0
107,Senate,15011,71,0,CA,100,D,0,1,"BOXER, Barbara",B000711,1940,,-0.45,-0.423,-64.2756,0.865,442,24,,-0.484,-0.44,0
107,Senate,13056,45,0,LA,100,D,0,1,"BREAUX, John Berlinger",B000780,1944,,-0.123,0.702,-140.86484,0.732,452,61,,-0.071,0.653,0
107,Senate,29523,32,0,KS,200,R,0,1,"BROWNBACK, Sam Dale",B000953,1956,,0.439,-0.306,-104.53559,0.792,449,42,,0.425,-0.376,0
107,Senate,15406,51,0,KY,200,R,0,1,"BUNNING, James Paul David",B001066,1931,2017,0.521,-0.049,-68.79484,0.858,450,28,,0.521,-0.061,1
107,Senate,15701,64,0,MT,200,R,0,1,"BURNS, Conrad",B001126,1935,2016,0.361,0.222,-76.36519,0.843,446,31,,0.42,0.386,0
107,Senate,1366,56,0,WV,100,D,0,1,"BYRD, Robert Carlyle",B001210,1917,2010,-0.309,0.729,-174.57473,0.682,456,71,,-0.31,0.787,1
107,Senate,95407,62,0,CO,200,R,0,1,"CAMPBELL, Ben Nighthorse",C000077,1933,,0.23,0.132,-114.10963,0.772,442,51,,0.304,0.33,0
107,Senate,39310,73,0,WA,100,D,0,1,"CANTWELL, Maria E.",C000127,1958,,-0.306,-0.405,-98.95099,0.80455,455,41,,-0.287,-0.469,0
107,Senate,40102,34,0,MO,100,D,0,1,"CARNAHAN, Jean",C001043,1933,2024,-0.239,0.259,-117.37756,0.77,449,51,,-0.239,0.28,1
107,Senate,15015,11,0,DE,100,D,0,1,"CARPER, Thomas Richard",C000174,1947,,-0.179,-0.225,-149.55979,0.71934,454,63,,-0.176,-0.199,0
107,Senate,49905,5,0,RI,200,R,0,1,"CHAFEE, Lincoln Davenport",C001040,1953,,0.003,-1,-166.49848,0.694,456,76,,-0.003,-0.964,0
107,Senate,49701,44,0,GA,100,D,0,1,"CLELAND, Joseph Maxwell (Max)",C001034,1942,2021,-0.22,0.302,-145.51495,0.726,455,76,,-0.171,0.37,1
107,Senate,40105,13,0,NY,100,D,0,1,"CLINTON, Hillary Rodham",C001041,1947,,-0.367,-0.243,-82.66047,0.833,453,32,,-0.363,-0.075,0
107,Senate,14009,46,0,MS,200,R,0,1,"COCHRAN, William Thad",C000567,1937,2019,0.287,0.051,-114.48188,0.77841,457,49,,0.264,-0.109,0
107,Senate,49703,2,0,ME,200,R,0,1,"COLLINS, Susan Margaret",C001035,1952,,0.121,-0.505,-150.81169,0.71892,457,76,,0.093,-0.666,1
107,Senate,15502,36,0,ND,100,D,0,1,"CONRAD, Kent",C000705,1948,,-0.296,0.582,-119.27792,0.769,455,52,,-0.33,0.542,0
107,Senate,40104,12,0,NJ,100,D,0,1,"CORZINE, Jon Stevens",C001042,1947,,-0.446,-0.596,-75.46615,0.847,454,33,,-0.489,-0.543,0
107,Senate,14809,63,0,ID,200,R,0,1,"CRAIG, Larry Edwin",C000858,1945,,0.494,-0.014,-69.42352,0.858,452,38,,0.483,0.294,0
107,Senate,29345,63,0,ID,200,R,0,1,"CRAPO, Michael Dean",C000880,1951,,0.504,0.293,-83.71938,0.82602,438,41,,0.379,0.105,0
107,Senate,14617,37,0,SD,100,D,0,1,"DASCHLE, Thomas Andrew",D000064,1947,,-0.303,0.114,-109.42347,0.78,440,34,,-0.28,-0.082,0
107,Senate,40101,33,0,MN,100,D,0,1,"DAYTON, Mark",D000596,1947,,-0.421,0.209,-69.73972,0.855,445,30,,-0.488,-0.005,1
107,Senate,15020,24,0,OH,200,R,0,1,"DeWINE, Michael",D000294,1947,,0.289,-0.418,-125.30782,0.76,457,59,,0.261,-0.413,0
107,Senate,14213,1,0,CT,100,D,0,1,"DODD, Christopher John",D000388,1944,,-0.328,-0.317,-82.47034,0.831,445,32,,-0.372,-0.193,0
107,Senate,14103,66,0,NM,200,R,0,1,"DOMENICI, Pete Vichi",D000407,1932,2017,0.257,-0.247,-78.55989,0.826,410,33,,0.292,-0.148,0
107,Senate,14812,36,0,ND,100,D,0,1,"DORGAN, Byron Leslie",D000432,1942,,-0.267,0.09,-93.06907,0.814,453,38,,-0.299,0.434,0
107,Senate,15021,21,0,IL,100,D,0,1,"DURBIN, Richard Joseph",D000563,1944,,-0.347,-0.306,-84.74315,0.83007,455,31,,-0.401,-0.316,0
107,Senate,49902,47,0,NC,100,D,0,1,"EDWARDS, John",E000286,1953,,-0.291,0.127,-92.00554,0.817,455,44,,-0.261,0.113,0
107,Senate,29537,65,0,NV,200,R,0,1,"ENSIGN, John Eric",E000194,1958,,0.508,-0.464,-152.2589,0.709,443,61,,0.367,-0.657,0
107,Senate,49706,68,0,WY,200,R,0,1,"ENZI, Michael B.",E000285,1944,2021,0.545,0.199,-86.60533,0.82315,445,45,,0.525,0.088,0
107,Senate,49309,25,0,WI,100,D,0,1,"FEINGOLD, Russell Dana",F000061,1953,,-0.308,-0.951,-184.17268,0.668,457,90,,-0.279,-0.96,0
107,Senate,49300,71,0,CA,100,D,0,1,"FEINSTEIN, Dianne",F000062,1933,2023,-0.268,-0.184,-120.62622,0.76577,452,58,,-0.231,-0.277,0
107,Senate,49900,21,0,IL,200,R,0,1,"FITZGERALD, Peter G.",F000442,1960,,0.28,-0.825,-162.12208,0.689,435,79,,0.244,-0.786,0
107,Senate,49502,54,0,TN,200,R,0,1,"FRIST, William H.",F000439,1952,,0.366,-0.222,-65.42179,0.865,451,24,,0.439,-0.159,0
107,Senate,15503,43,0,FL,100,D,0,1,"GRAHAM, Daniel Robert (Bob)",G000352,1936,2024,-0.231,-0.012,-131.31551,0.75,457,53,,-0.262,-0.096,0
107,Senate,14628,49,0,TX,200,R,0,1,"GRAMM, William Philip (Phil)",G000365,1942,,0.551,-0.108,-92.77315,0.81,441,43,,0.62,-0.351,0
107,Senate,14226,31,0,IA,200,R,0,1,"GRASSLEY, Charles Ernest",G000386,1933,,0.361,-0.036,-110.07556,0.78595,457,50,,0.367,-0.153,0
107,Senate,14826,4,0,NH,200,R,0,1,"GREGG, Judd Alan",G000445,1947,,0.429,-0.737,-113.07194,0.776,446,54,,0.417,-0.748,0
107,Senate,49704,35,0,NE,200,R,0,1,"HAGEL, Charles Timothy (Chuck)",H001028,1946,,0.344,-0.498,-103.62884,0.795,452,37,,0.37,-0.358,0
107,Senate,14230,31,0,IA,100,D,0,1,"HARKIN, Thomas Richard (Tom)",H000206,1939,,-0.351,-0.546,-88.06097,0.822,449,34,,-0.367,-0.262,0
107,Senate,14503,67,0,UT,200,R,0,1,"HATCH, Orrin Grant",H000338,1934,2022,0.382,-0.004,-76.60836,0.84217,446,28,,0.395,-0.021,0
107,Senate,14105,47,0,NC,200,R,0,1,"HELMS, Jesse",H000463,1921,2008,0.631,0.776,-39.78209,0.886,328,13,,0.744,0.579,0
107,Senate,11204,48,0,SC,100,D,0,1,"HOLLINGS, Ernest Frederick",H000725,1922,2019,-0.293,0.925,-122.3501,0.765,456,55,,-0.379,0.926,0
107,Senate,29306,42,0,AR,200,R,0,1,"HUTCHINSON, Timothy",H001015,1949,,0.419,0.072,-124.3386,0.757,446,53,,0.329,0.123,0
107,Senate,49306,49,0,TX,200,R,0,1,"HUTCHISON, Kathryn Ann Bailey (Kay)",H001016,1943,,0.356,0.012,-122.25501,0.761,448,55,,0.359,-0.056,1
107,Senate,15424,53,0,OK,200,R,0,1,"INHOFE, James Mountain",I000024,1934,2024,0.552,0.045,-72.40616,0.84953,444,40,,0.516,0.208,1
107,Senate,4812,82,0,HI,100,D,0,1,"INOUYE, Daniel Ken",I000025,1924,2012,-0.319,0.062,-79.23401,0.831,428,34,,-0.368,0.295,0
107,Senate,14240,6,0,VT,200,R,0,1,"JEFFORDS, James Merrill",J000072,1934,2014,0.014,-0.687,-46.28591,0.718,140,23,,0.003,-0.891,0
107,Senate,94240,6,0,VT,328,I,0,1,"JEFFORDS, James Merrill",J000072,1934,2014,-0.277,-0.603,-96.37305,0.724,298,40,,-0.285,-0.608,0
107,Senate,15425,37,0,SD,100,D,0,1,"JOHNSON, Timothy Peter (Tim)",J000177,1946,2024,-0.25,0.143,-104.32787,0.794,452,50,,-0.251,0.34,0
107,Senate,10808,3,0,MA,100,D,0,1,"KENNEDY, Edward Moore (Ted)",K000105,1932,2009,-0.443,-0.49,-63.85896,0.865,440,29,,-0.455,-0.419,1
107,Senate,14920,3,0,MA,100,D,0,1,"KERRY, John Forbes",K000148,1943,,-0.352,-0.382,-61.60898,0.87,443,30,,-0.334,-0.316,0
107,Senate,15703,25,0,WI,100,D,0,1,"KOHL, Herbert H.",K000305,1935,2023,-0.256,-0.406,-100.16158,0.798,445,42,,-0.239,-0.222,0
107,Senate,15429,61,0,AZ,200,R,0,1,"KYL, Jon Llewellyn",K000352,1942,,0.548,-0.413,-86.77939,0.82636,455,44,,0.651,-0.429,0
107,Senate,49702,45,0,LA,100,D,0,1,"LANDRIEU, Mary L.",L000550,1955,,-0.203,0.444,-133.78041,0.742,449,59,,-0.189,0.51,1
107,Senate,14307,6,0,VT,100,D,0,1,"LEAHY, Patrick Joseph",L000174,1940,,-0.36,-0.121,-59.51619,0.87637,451,22,,-0.394,-0.153,0
107,Senate,14709,23,0,MI,100,D,0,1,"LEVIN, Carl",L000261,1934,2021,-0.395,-0.116,-67.68038,0.862,457,26,,-0.431,0.092,1
107,Senate,15704,1,0,CT,100,D,0,1,"LIEBERMAN, Joseph I.",L000304,1942,2024,-0.205,-0.312,-116.32529,0.771,448,42,,-0.274,-0.222,1
107,Senate,29305,42,0,AR,100,D,0,1,"LINCOLN, Blanche Lambert",L000035,1960,,-0.166,0.178,-130.52113,0.751,455,55,,-0.159,0.339,0
107,Senate,14031,46,0,MS,200,R,0,1,"LOTT, Chester Trent",L000447,1941,,0.39,0.194,-85.12272,0.827,448,36,,0.501,-0.064,0
107,Senate,14506,22,0,IN,200,R,0,1,"LUGAR, Richard Green",L000504,1932,2019,0.304,-0.466,-108.67767,0.788,457,43,,0.348,-0.513,0
107,Senate,15039,61,0,AZ,200,R,0,1,"McCAIN, John Sidney, III",M000303,1936,2018,0.381,-0.626,-281.7081,0.52869,442,122,,0.214,-0.977,1
107,Senate,14921,51,0,KY,200,R,0,1,"McCONNELL, Addison Mitchell (Mitch)",M000355,1942,,0.403,0.023,-60.27875,0.87643,457,21,,0.429,0.036,0
107,Senate,14440,52,0,MD,100,D,0,1,"MIKULSKI, Barbara Ann",M000702,1936,,-0.37,-0.128,-63.19347,0.87,453,23,,-0.374,0.115,0
107,Senate,49904,44,0,GA,100,D,0,1,"MILLER, Zell Bryan",M001141,1932,2018,0.146,0.105,-159.62018,0.693,436,87,,0.063,0.213,0
107,Senate,14907,81,0,AK,200,R,0,1,"MURKOWSKI, Frank Hughes",M001085,1933,,0.346,-0.275,-81.34124,0.824,420,30,,0.383,0.038,0
107,Senate,49308,73,0,WA,100,D,0,1,"MURRAY, Patty",M001111,1950,,-0.354,-0.315,-90.96843,0.81807,453,42,,-0.314,-0.386,0
107,Senate,14651,43,0,FL,100,D,0,1,"NELSON, Clarence William (Bill)",N000032,1942,,-0.193,0.337,-156.31367,0.70925,455,66,,-0.279,0.177,1
107,Senate,40103,35,0,NE,100,D,0,1,"NELSON, Earl Benjamin (Ben)",N000180,1941,,-0.03,0.588,-130.94141,0.75,456,51,,-0.043,0.466,1
107,Senate,14908,53,0,OK,200,R,0,1,"NICKLES, Donald Lee",N000102,1948,,0.52,0.111,-86.76649,0.826,454,37,,0.595,-0.233,0
107,Senate,29142,5,0,RI,100,D,0,1,"REED, John F. (Jack)",R000122,1949,,-0.362,-0.166,-70.15017,0.85741,456,28,,-0.467,-0.243,1
107,Senate,15054,65,0,NV,100,D,0,1,"REID, Harry",R000146,1939,2021,-0.276,0.258,-83.14249,0.833,455,30,,-0.333,0.231,0
107,Senate,14852,32,0,KS,200,R,0,1,"ROBERTS, Charles Patrick (Pat)",R000307,1936,,0.413,-0.09,-77.28493,0.84252,451,32,,0.424,0.141,1
107,Senate,14922,56,0,WV,100,D,0,1,"ROCKEFELLER, John Davison IV (Jay)",R000361,1937,,-0.326,0.177,-80.55262,0.837,454,33,,-0.332,0.269,0
107,Senate,29141,14,0,PA,200,R,0,1,"SANTORUM, Richard John (Rick)",S000059,1958,,0.338,-0.234,-95.22231,0.809,450,44,,0.457,-0.215,1
107,Senate,13039,52,0,MD,100,D,0,1,"SARBANES, Paul Spyros",S000064,1933,2020,-0.435,-0.221,-48.93206,0.898,457,15,,-0.467,-0.161,0
107,Senate,14858,13,0,NY,100,D,0,1,"SCHUMER, Charles Ellis (Chuck)",S000148,1950,,-0.355,-0.419,-92.17405,0.81478,450,42,,-0.323,-0.326,0
107,Senate,49700,41,0,AL,200,R,0,1,"SESSIONS, Jefferson Beauregard III (Jeff)",S001141,1946,,0.549,0.13,-111.5149,0.7779,444,57,,0.476,0.309,1
107,Senate,94659,41,0,AL,200,R,0,1,"SHELBY, Richard C.",S000320,1934,,0.446,0.57,-113.0422,0.77655,447,58,,0.362,0.527,0
107,Senate,49705,72,0,OR,200,R,0,1,"SMITH, Gordon Harold",S001142,1952,,0.192,-0.21,-141.73466,0.731,453,66,,0.178,-0.134,0
107,Senate,15116,4,0,NH,200,R,0,1,"SMITH, Robert C.",S000606,1941,,0.623,-0.468,-100.77614,0.799,450,48,,0.565,-0.389,1
107,Senate,14661,2,0,ME,200,R,0,1,"SNOWE, Olympia Jean",S000663,1947,,0.091,-0.548,-149.17404,0.722,457,68,,0.075,-0.6,0
107,Senate,14910,14,0,PA,200,R,0,1,"SPECTER, Arlen",S000709,1930,2012,0.068,-0.627,-176.69613,0.678,454,84,,0.057,-0.754,0
107,Senate,29732,23,0,MI,100,D,0,1,"STABENOW, Deborah Ann",S000770,1950,,-0.343,-0.019,-77.44971,0.84379,456,29,,-0.366,0.059,0
107,Senate,12109,81,0,AK,200,R,0,1,"STEVENS, Theodore Fulton (Ted)",S000888,1923,2010,0.219,-0.5,-118.99235,0.749,412,52,,0.276,-0.18,0
107,Senate,15633,68,0,WY,200,R,0,1,"THOMAS, Craig Lyle",T000162,1933,2007,0.446,-0.128,-82.05068,0.833,448,35,,0.554,0.01,0
107,Senate,49503,54,0,TN,200,R,0,1,"THOMPSON, Fred Dalton",T000457,1942,2015,0.403,-0.678,-100.02664,0.8,448,45,,0.384,-0.607,0
107,Senate,9369,48,0,SC,200,R,0,1,"THURMOND, James Strom",T000254,1902,2003,0.391,0.227,-90.21354,0.818,448,37,,0.522,0.482,1
107,Senate,15071,12,0,NJ,100,D,0,1,"TORRICELLI, Robert Guy",T000317,1951,,-0.262,-0.118,-153.97931,0.698,429,70,,-0.22,-0.07,0
107,Senate,49903,24,0,OH,200,R,0,1,"VOINOVICH, George Victor",V000126,1936,2016,0.239,-0.803,-152.10928,0.712,447,72,,0.358,-0.835,0
107,Senate,14712,40,0,VA,200,R,0,1,"WARNER, John William",W000154,1927,2021,0.262,-0.131,-108.13368,0.786,450,52,,0.255,-0.104,1
107,Senate,49101,33,0,MN,100,D,1,1,"WELLSTONE, Paul David",W000288,1944,2002,-0.583,-0.672,-43.23178,0.907,444,14,,-0.632,-0.228,0
108,Senate,14871,72,0,OR,100,D,0,1,"WYDEN, Ronald Lee",W000779,1949,,-0.332,-0.486,-128.37989,0.75509,457,52,,-0.279,-0.367,0
108,Senate,14400,82,0,HI,100,D,0,1,"AKAKA, Daniel Kahikina",A000069,1924,2018,-0.419,0.273,-77.20507,0.854,490,34,,-0.399,-0.026,1
108,Senate,40304,54,0,TN,200,R,0,1,"ALEXANDER, Lamar",A000360,1940,,0.324,-0.176,-57.39371,0.89376,511,25,,0.352,-0.222,0
108,Senate,29108,62,0,CO,200,R,0,1,"ALLARD, A. Wayne",A000109,1943,,0.572,-0.121,-54.54884,0.9,517,22,,0.573,0.09,1
108,Senate,29148,40,0,VA,200,R,0,1,"ALLEN, George",A000121,1952,,0.409,-0.053,-66.9405,0.879,518,26,,0.378,0.185,0
108,Senate,14203,64,0,MT,100,D,0,1,"BAUCUS, Max Sieben",B000243,1941,,-0.212,0.017,-210.07461,0.662,509,100,,-0.136,0.134,0
108,Senate,49901,22,0,IN,100,D,0,1,"BAYH, Evan",B001233,1955,,-0.158,-0.142,-166.27361,0.723,513,78,,-0.179,0.064,1
108,Senate,49307,67,0,UT,200,R,0,1,"BENNETT, Robert",B000382,1933,2016,0.331,-0.11,-51.28762,0.904,507,21,,0.353,0.065,0
108,Senate,14101,11,0,DE,100,D,0,1,"BIDEN, Joseph Robinette, Jr.",B000444,1942,,-0.314,-0.042,-113.30231,0.794,491,49,,-0.267,-0.436,0
108,Senate,14912,66,0,NM,100,D,0,1,"BINGAMAN, Jesse Francis, Jr. (Jeff)",B000468,1943,,-0.266,0.045,-129.36291,0.777,514,48,,-0.259,-0.087,0
108,Senate,15501,34,0,MO,200,R,0,1,"BOND, Christopher Samuel (Kit)",B000611,1939,,0.31,-0.169,-68.47599,0.875,515,26,,0.304,0.072,0
108,Senate,15011,71,0,CA,100,D,0,1,"BOXER, Barbara",B000711,1940,,-0.45,-0.423,-50.13665,0.905,501,22,,-0.43,-0.425,0
108,Senate,13056,45,0,LA,100,D,0,1,"BREAUX, John Berlinger",B000780,1944,,-0.123,0.702,-166.78279,0.72,508,83,,-0.084,0.77,0
108,Senate,29523,32,0,KS,200,R,0,1,"BROWNBACK, Sam Dale",B000953,1956,,0.439,-0.306,-66.40084,0.877,505,28,,0.37,-0.223,0
108,Senate,15406,51,0,KY,200,R,0,1,"BUNNING, James Paul David",B001066,1931,2017,0.521,-0.049,-45.55159,0.914,504,17,,0.48,0.34,0
108,Senate,15701,64,0,MT,200,R,0,1,"BURNS, Conrad",B001126,1935,2016,0.361,0.222,-48.63289,0.909,512,21,,0.428,0.257,0
108,Senate,1366,56,0,WV,100,D,0,1,"BYRD, Robert Carlyle",B001210,1917,2010,-0.309,0.729,-131.30548,0.771,504,65,,-0.411,0.733,1
108,Senate,95407,62,0,CO,200,R,0,1,"CAMPBELL, Ben Nighthorse",C000077,1933,,0.23,0.132,-91.88346,0.822,470,39,,0.229,0.32,0
108,Senate,39310,73,0,WA,100,D,0,1,"CANTWELL, Maria E.",C000127,1958,,-0.306,-0.405,-85.93607,0.84686,517,35,,-0.313,-0.375,0
108,Senate,15015,11,0,DE,100,D,0,1,"CARPER, Thomas Richard",C000174,1947,,-0.179,-0.225,-161.72595,0.72915,512,72,,-0.202,-0.286,0
108,Senate,49905,5,0,RI,200,R,0,1,"CHAFEE, Lincoln Davenport",C001040,1953,,0.003,-1,-177.05171,0.71,516,93,,0.032,-0.999,0
108,Senate,29512,44,0,GA,200,R,0,1,"CHAMBLISS, Saxby",C000286,1943,,0.423,0.205,-44.36228,0.915,501,21,,0.399,0.03,1
108,Senate,40105,13,0,NY,100,D,0,1,"CLINTON, Hillary Rodham",C001041,1947,,-0.367,-0.243,-64.17486,0.88,503,28,,-0.393,-0.293,1
108,Senate,14009,46,0,MS,200,R,0,1,"COCHRAN, William Thad",C000567,1937,2019,0.287,0.051,-49.91458,0.90831,519,17,,0.367,0.184,0
108,Senate,40302,33,0,MN,200,R,0,1,"COLEMAN, Norm",C001057,1949,,0.185,-0.125,-87.57447,0.844,516,32,,0.228,-0.094,0
108,Senate,49703,2,0,ME,200,R,0,1,"COLLINS, Susan Margaret",C001035,1952,,0.121,-0.505,-155.61234,0.74094,519,72,,0.092,-0.706,1
108,Senate,15502,36,0,ND,100,D,0,1,"CONRAD, Kent",C000705,1948,,-0.296,0.582,-162.78111,0.73,517,69,,-0.23,0.412,0
108,Senate,40305,49,0,TX,200,R,0,1,"CORNYN, John",C001056,1952,,0.47,-0.064,-49.72343,0.90745,512,19,,0.472,0.111,1
108,Senate,40104,12,0,NJ,100,D,0,1,"CORZINE, Jon Stevens",C001042,1947,,-0.446,-0.596,-63.3751,0.883,509,31,,-0.401,-0.501,0
108,Senate,14809,63,0,ID,200,R,0,1,"CRAIG, Larry Edwin",C000858,1945,,0.494,-0.014,-47.09959,0.912,513,18,,0.521,0.161,0
108,Senate,29345,63,0,ID,200,R,0,1,"CRAPO, Michael Dean",C000880,1951,,0.504,0.293,-45.92129,0.91405,511,16,,0.493,0.375,0
108,Senate,14617,37,0,SD,100,D,0,1,"DASCHLE, Thomas Andrew",D000064,1947,,-0.303,0.114,-78.11048,0.86,517,34,,-0.32,0.398,0
108,Senate,40101,33,0,MN,100,D,0,1,"DAYTON, Mark",D000596,1947,,-0.421,0.209,-106.23276,0.811,508,44,,-0.358,0.354,1
108,Senate,15020,24,0,OH,200,R,0,1,"DeWINE, Michael",D000294,1947,,0.289,-0.418,-129.07569,0.78,519,51,,0.193,-0.418,0
108,Senate,14213,1,0,CT,100,D,0,1,"DODD, Christopher John",D000388,1944,,-0.328,-0.317,-73.93604,0.865,510,33,,-0.364,-0.434,0
108,Senate,40303,47,0,NC,200,R,0,1,"DOLE, Elizabeth Hanford",D000601,1936,,0.363,0.124,-61.58933,0.887,514,23,,0.365,0.205,1
108,Senate,14103,66,0,NM,200,R,0,1,"DOMENICI, Pete Vichi",D000407,1932,2017,0.257,-0.247,-56.99263,0.886,472,21,,0.346,0.018,0
108,Senate,14812,36,0,ND,100,D,0,1,"DORGAN, Byron Leslie",D000432,1942,,-0.267,0.09,-101.76704,0.821,515,49,,-0.278,0.537,0
108,Senate,15021,21,0,IL,100,D,0,1,"DURBIN, Richard Joseph",D000563,1944,,-0.347,-0.306,-64.66306,0.88222,516,26,,-0.435,-0.177,0
108,Senate,49902,47,0,NC,100,D,0,1,"EDWARDS, John",E000286,1953,,-0.291,0.127,-38.02999,0.879,294,15,,-0.362,0.086,0
108,Senate,29537,65,0,NV,200,R,0,1,"ENSIGN, John Eric",E000194,1958,,0.508,-0.464,-118.4278,0.792,508,46,,0.453,-0.857,1
108,Senate,49706,68,0,WY,200,R,0,1,"ENZI, Michael B.",E000285,1944,2021,0.545,0.199,-53.3651,0.90175,516,22,,0.586,0.215,0
108,Senate,49309,25,0,WI,100,D,0,1,"FEINGOLD, Russell Dana",F000061,1953,,-0.308,-0.951,-132.45711,0.775,519,62,,-0.352,-0.851,0
108,Senate,49300,71,0,CA,100,D,0,1,"FEINSTEIN, Dianne",F000062,1933,2023,-0.268,-0.184,-109.13982,0.80769,511,47,,-0.28,-0.485,0
108,Senate,49900,21,0,IL,200,R,0,1,"FITZGERALD, Peter G.",F000442,1960,,0.28,-0.825,-103.07809,0.817,511,45,,0.329,-0.818,0
108,Senate,49502,54,0,TN,200,R,0,1,"FRIST, William H.",F000439,1952,,0.366,-0.222,-63.40385,0.885,519,19,,0.349,-0.022,0
108,Senate,15503,43,0,FL,100,D,0,1,"GRAHAM, Daniel Robert (Bob)",G000352,1936,2024,-0.231,-0.012,-103.26021,0.777,410,39,,-0.345,-0.342,0
108,Senate,29566,48,0,SC,200,R,0,1,"GRAHAM, Lindsey O.",G000359,1955,,0.366,-0.277,-88.25269,0.8411,510,42,,0.372,-0.054,1
108,Senate,14226,31,0,IA,200,R,0,1,"GRASSLEY, Charles Ernest",G000386,1933,,0.361,-0.036,-50.93124,0.90653,519,18,,0.332,-0.098,0
108,Senate,14826,4,0,NH,200,R,0,1,"GREGG, Judd Alan",G000445,1947,,0.429,-0.737,-103.34958,0.817,510,54,,0.385,-0.923,0
108,Senate,49704,35,0,NE,200,R,0,1,"HAGEL, Charles Timothy (Chuck)",H001028,1946,,0.344,-0.498,-83.24589,0.848,504,32,,0.311,-0.312,0
108,Senate,14230,31,0,IA,100,D,0,1,"HARKIN, Thomas Richard (Tom)",H000206,1939,,-0.351,-0.546,-83.84428,0.846,500,38,,-0.434,0.217,0
108,Senate,14503,67,0,UT,200,R,0,1,"HATCH, Orrin Grant",H000338,1934,2022,0.382,-0.004,-46.18621,0.91485,519,19,,0.389,0.245,0
108,Senate,11204,48,0,SC,100,D,0,1,"HOLLINGS, Ernest Frederick",H000725,1922,2019,-0.293,0.925,-144.9455,0.741,484,63,,-0.309,0.601,0
108,Senate,49306,49,0,TX,200,R,0,1,"HUTCHISON, Kathryn Ann Bailey (Kay)",H001016,1943,,0.356,0.012,-117.44972,0.795,512,49,,0.273,-0.039,0
108,Senate,15424,53,0,OK,200,R,0,1,"INHOFE, James Mountain",I000024,1934,2024,0.552,0.045,-51.24184,0.90333,504,21,,0.52,0.067,1
108,Senate,4812,82,0,HI,100,D,0,1,"INOUYE, Daniel Ken",I000025,1924,2012,-0.319,0.062,-104.15978,0.802,473,38,,-0.327,0.217,0
108,Senate,94240,6,0,VT,328,I,0,1,"JEFFORDS, James Merrill",J000072,1934,2014,-0.277,-0.603,-157.76728,0.734,510,71,,-0.26,-0.648,0
108,Senate,15425,37,0,SD,100,D,0,1,"JOHNSON, Timothy Peter (Tim)",J000177,1946,2024,-0.25,0.143,-82.8356,0.843,484,38,,-0.304,0.46,0
108,Senate,10808,3,0,MA,100,D,0,1,"KENNEDY, Edward Moore (Ted)",K000105,1932,2009,-0.443,-0.49,-57.23876,0.891,495,20,,-0.442,-0.636,1
108,Senate,14920,3,0,MA,100,D,0,1,"KERRY, John Forbes",K000148,1943,,-0.352,-0.382,-11.64062,0.929,159,3,,-0.41,-0.124,0
108,Senate,15703,25,0,WI,100,D,0,1,"KOHL, Herbert H.",K000305,1935,2023,-0.256,-0.406,-93.11145,0.834,512,40,,-0.295,-0.196,0
108,Senate,15429,61,0,AZ,200,R,0,1,"KYL, Jon Llewellyn",K000352,1942,,0.548,-0.413,-59.9154,0.88997,514,23,,0.608,-0.6,0
108,Senate,49702,45,0,LA,100,D,0,1,"LANDRIEU, Mary L.",L000550,1955,,-0.203,0.444,-118.1681,0.795,514,53,,-0.19,0.547,0
108,Senate,14914,12,0,NJ,100,D,0,1,"LAUTENBERG, Frank Raleigh",L000123,1924,2013,-0.382,-0.579,-64.24478,0.882,513,29,,-0.445,-0.661,0
108,Senate,14307,6,0,VT,100,D,0,1,"LEAHY, Patrick Joseph",L000174,1940,,-0.36,-0.121,-71.40018,0.86888,508,36,,-0.37,-0.139,0
108,Senate,14709,23,0,MI,100,D,0,1,"LEVIN, Carl",L000261,1934,2021,-0.395,-0.116,-63.17198,0.885,519,23,,-0.427,0.114,1
108,Senate,15704,1,0,CT,100,D,0,1,"LIEBERMAN, Joseph I.",L000304,1942,2024,-0.205,-0.312,-71.21856,0.806,331,28,,-0.249,-0.55,1
108,Senate,29305,42,0,AR,100,D,0,1,"LINCOLN, Blanche Lambert",L000035,1960,,-0.166,0.178,-123.47273,0.787,516,45,,-0.189,0.463,0
108,Senate,14031,46,0,MS,200,R,0,1,"LOTT, Chester Trent",L000447,1941,,0.39,0.194,-70.34235,0.87,504,33,,0.453,0.156,0
108,Senate,14506,22,0,IN,200,R,0,1,"LUGAR, Richard Green",L000504,1932,2019,0.304,-0.466,-73.27607,0.866,511,22,,0.301,-0.396,0
108,Senate,15039,61,0,AZ,200,R,0,1,"McCAIN, John Sidney, III",M000303,1936,2018,0.381,-0.626,-212.64497,0.65851,509,86,,0.245,-0.97,1
108,Senate,14921,51,0,KY,200,R,0,1,"McCONNELL, Addison Mitchell (Mitch)",M000355,1942,,0.403,0.023,-35.73153,0.93221,509,13,,0.422,0.115,0
108,Senate,14440,52,0,MD,100,D,0,1,"MIKULSKI, Barbara Ann",M000702,1936,,-0.37,-0.128,-56.03094,0.897,513,23,,-0.36,-0.007,0
108,Senate,49904,44,0,GA,100,D,0,1,"MILLER, Zell Bryan",M001141,1932,2018,0.146,0.105,-108.76228,0.781,439,42,,0.287,0.112,0
108,Senate,40300,81,0,AK,200,R,2,5,"MURKOWSKI, Lisa",M001153,1957,,0.206,-0.304,-83.41989,0.84605,499,34,,0.228,-0.18,0
108,Senate,49308,73,0,WA,100,D,0,1,"MURRAY, Patty",M001111,1950,,-0.354,-0.315,-74.1348,0.86544,513,36,,-0.318,-0.269,0
108,Senate,14651,43,0,FL,100,D,0,1,"NELSON, Clarence William (Bill)",N000032,1942,,-0.193,0.337,-145.28586,0.75253,511,64,,-0.235,0.09,1
108,Senate,40103,35,0,NE,100,D,0,1,"NELSON, Earl Benjamin (Ben)",N000180,1941,,-0.03,0.588,-142.66012,0.753,504,60,,-0.04,0.611,1
108,Senate,14908,53,0,OK,200,R,0,1,"NICKLES, Donald Lee",N000102,1948,,0.52,0.111,-58.79476,0.892,516,31,,0.66,-0.313,0
108,Senate,40301,42,0,AR,100,D,0,1,"PRYOR, Mark",P000590,1963,,-0.199,0.463,-110.13339,0.808,517,42,,-0.232,0.642,1
108,Senate,29142,5,0,RI,100,D,0,1,"REED, John F. (Jack)",R000122,1949,,-0.362,-0.166,-63.70064,0.88387,516,30,,-0.439,-0.355,1
108,Senate,15054,65,0,NV,100,D,0,1,"REID, Harry",R000146,1939,2021,-0.276,0.258,-93.32879,0.829,499,37,,-0.319,0.437,0
108,Senate,14852,32,0,KS,200,R,0,1,"ROBERTS, Charles Patrick (Pat)",R000307,1936,,0.413,-0.09,-56.87862,0.89601,518,25,,0.341,-0.055,1
108,Senate,14922,56,0,WV,100,D,0,1,"ROCKEFELLER, John Davison IV (Jay)",R000361,1937,,-0.326,0.177,-84.41756,0.85,518,42,,-0.349,0.249,0
108,Senate,29141,14,0,PA,200,R,0,1,"SANTORUM, Richard John (Rick)",S000059,1958,,0.338,-0.234,-80.01436,0.855,512,40,,0.462,-0.34,0
108,Senate,13039,52,0,MD,100,D,0,1,"SARBANES, Paul Spyros",S000064,1933,2020,-0.435,-0.221,-41.33243,0.922,509,13,,-0.465,-0.018,0
108,Senate,14858,13,0,NY,100,D,0,1,"SCHUMER, Charles Ellis (Chuck)",S000148,1950,,-0.355,-0.419,-76.3356,0.86322,519,39,,-0.318,-0.333,0
108,Senate,49700,41,0,AL,200,R,0,1,"SESSIONS, Jefferson Beauregard III (Jeff)",S001141,1946,,0.549,0.13,-57.5649,0.89366,512,31,,0.552,-0.133,1
108,Senate,94659,41,0,AL,200,R,0,1,"SHELBY, Richard C.",S000320,1934,,0.446,0.57,-68.44413,0.87464,511,37,,0.386,0.378,0
108,Senate,49705,72,0,OR,200,R,0,1,"SMITH, Gordon Harold",S001142,1952,,0.192,-0.21,-78.37367,0.854,497,28,,0.208,-0.278,0
108,Senate,14661,2,0,ME,200,R,0,1,"SNOWE, Olympia Jean",S000663,1947,,0.091,-0.548,-166.56166,0.725,519,81,,0.067,-0.744,0
108,Senate,14910,14,0,PA,200,R,0,1,"SPECTER, Arlen",S000709,1930,2012,0.068,-0.627,-169.51043,0.713,501,89,,0.112,-0.344,0
108,Senate,29732,23,0,MI,100,D,0,1,"STABENOW, Deborah Ann",S000770,1950,,-0.343,-0.019,-62.11263,0.88721,519,23,,-0.363,-0.063,0
108,Senate,12109,81,0,AK,200,R,0,1,"STEVENS, Theodore Fulton (Ted)",S000888,1923,2010,0.219,-0.5,-85.42846,0.848,518,33,,0.282,-0.127,0
108,Senate,29740,4,0,NH,200,R,0,1,"SUNUNU, John E.",S001078,1964,,0.473,-0.52,-85.45305,0.843,499,38,,0.477,-0.879,0
108,Senate,29369,34,0,MO,200,R,0,1,"TALENT, James Matthes",T000024,1956,,0.364,0.098,-59.97142,0.89,517,21,,0.31,0.01,1
108,Senate,15633,68,0,WY,200,R,0,1,"THOMAS, Craig Lyle",T000162,1933,2007,0.446,-0.128,-52.21253,0.903,513,24,,0.597,0.011,0
108,Senate,49903,24,0,OH,200,R,0,1,"VOINOVICH, George Victor",V000126,1936,2016,0.239,-0.803,-115.76726,0.796,508,54,,0.251,-0.571,0
108,Senate,14712,40,0,VA,200,R,0,1,"WARNER, John William",W000154,1927,2021,0.262,-0.131,-91.8967,0.837,516,33,,0.258,-0.428,1
109,Senate,14871,72,0,OR,100,D,0,1,"WYDEN, Ronald Lee",W000779,1949,,-0.332,-0.486,-93.7517,0.83474,519,45,,-0.289,-0.299,0
109,Senate,14400,82,0,HI,100,D,0,1,"AKAKA, Daniel Kahikina",A000069,1924,2018,-0.419,0.273,-88.29644,0.842,512,37,,-0.434,0.153,1
109,Senate,40304,54,0,TN,200,R,0,1,"ALEXANDER, Lamar",A000360,1940,,0.324,-0.176,-102.79997,0.81809,512,49,,0.376,-0.279,0
109,Senate,29108,62,0,CO,200,R,0,1,"ALLARD, A. Wayne",A000109,1943,,0.572,-0.121,-85.53101,0.848,518,40,,0.556,-0.049,0
109,Senate,29148,40,0,VA,200,R,0,1,"ALLEN, George",A000121,1952,,0.409,-0.053,-103.02924,0.82,519,37,,0.412,0.052,0
109,Senate,14203,64,0,MT,100,D,0,1,"BAUCUS, Max Sieben",B000243,1941,,-0.212,0.017,-184.59813,0.696,509,93,,-0.19,0.268,0
109,Senate,49901,22,0,IN,100,D,0,1,"BAYH, Evan",B001233,1955,,-0.158,-0.142,-161.15047,0.731,515,84,,-0.271,-0.064,1
109,Senate,49307,67,0,UT,200,R,0,1,"BENNETT, Robert",B000382,1933,2016,0.331,-0.11,-90.94489,0.838,513,38,,0.335,-0.086,0
109,Senate,14101,11,0,DE,100,D,0,1,"BIDEN, Joseph Robinette, Jr.",B000444,1942,,-0.314,-0.042,-114.49329,0.789,482,52,,-0.243,-0.304,0
109,Senate,14912,66,0,NM,100,D,0,1,"BINGAMAN, Jesse Francis, Jr. (Jeff)",B000468,1943,,-0.266,0.045,-139.63429,0.759,507,60,,-0.256,-0.12,0
109,Senate,15501,34,0,MO,200,R,0,1,"BOND, Christopher Samuel (Kit)",B000611,1939,,0.31,-0.169,-117.53621,0.797,519,52,,0.386,0.004,0
109,Senate,15011,71,0,CA,100,D,0,1,"BOXER, Barbara",B000711,1940,,-0.45,-0.423,-62.39722,0.882,497,31,,-0.527,-0.122,0
109,Senate,29523,32,0,KS,200,R,0,1,"BROWNBACK, Sam Dale",B000953,1956,,0.439,-0.306,-107.73816,0.81,511,53,,0.407,-0.466,0
109,Senate,15406,51,0,KY,200,R,0,1,"BUNNING, James Paul David",B001066,1931,2017,0.521,-0.049,-75.83014,0.861,507,30,,0.555,0.11,0
109,Senate,15701,64,0,MT,200,R,0,1,"BURNS, Conrad",B001126,1935,2016,0.361,0.222,-98.88247,0.823,508,47,,0.347,0.228,0
109,Senate,29548,47,0,NC,200,R,0,1,"BURR, Richard M.",B001135,1955,,0.435,-0.07,-108.56908,0.80959,514,48,,0.5,-0.105,0
109,Senate,1366,56,0,WV,100,D,0,1,"BYRD, Robert Carlyle",B001210,1917,2010,-0.309,0.729,-150.74467,0.742,506,69,,-0.346,0.938,1
109,Senate,39310,73,0,WA,100,D,0,1,"CANTWELL, Maria E.",C000127,1958,,-0.306,-0.405,-101.01922,0.82126,513,50,,-0.277,-0.404,0
109,Senate,15015,11,0,DE,100,D,0,1,"CARPER, Thomas Richard",C000174,1947,,-0.179,-0.225,-163.76067,0.72896,518,84,,-0.145,-0.251,0
109,Senate,49905,5,0,RI,200,R,0,1,"CHAFEE, Lincoln Davenport",C001040,1953,,0.003,-1,-150.05361,0.745,509,71,,-0.006,-0.948,0
109,Senate,29512,44,0,GA,200,R,0,1,"CHAMBLISS, Saxby",C000286,1943,,0.423,0.205,-71.44862,0.869,508,32,,0.473,0.238,1
109,Senate,40105,13,0,NY,100,D,0,1,"CLINTON, Hillary Rodham",C001041,1947,,-0.367,-0.243,-78.03568,0.858,508,39,,-0.343,-0.208,1
109,Senate,29555,53,0,OK,200,R,0,1,"COBURN, Thomas Allen",C000560,1948,2020,0.782,0.055,-122.38273,0.788,515,53,,0.985,0.17,0
109,Senate,14009,46,0,MS,200,R,0,1,"COCHRAN, William Thad",C000567,1937,2019,0.287,0.051,-99.53568,0.82395,514,46,,0.355,-0.047,0
109,Senate,40302,33,0,MN,200,R,0,1,"COLEMAN, Norm",C001057,1949,,0.185,-0.125,-133.03147,0.765,496,56,,0.171,-0.201,0
109,Senate,49703,2,0,ME,200,R,0,1,"COLLINS, Susan Margaret",C001035,1952,,0.121,-0.505,-165.71403,0.72711,520,75,,0.1,-0.533,1
109,Senate,15502,36,0,ND,100,D,0,1,"CONRAD, Kent",C000705,1948,,-0.296,0.582,-176.66453,0.704,503,72,,-0.245,0.586,0
109,Senate,40305,49,0,TX,200,R,0,1,"CORNYN, John",C001056,1952,,0.47,-0.064,-96.76491,0.8287,515,39,,0.521,0.082,1
109,Senate,40104,12,0,NJ,100,D,1,1,"CORZINE, Jon Stevens",C001042,1947,,-0.446,-0.596,-22.01835,0.891,191,9,,-0.469,-0.584,0
109,Senate,14809,63,0,ID,200,R,0,1,"CRAIG, Larry Edwin",C000858,1945,,0.494,-0.014,-107.66549,0.812,516,45,,0.411,-0.127,0
109,Senate,29345,63,0,ID,200,R,0,1,"CRAPO, Michael Dean",C000880,1951,,0.504,0.293,-82.35221,0.85301,518,34,,0.45,0.175,0
109,Senate,40101,33,0,MN,100,D,0,1,"DAYTON, Mark",D000596,1947,,-0.421,0.209,-82.30925,0.846,493,32,,-0.454,0.321,1
109,Senate,29936,48,0,SC,200,R,0,1,"DeMINT, James W.",D000595,1951,,0.7,-0.102,-69.60777,0.874,515,24,,0.659,-0.079,0
109,Senate,15020,24,0,OH,200,R,0,1,"DeWINE, Michael",D000294,1947,,0.289,-0.418,-266.02137,0.599,519,116,,0.132,-0.432,0
109,Senate,14213,1,0,CT,100,D,0,1,"DODD, Christopher John",D000388,1944,,-0.328,-0.317,-93.61144,0.828,497,49,,-0.33,-0.431,0
109,Senate,40303,47,0,NC,200,R,0,1,"DOLE, Elizabeth Hanford",D000601,1936,,0.363,0.124,-88.22439,0.843,515,37,,0.394,0.148,1
109,Senate,14103,66,0,NM,200,R,0,1,"DOMENICI, Pete Vichi",D000407,1932,2017,0.257,-0.247,-102.87554,0.813,496,44,,0.293,-0.158,0
109,Senate,14812,36,0,ND,100,D,0,1,"DORGAN, Byron Leslie",D000432,1942,,-0.267,0.09,-159.18583,0.731,509,68,,-0.342,0.722,0
109,Senate,15021,21,0,IL,100,D,0,1,"DURBIN, Richard Joseph",D000563,1944,,-0.347,-0.306,-66.39987,0.87881,514,32,,-0.44,-0.264,0
109,Senate,29537,65,0,NV,200,R,0,1,"ENSIGN, John Eric",E000194,1958,,0.508,-0.464,-132.38918,0.773,513,56,,0.528,-0.28,1
109,Senate,49706,68,0,WY,200,R,0,1,"ENZI, Michael B.",E000285,1944,2021,0.545,0.199,-75.55374,0.85844,495,29,,0.541,0.142,0
109,Senate,49309,25,0,WI,100,D,0,1,"FEINGOLD, Russell Dana",F000061,1953,,-0.308,-0.951,-152.64186,0.742,512,80,,-0.381,-0.925,0
109,Senate,49300,71,0,CA,100,D,0,1,"FEINSTEIN, Dianne",F000062,1933,2023,-0.268,-0.184,-100.29863,0.8221,512,50,,-0.293,-0.183,0
109,Senate,49502,54,0,TN,200,R,0,1,"FRIST, William H.",F000439,1952,,0.366,-0.222,-102.35688,0.821,519,31,,0.405,-0.27,0
109,Senate,29566,48,0,SC,200,R,0,1,"GRAHAM, Lindsey O.",G000359,1955,,0.366,-0.277,-139.25471,0.75733,501,68,,0.398,-0.5,1
109,Senate,14226,31,0,IA,200,R,0,1,"GRASSLEY, Charles Ernest",G000386,1933,,0.361,-0.036,-96.88918,0.83,520,45,,0.392,0.006,0
109,Senate,14826,4,0,NH,200,R,0,1,"GREGG, Judd Alan",G000445,1947,,0.429,-0.737,-125.6371,0.783,513,62,,0.462,-0.74,0
109,Senate,49704,35,0,NE,200,R,0,1,"HAGEL, Charles Timothy (Chuck)",H001028,1946,,0.344,-0.498,-108.70715,0.809,513,48,,0.378,-0.578,0
109,Senate,14230,31,0,IA,100,D,0,1,"HARKIN, Thomas Richard (Tom)",H000206,1939,,-0.351,-0.546,-97.42774,0.828,516,41,,-0.476,-0.014,0
109,Senate,14503,67,0,UT,200,R,0,1,"HATCH, Orrin Grant",H000338,1934,2022,0.382,-0.004,-78.12484,0.85693,506,33,,0.357,0.086,0
109,Senate,49306,49,0,TX,200,R,0,1,"HUTCHISON, Kathryn Ann Bailey (Kay)",H001016,1943,,0.356,0.012,-114.68921,0.802,519,50,,0.321,0.017,0
109,Senate,15424,53,0,OK,200,R,0,1,"INHOFE, James Mountain",I000024,1934,2024,0.552,0.045,-107.00421,0.81173,513,47,,0.757,0.633,1
109,Senate,4812,82,0,HI,100,D,0,1,"INOUYE, Daniel Ken",I000025,1924,2012,-0.319,0.062,-118.798,0.775,466,50,,-0.293,-0.024,0
109,Senate,29909,44,0,GA,200,R,0,1,"ISAKSON, Johnny",I000055,1944,2021,0.402,-0.011,-76.34729,0.86172,513,34,,0.486,0.137,0
109,Senate,94240,6,0,VT,328,I,0,1,"JEFFORDS, James Merrill",J000072,1934,2014,-0.277,-0.603,-115.33927,0.792,494,55,,-0.302,-0.602,0
109,Senate,15425,37,0,SD,100,D,0,1,"JOHNSON, Timothy Peter (Tim)",J000177,1946,2024,-0.25,0.143,-135.72823,0.768,515,53,,-0.228,0.248,0
109,Senate,10808,3,0,MA,100,D,0,1,"KENNEDY, Edward Moore (Ted)",K000105,1932,2009,-0.443,-0.49,-51.55244,0.903,508,19,,-0.448,-0.459,1
109,Senate,14920,3,0,MA,100,D,0,1,"KERRY, John Forbes",K000148,1943,,-0.352,-0.382,-73.52364,0.864,504,32,,-0.369,-0.393,0
109,Senate,15703,25,0,WI,100,D,0,1,"KOHL, Herbert H.",K000305,1935,2023,-0.256,-0.406,-113.39116,0.803,517,52,,-0.233,-0.236,0
109,Senate,15429,61,0,AZ,200,R,0,1,"KYL, Jon Llewellyn",K000352,1942,,0.548,-0.413,-98.51422,0.82711,519,44,,0.544,-0.416,0
109,Senate,49702,45,0,LA,100,D,0,1,"LANDRIEU, Mary L.",L000550,1955,,-0.203,0.444,-169.39584,0.716,508,84,,-0.19,0.322,0
109,Senate,14914,12,0,NJ,100,D,0,1,"LAUTENBERG, Frank Raleigh",L000123,1924,2013,-0.382,-0.579,-65.04239,0.881,514,27,,-0.415,-0.459,0
109,Senate,14307,6,0,VT,100,D,0,1,"LEAHY, Patrick Joseph",L000174,1940,,-0.36,-0.121,-82.43011,0.85288,518,44,,-0.395,-0.215,0
109,Senate,14709,23,0,MI,100,D,0,1,"LEVIN, Carl",L000261,1934,2021,-0.395,-0.116,-74.40839,0.866,518,32,,-0.397,-0.068,1
109,Senate,15704,1,0,CT,100,D,0,1,"LIEBERMAN, Joseph I.",L000304,1942,2024,-0.205,-0.312,-119.32978,0.782,486,49,,-0.232,-0.355,1
109,Senate,29305,42,0,AR,100,D,0,1,"LINCOLN, Blanche Lambert",L000035,1960,,-0.166,0.178,-123.08013,0.788,517,45,,-0.218,0.197,0
109,Senate,14031,46,0,MS,200,R,0,1,"LOTT, Chester Trent",L000447,1941,,0.39,0.194,-79.65668,0.847,480,37,,0.422,0.14,0
109,Senate,14506,22,0,IN,200,R,0,1,"LUGAR, Richard Green",L000504,1932,2019,0.304,-0.466,-132.78533,0.773,515,57,,0.259,-0.558,0
109,Senate,40501,43,0,FL,200,R,0,1,"MARTINEZ, Melquiades R. (Mel)",M001162,1946,,0.333,-0.417,-116.57877,0.796,511,51,,0.343,-0.372,0
109,Senate,15039,61,0,AZ,200,R,0,1,"McCAIN, John Sidney, III",M000303,1936,2018,0.381,-0.626,-161.43676,0.71687,485,88,,0.354,-0.935,1
109,Senate,14921,51,0,KY,200,R,0,1,"McCONNELL, Addison Mitchell (Mitch)",M000355,1942,,0.403,0.023,-83.15306,0.85196,519,33,,0.457,-0.168,0
109,Senate,29373,12,0,NJ,100,D,2,2,"MENENDEZ, Robert",M000639,1954,,-0.366,-0.126,-41.97088,0.82115,213,15,,-0.357,-0.398,0
109,Senate,14440,52,0,MD,100,D,0,1,"MIKULSKI, Barbara Ann",M000702,1936,,-0.37,-0.128,-59.42341,0.887,496,22,,-0.391,-0.066,0
109,Senate,40300,81,0,AK,200,R,0,1,"MURKOWSKI, Lisa",M001153,1957,,0.206,-0.304,-105.39261,0.81297,509,34,,0.279,-0.261,0
109,Senate,49308,73,0,WA,100,D,0,1,"MURRAY, Patty",M001111,1950,,-0.354,-0.315,-88.11786,0.84301,516,41,,-0.335,-0.308,0
109,Senate,14651,43,0,FL,100,D,0,1,"NELSON, Clarence William (Bill)",N000032,1942,,-0.193,0.337,-179.19847,0.70755,518,80,,-0.212,0.182,1
109,Senate,40103,35,0,NE,100,D,0,1,"NELSON, Earl Benjamin (Ben)",N000180,1941,,-0.03,0.588,-155.56533,0.741,518,69,,0.014,0.543,1
109,Senate,40502,21,0,IL,100,D,0,1,"OBAMA, Barack",O000167,1961,,-0.343,-0.434,-77.12231,0.861,514,37,,-0.34,-0.337,0
109,Senate,40301,42,0,AR,100,D,0,1,"PRYOR, Mark",P000590,1963,,-0.199,0.463,-125.45724,0.785,519,53,,-0.211,0.366,0
109,Senate,29142,5,0,RI,100,D,0,1,"REED, John F. (Jack)",R000122,1949,,-0.362,-0.166,-71.46863,0.87136,519,32,,-0.385,-0.373,1
109,Senate,15054,65,0,NV,100,D,0,1,"REID, Harry",R000146,1939,2021,-0.276,0.258,-102.29697,0.821,519,40,,-0.334,0.157,0
109,Senate,14852,32,0,KS,200,R,0,1,"ROBERTS, Charles Patrick (Pat)",R000307,1936,,0.413,-0.09,-86.98614,0.84375,512,39,,0.379,0.159,1
109,Senate,14922,56,0,WV,100,D,0,1,"ROCKEFELLER, John Davison IV (Jay)",R000361,1937,,-0.326,0.177,-78.03599,0.829,416,36,,-0.297,0.106,0
109,Senate,40500,62,0,CO,100,D,0,1,"SALAZAR, Kenneth Lee",S001163,1955,,-0.223,0.042,-116.76393,0.795,509,50,,-0.243,0.135,0
109,Senate,29141,14,0,PA,200,R,0,1,"SANTORUM, Richard John (Rick)",S000059,1958,,0.338,-0.234,-110.72166,0.802,501,48,,0.348,-0.1,0
109,Senate,13039,52,0,MD,100,D,0,1,"SARBANES, Paul Spyros",S000064,1933,2020,-0.435,-0.221,-61.44281,0.888,518,26,,-0.398,-0.377,0
109,Senate,14858,13,0,NY,100,D,0,1,"SCHUMER, Charles Ellis (Chuck)",S000148,1950,,-0.355,-0.419,-99.35052,0.82486,516,49,,-0.309,-0.36,0
109,Senate,49700,41,0,AL,200,R,0,1,"SESSIONS, Jefferson Beauregard III (Jeff)",S001141,1946,,0.549,0.13,-77.46735,0.86109,518,34,,0.656,0.19,1
109,Senate,94659,41,0,AL,200,R,0,1,"SHELBY, Richard C.",S000320,1934,,0.446,0.57,-85.54506,0.84613,512,36,,0.408,0.426,0
109,Senate,49705,72,0,OR,200,R,0,1,"SMITH, Gordon Harold",S001142,1952,,0.192,-0.21,-139.70832,0.762,515,62,,0.213,-0.253,0
109,Senate,14661,2,0,ME,200,R,0,1,"SNOWE, Olympia Jean",S000663,1947,,0.091,-0.548,-178.51166,0.706,513,82,,0.063,-0.575,0
109,Senate,14910,14,0,PA,200,R,0,1,"SPECTER, Arlen",S000709,1930,2012,0.068,-0.627,-196.31967,0.679,507,101,,0.102,-0.451,0
109,Senate,29732,23,0,MI,100,D,0,1,"STABENOW, Deborah Ann",S000770,1950,,-0.343,-0.019,-100.85505,0.82215,515,43,,-0.347,0.218,0
109,Senate,12109,81,0,AK,200,R,0,1,"STEVENS, Theodore Fulton (Ted)",S000888,1923,2010,0.219,-0.5,-129.87977,0.776,512,48,,0.298,-0.344,0
109,Senate,29740,4,0,NH,200,R,0,1,"SUNUNU, John E.",S001078,1964,,0.473,-0.52,-151.4689,0.741,506,74,,0.501,-0.809,0
109,Senate,29369,34,0,MO,200,R,0,1,"TALENT, James Matthes",T000024,1956,,0.364,0.098,-150.57302,0.749,520,67,,0.261,0.31,1
109,Senate,15633,68,0,WY,200,R,0,1,"THOMAS, Craig Lyle",T000162,1933,2007,0.446,-0.128,-97.31212,0.823,500,35,,0.534,0.035,0
109,Senate,29754,37,0,SD,200,R,0,1,"THUNE, John",T000250,1961,,0.433,0.225,-105.73388,0.81176,507,48,,0.357,0.198,1
109,Senate,29918,45,0,LA,200,R,0,1,"VITTER, David",V000127,1961,,0.495,0.323,-99.29381,0.822,507,46,,0.544,0.553,0
109,Senate,49903,24,0,OH,200,R,0,1,"VOINOVICH, George Victor",V000126,1936,2016,0.239,-0.803,-181.59691,0.703,516,88,,0.25,-0.672,0
109,Senate,14712,40,0,VA,200,R,0,1,"WARNER, John William",W000154,1927,2021,0.262,-0.131,-135.08386,0.768,513,61,,0.246,-0.309,1
110,Senate,14871,72,0,OR,100,D,0,1,"WYDEN, Ronald Lee",W000779,1949,,-0.332,-0.486,-101.25278,0.82276,519,51,,-0.336,-0.475,0
110,Senate,14400,82,0,HI,100,D,0,1,"AKAKA, Daniel Kahikina",A000069,1924,2018,-0.419,0.273,-63.04187,0.892,549,20,,-0.355,-0.028,1
110,Senate,40304,54,0,TN,200,R,0,1,"ALEXANDER, Lamar",A000360,1940,,0.324,-0.176,-143.67353,0.76177,528,64,,0.339,-0.192,0
110,Senate,29108,62,0,CO,200,R,0,1,"ALLARD, A. Wayne",A000109,1943,,0.572,-0.121,-96.18367,0.834,531,43,,0.563,-0.088,0
110,Senate,40707,68,0,WY,200,R,2,2,"BARRASSO, John A.",B001261,1952,,0.538,0.198,-71.72142,0.82465,372,33,,0.58,0.329,0
110,Senate,14203,64,0,MT,100,D,0,1,"BAUCUS, Max Sieben",B000243,1941,,-0.212,0.017,-113.29573,0.814,549,57,,-0.237,0.52,0
110,Senate,49901,22,0,IN,100,D,0,1,"BAYH, Evan",B001233,1955,,-0.158,-0.142,-211.47833,0.675,538,90,,-0.078,-0.133,1
110,Senate,49307,67,0,UT,200,R,0,1,"BENNETT, Robert",B000382,1933,2016,0.331,-0.11,-159.60927,0.746,544,77,,0.351,-0.31,0
110,Senate,14101,11,0,DE,100,D,0,1,"BIDEN, Joseph Robinette, Jr.",B000444,1942,,-0.314,-0.042,-37.64402,0.906,383,14,,-0.386,-0.163,0
110,Senate,14912,66,0,NM,100,D,0,1,"BINGAMAN, Jesse Francis, Jr. (Jeff)",B000468,1943,,-0.266,0.045,-70.65731,0.878,544,33,,-0.366,0.066,0
110,Senate,15501,34,0,MO,200,R,0,1,"BOND, Christopher Samuel (Kit)",B000611,1939,,0.31,-0.169,-172.26186,0.721,526,79,,0.344,-0.087,0
110,Senate,15011,71,0,CA,100,D,0,1,"BOXER, Barbara",B000711,1940,,-0.45,-0.423,-39.20646,0.927,517,14,,-0.486,-0.325,0
110,Senate,29389,24,0,OH,100,D,0,1,"BROWN, Sherrod",B000944,1952,,-0.425,-0.097,-46.576,0.91751,541,16,,-0.46,-0.101,0
110,Senate,29523,32,0,KS,200,R,0,1,"BROWNBACK, Sam Dale",B000953,1956,,0.439,-0.306,-116.12613,0.764,431,47,,0.425,-0.206,0
110,Senate,15406,51,0,KY,200,R,0,1,"BUNNING, James Paul David",B001066,1931,2017,0.521,-0.049,-123.81319,0.793,534,62,,0.546,0.087,0
110,Senate,29548,47,0,NC,200,R,0,1,"BURR, Richard M.",B001135,1955,,0.435,-0.07,-123.5847,0.79374,535,57,,0.517,-0.191,0
110,Senate,1366,56,0,WV,100,D,0,1,"BYRD, Robert Carlyle",B001210,1917,2010,-0.309,0.729,-134.32444,0.762,493,65,,-0.433,0.902,1
110,Senate,39310,73,0,WA,100,D,0,1,"CANTWELL, Maria E.",C000127,1958,,-0.306,-0.405,-62.56405,0.89136,544,25,,-0.31,-0.501,0
110,Senate,15408,52,0,MD,100,D,0,1,"CARDIN, Benjamin Louis",C000141,1943,,-0.32,-0.224,-47.44357,0.91692,547,15,,-0.343,-0.323,0
110,Senate,15015,11,0,DE,100,D,0,1,"CARPER, Thomas Richard",C000174,1947,,-0.179,-0.225,-117.42916,0.80553,543,48,,-0.166,-0.277,0
110,Senate,40703,14,0,PA,100,D,0,1,"CASEY, Robert (Bob), Jr.",C001070,1960,,-0.313,0.166,-83.51871,0.85912,550,33,,-0.292,0.12,0
110,Senate,29512,44,0,GA,200,R,0,1,"CHAMBLISS, Saxby",C000286,1943,,0.423,0.205,-118.17378,0.804,541,51,,0.457,0.137,1
110,Senate,40105,13,0,NY,100,D,0,1,"CLINTON, Hillary Rodham",C001041,1947,,-0.367,-0.243,-32.82782,0.917,378,12,,-0.393,-0.387,1
110,Senate,29555,53,0,OK,200,R,0,1,"COBURN, Thomas Allen",C000560,1948,2020,0.782,0.055,-81.13222,0.852,508,38,,0.808,-0.055,0
110,Senate,14009,46,0,MS,200,R,0,1,"COCHRAN, William Thad",C000567,1937,2019,0.287,0.051,-162.31562,0.74162,543,80,,0.335,0.095,0
110,Senate,40302,33,0,MN,200,R,0,1,"COLEMAN, Norm",C001057,1949,,0.185,-0.125,-152.00508,0.751,531,74,,0.174,-0.014,0
110,Senate,49703,2,0,ME,200,R,0,1,"COLLINS, Susan Margaret",C001035,1952,,0.121,-0.505,-185.7684,0.71337,550,82,,0.097,-0.646,1
110,Senate,15502,36,0,ND,100,D,0,1,"CONRAD, Kent",C000705,1948,,-0.296,0.582,-89.37574,0.848,542,33,,-0.28,0.51,0
110,Senate,40705,54,0,TN,200,R,0,1,"CORKER, Robert (Bob)",C001071,1952,,0.395,-0.344,-186.37212,0.70858,541,89,,0.372,-0.201,1
110,Senate,40305,49,0,TX,200,R,0,1,"CORNYN, John",C001056,1952,,0.47,-0.064,-104.00251,0.82121,528,43,,0.487,0.058,1
110,Senate,14809,63,0,ID,200,R,0,1,"CRAIG, Larry Edwin",C000858,1945,,0.494,-0.014,-144.69214,0.757,519,71,,0.429,-0.079,0
110,Senate,29345,63,0,ID,200,R,0,1,"CRAPO, Michael Dean",C000880,1951,,0.504,0.293,-118.85167,0.79979,532,61,,0.459,0.248,0
110,Senate,29936,48,0,SC,200,R,0,1,"DeMINT, James W.",D000595,1951,,0.7,-0.102,-62.35449,0.89,534,25,,0.82,-0.07,0
110,Senate,14213,1,0,CT,100,D,0,1,"DODD, Christopher John",D000388,1944,,-0.328,-0.317,-54.49703,0.877,417,23,,-0.373,-0.601,0
110,Senate,40303,47,0,NC,200,R,0,1,"DOLE, Elizabeth Hanford",D000601,1936,,0.363,0.124,-158.24045,0.739,524,72,,0.352,0.112,1
110,Senate,14103,66,0,NM,200,R,0,1,"DOMENICI, Pete Vichi",D000407,1932,2017,0.257,-0.247,-156.72318,0.74,520,71,,0.264,-0.306,0
110,Senate,14812,36,0,ND,100,D,0,1,"DORGAN, Byron Leslie",D000432,1942,,-0.267,0.09,-114.09598,0.81,541,54,,-0.308,0.633,0
110,Senate,15021,21,0,IL,100,D,0,1,"DURBIN, Richard Joseph",D000563,1944,,-0.347,-0.306,-39.63349,0.93011,547,12,,-0.392,-0.377,0
110,Senate,29537,65,0,NV,200,R,0,1,"ENSIGN, John Eric",E000194,1958,,0.508,-0.464,-98.25512,0.83,528,43,,0.554,-0.352,1
110,Senate,49706,68,0,WY,200,R,0,1,"ENZI, Michael B.",E000285,1944,2021,0.545,0.199,-103.89855,0.82468,539,49,,0.567,0.243,0
110,Senate,49309,25,0,WI,100,D,0,1,"FEINGOLD, Russell Dana",F000061,1953,,-0.308,-0.951,-165.97253,0.74,551,73,,-0.988,0.152,0
110,Senate,49300,71,0,CA,100,D,0,1,"FEINSTEIN, Dianne",F000062,1933,2023,-0.268,-0.184,-73.91137,0.87097,535,33,,-0.254,-0.366,0
110,Senate,29566,48,0,SC,200,R,0,1,"GRAHAM, Lindsey O.",G000359,1955,,0.366,-0.277,-159.63179,0.73259,513,81,,0.47,-0.262,1
110,Senate,14226,31,0,IA,200,R,0,1,"GRASSLEY, Charles Ernest",G000386,1933,,0.361,-0.036,-192.58617,0.70458,550,95,,0.332,0.026,0
110,Senate,14826,4,0,NH,200,R,0,1,"GREGG, Judd Alan",G000445,1947,,0.429,-0.737,-144.56655,0.763,535,74,,0.452,-0.837,0
110,Senate,49704,35,0,NE,200,R,0,1,"HAGEL, Charles Timothy (Chuck)",H001028,1946,,0.344,-0.498,-253.94082,0.607,509,113,,0.308,-0.707,0
110,Senate,14230,31,0,IA,100,D,0,1,"HARKIN, Thomas Richard (Tom)",H000206,1939,,-0.351,-0.546,-65.16713,0.886,536,28,,-0.423,-0.259,0
110,Senate,14503,67,0,UT,200,R,0,1,"HATCH, Orrin Grant",H000338,1934,2022,0.382,-0.004,-164.08245,0.73797,540,73,,0.333,-0.008,0
110,Senate,49306,49,0,TX,200,R,0,1,"HUTCHISON, Kathryn Ann Bailey (Kay)",H001016,1943,,0.356,0.012,-128.85742,0.789,543,56,,0.36,0.097,0
110,Senate,15424,53,0,OK,200,R,0,1,"INHOFE, James Mountain",I000024,1934,2024,0.552,0.045,-100.69071,0.82518,524,43,,0.7,0.425,1
110,Senate,4812,82,0,HI,100,D,0,1,"INOUYE, Daniel Ken",I000025,1924,2012,-0.319,0.062,-75.92887,0.861,507,33,,-0.259,0.041,0
110,Senate,29909,44,0,GA,200,R,0,1,"ISAKSON, Johnny",I000055,1944,2021,0.402,-0.011,-102.63695,0.82661,539,43,,0.436,0.092,0
110,Senate,15425,37,0,SD,100,D,0,1,"JOHNSON, Timothy Peter (Tim)",J000177,1946,2024,-0.25,0.143,-45.92208,0.859,301,22,,-0.204,0.384,0
110,Senate,10808,3,0,MA,100,D,0,1,"KENNEDY, Edward Moore (Ted)",K000105,1932,2009,-0.443,-0.49,-63.94736,0.866,443,21,,-0.35,-0.608,1
110,Senate,14920,3,0,MA,100,D,0,1,"KERRY, John Forbes",K000148,1943,,-0.352,-0.382,-51.75039,0.907,530,18,,-0.365,-0.538,0
110,Senate,40700,33,0,MN,100,D,0,1,"KLOBUCHAR, Amy",K000367,1960,,-0.278,-0.337,-78.81287,0.8649,543,35,,-0.3,-0.135,0
110,Senate,15703,25,0,WI,100,D,0,1,"KOHL, Herbert H.",K000305,1935,2023,-0.256,-0.406,-63.25436,0.892,551,25,,-0.286,-0.204,0
110,Senate,15429,61,0,AZ,200,R,0,1,"KYL, Jon Llewellyn",K000352,1942,,0.548,-0.413,-131.02793,0.7849,541,56,,0.583,-0.507,0
110,Senate,49702,45,0,LA,100,D,0,1,"LANDRIEU, Mary L.",L000550,1955,,-0.203,0.444,-142.15312,0.767,537,61,,-0.152,0.549,0
110,Senate,14914,12,0,NJ,100,D,0,1,"LAUTENBERG, Frank Raleigh",L000123,1924,2013,-0.382,-0.579,-40.59802,0.928,541,13,,-0.421,-0.508,0
110,Senate,14307,6,0,VT,100,D,0,1,"LEAHY, Patrick Joseph",L000174,1940,,-0.36,-0.121,-72.90595,0.87522,547,31,,-0.416,-0.079,0
110,Senate,14709,23,0,MI,100,D,0,1,"LEVIN, Carl",L000261,1934,2021,-0.395,-0.116,-65.56103,0.887,546,26,,-0.336,-0.038,1
110,Senate,15704,1,0,CT,100,D,0,1,"LIEBERMAN, Joseph I.",L000304,1942,2024,-0.205,-0.312,-156.74762,0.745,533,68,,-0.133,-0.487,1
110,Senate,29305,42,0,AR,100,D,0,1,"LINCOLN, Blanche Lambert",L000035,1960,,-0.166,0.178,-94.73876,0.837,534,44,,-0.187,0.221,0
110,Senate,14031,46,0,MS,200,R,1,1,"LOTT, Chester Trent",L000447,1941,,0.39,0.194,-91.92665,0.762,338,45,,0.437,0.091,0
110,Senate,14506,22,0,IN,200,R,0,1,"LUGAR, Richard Green",L000504,1932,2019,0.304,-0.466,-184.123,0.714,546,93,,0.256,-0.655,0
110,Senate,40501,43,0,FL,200,R,0,1,"MARTINEZ, Melquiades R. (Mel)",M001162,1946,,0.333,-0.417,-174.06121,0.726,543,88,,0.344,-0.409,1
110,Senate,15039,61,0,AZ,200,R,0,1,"McCAIN, John Sidney, III",M000303,1936,2018,0.381,-0.626,-42.53879,0.80754,199,17,,0.442,-0.73,1
110,Senate,40701,34,0,MO,100,D,0,1,"McCASKILL, Claire",M001170,1953,,-0.143,0.023,-215.69865,0.6697,538,92,,-0.21,0.364,1
110,Senate,14921,51,0,KY,200,R,0,1,"McCONNELL, Addison Mitchell (Mitch)",M000355,1942,,0.403,0.023,-111.04714,0.81687,549,43,,0.43,-0.033,0
110,Senate,29373,12,0,NJ,100,D,0,1,"MENENDEZ, Robert",M000639,1954,,-0.366,-0.126,-55.50399,0.90283,543,24,,-0.423,-0.576,0
110,Senate,14440,52,0,MD,100,D,0,1,"MIKULSKI, Barbara Ann",M000702,1936,,-0.37,-0.128,-82.3516,0.859,542,37,,-0.258,-0.102,0
110,Senate,40300,81,0,AK,200,R,0,1,"MURKOWSKI, Lisa",M001153,1957,,0.206,-0.304,-152.66435,0.75374,540,62,,0.23,-0.363,0
110,Senate,49308,73,0,WA,100,D,0,1,"MURRAY, Patty",M001111,1950,,-0.354,-0.315,-46.90345,0.91636,537,19,,-0.35,-0.223,0
110,Senate,14651,43,0,FL,100,D,0,1,"NELSON, Clarence William (Bill)",N000032,1942,,-0.193,0.337,-108.25208,0.81865,541,56,,-0.247,0.028,1
110,Senate,40103,35,0,NE,100,D,0,1,"NELSON, Earl Benjamin (Ben)",N000180,1941,,-0.03,0.588,-114.48679,0.81,543,42,,-0.084,0.673,1
110,Senate,40502,21,0,IL,100,D,0,1,"OBAMA, Barack",O000167,1961,,-0.343,-0.434,-30.80198,0.903,303,9,,-0.357,-0.512,0
110,Senate,40301,42,0,AR,100,D,0,1,"PRYOR, Mark",P000590,1963,,-0.199,0.463,-94.81818,0.841,549,40,,-0.174,0.465,1
110,Senate,29142,5,0,RI,100,D,0,1,"REED, John F. (Jack)",R000122,1949,,-0.362,-0.166,-67.5748,0.88379,547,29,,-0.367,-0.32,1
110,Senate,15054,65,0,NV,100,D,0,1,"REID, Harry",R000146,1939,2021,-0.276,0.258,-150.55397,0.76,548,59,,-0.317,0.206,0
110,Senate,14852,32,0,KS,200,R,0,1,"ROBERTS, Charles Patrick (Pat)",R000307,1936,,0.413,-0.09,-162.89546,0.73918,539,82,,0.326,0.087,0
110,Senate,14922,56,0,WV,100,D,0,1,"ROCKEFELLER, John Davison IV (Jay)",R000361,1937,,-0.326,0.177,-92.70446,0.838,523,50,,-0.28,0.346,0
110,Senate,40500,62,0,CO,100,D,0,1,"SALAZAR, Kenneth Lee",S001163,1955,,-0.223,0.042,-77.20478,0.869,550,35,,-0.202,-0.001,0
110,Senate,29147,6,0,VT,328,I,0,1,"SANDERS, Bernard",S000033,1941,,-0.543,-0.421,-71.8811,0.87686,547,36,,-0.599,0.07,0
110,Senate,14858,13,0,NY,100,D,0,1,"SCHUMER, Charles Ellis (Chuck)",S000148,1950,,-0.355,-0.419,-44.5877,0.92089,541,15,,-0.369,-0.474,0
110,Senate,49700,41,0,AL,200,R,0,1,"SESSIONS, Jefferson Beauregard III (Jeff)",S001141,1946,,0.549,0.13,-131.66522,0.78363,540,65,,0.501,0.077,1
110,Senate,94659,41,0,AL,200,R,0,1,"SHELBY, Richard C.",S000320,1934,,0.446,0.57,-141.02238,0.77238,546,63,,0.427,0.342,0
110,Senate,49705,72,0,OR,200,R,0,1,"SMITH, Gordon Harold",S001142,1952,,0.192,-0.21,-207.12565,0.685,547,102,,0.134,-0.139,0
110,Senate,14661,2,0,ME,200,R,0,1,"SNOWE, Olympia Jean",S000663,1947,,0.091,-0.548,-176.02011,0.726,550,72,,0.053,-0.438,0
110,Senate,14910,14,0,PA,200,R,0,1,"SPECTER, Arlen",S000709,1930,2012,0.068,-0.627,-199.23388,0.693,543,100,,0.122,-0.551,0
110,Senate,29732,23,0,MI,100,D,0,1,"STABENOW, Deborah Ann",S000770,1950,,-0.343,-0.019,-70.294,0.87899,545,29,,-0.388,0.24,0
110,Senate,12109,81,0,AK,200,R,0,1,"STEVENS, Theodore Fulton (Ted)",S000888,1923,2010,0.219,-0.5,-160.3039,0.738,528,65,,0.221,-0.218,0
110,Senate,29740,4,0,NH,200,R,0,1,"SUNUNU, John E.",S001078,1964,,0.473,-0.52,-197.3818,0.695,542,87,,0.376,-0.592,0
110,Senate,40702,64,0,MT,100,D,0,1,"TESTER, Jon",T000464,1956,,-0.213,0.153,-121.08903,0.80011,543,61,,-0.278,0.563,0
110,Senate,15633,68,0,WY,200,R,1,1,"THOMAS, Craig Lyle",T000162,1933,2007,0.446,-0.128,-32.51516,0.766,122,11,,0.541,0.14,0
110,Senate,29754,37,0,SD,200,R,0,1,"THUNE, John",T000250,1961,,0.433,0.225,-125.79295,0.79456,547,60,,0.431,0.172,1
110,Senate,29918,45,0,LA,200,R,0,1,"VITTER, David",V000127,1961,,0.495,0.323,-118.05491,0.801,532,57,,0.565,0.485,0
110,Senate,49903,24,0,OH,200,R,0,1,"VOINOVICH, George Victor",V000126,1936,2016,0.239,-0.803,-294.43741,0.581,543,147,,0.24,-0.846,0
110,Senate,14712,40,0,VA,200,R,0,1,"WARNER, John William",W000154,1927,2021,0.262,-0.131,-148.75207,0.744,503,69,,0.252,-0.318,1
110,Senate,40706,40,0,VA,100,D,0,1,"WEBB, James H. (Jim)",W000803,1946,,-0.169,0.023,-114.1986,0.811,544,48,,-0.231,0.109,1
110,Senate,40704,5,0,RI,100,D,0,1,"WHITEHOUSE, Sheldon",W000802,1955,,-0.353,-0.112,-69.30973,0.88119,548,28,,-0.382,-0.438,0
110,Senate,29534,46,0,MS,200,R,2,2,"WICKER, Roger F.",W000437,1951,,0.377,0.341,-33.07751,0.82954,177,12,,0.397,0.561,1
111,Senate,14871,72,0,OR,100,D,0,1,"WYDEN, Ronald Lee",W000779,1949,,-0.332,-0.486,-71.47556,0.87581,539,26,,-0.323,-0.327,0
111,Senate,14400,82,0,HI,100,D,0,1,"AKAKA, Daniel Kahikina",A000069,1924,2018,-0.419,0.273,-42.8555,0.933,615,20,,-0.428,0.39,1
111,Senate,40304,54,0,TN,200,R,0,1,"ALEXANDER, Lamar",A000360,1940,,0.324,-0.176,-157.59305,0.77134,607,83,,0.283,-0.237,0
111,Senate,40707,68,0,WY,200,R,0,1,"BARRASSO, John A.",B001261,1952,,0.538,0.198,-70.12369,0.8924,616,35,,0.538,0.226,0
111,Senate,14203,64,0,MT,100,D,0,1,"BAUCUS, Max Sieben",B000243,1941,,-0.212,0.017,-99.0462,0.851,612,41,,-0.242,0.355,0
111,Senate,49901,22,0,IN,100,D,0,1,"BAYH, Evan",B001233,1955,,-0.158,-0.142,-340.29728,0.559,585,152,,-0.073,-0.073,1
111,Senate,40900,81,0,AK,100,D,0,1,"BEGICH, Mark",B001265,1962,,-0.235,0.15,-87.37909,0.864,600,35,,-0.238,0.195,1
111,Senate,40910,62,0,CO,100,D,2,5,"BENNET, Michael F.",B001267,1964,,-0.235,-0.185,-116.94249,0.82477,607,50,,-0.211,-0.129,0
111,Senate,49307,67,0,UT,200,R,0,1,"BENNETT, Robert",B000382,1933,2016,0.331,-0.11,-132.59838,0.794,574,64,,0.312,-0.061,0
111,Senate,14101,11,0,DE,100,D,1,1,"BIDEN, Joseph Robinette, Jr.",B000444,1942,,-0.314,-0.042,,,,,,-0.741,0.672,0
111,Senate,14912,66,0,NM,100,D,0,1,"BINGAMAN, Jesse Francis, Jr. (Jeff)",B000468,1943,,-0.266,0.045,-91.20556,0.862,616,35,,-0.32,0.137,1
111,Senate,15501,34,0,MO,200,R,0,1,"BOND, Christopher Samuel (Kit)",B000611,1939,,0.31,-0.169,-200.34262,0.701,564,100,,0.248,-0.033,0
111,Senate,15011,71,0,CA,100,D,0,1,"BOXER, Barbara",B000711,1940,,-0.45,-0.423,-71.07957,0.889,607,23,,-0.338,-0.282,0
111,Senate,40913,3,0,MA,200,R,3,2,"BROWN, Scott P.",B001268,1959,,0.128,-0.294,-76.32161,0.732,245,38,,0.177,-0.106,1
111,Senate,29389,24,0,OH,100,D,0,1,"BROWN, Sherrod",B000944,1952,,-0.425,-0.097,-33.42602,0.94659,609,13,,-0.454,-0.263,0
111,Senate,29523,32,0,KS,200,R,0,1,"BROWNBACK, Sam Dale",B000953,1956,,0.439,-0.306,-107.38746,0.831,579,54,,0.419,-0.389,0
111,Senate,15406,51,0,KY,200,R,0,1,"BUNNING, James Paul David",B001066,1931,2017,0.521,-0.049,-90.44553,0.854,574,30,,0.632,-0.196,0
111,Senate,29548,47,0,NC,200,R,0,1,"BURR, Richard M.",B001135,1955,,0.435,-0.07,-93.6133,0.85576,601,36,,0.491,-0.105,1
111,Senate,40903,21,0,IL,100,D,2,5,"BURRIS, Roland",B001266,1937,,-0.468,0.044,-26.54473,0.954,564,9,,-0.468,0.078,0
111,Senate,1366,56,0,WV,100,D,1,1,"BYRD, Robert Carlyle",B001210,1917,2010,-0.309,0.729,-59.00211,0.815,288,25,,-0.3,0.945,0
111,Senate,39310,73,0,WA,100,D,0,1,"CANTWELL, Maria E.",C000127,1958,,-0.306,-0.405,-111.40934,0.83381,613,45,,-0.264,-0.392,0
111,Senate,15408,52,0,MD,100,D,0,1,"CARDIN, Benjamin Louis",C000141,1943,,-0.32,-0.224,-46.25798,0.92766,616,14,,-0.437,-0.194,0
111,Senate,15015,11,0,DE,100,D,0,1,"CARPER, Thomas Richard",C000174,1947,,-0.179,-0.225,-126.35763,0.81345,612,50,,-0.259,-0.106,0
111,Senate,40703,14,0,PA,100,D,0,1,"CASEY, Robert (Bob), Jr.",C001070,1960,,-0.313,0.166,-71.52944,0.89037,616,26,,-0.347,0.494,0
111,Senate,29512,44,0,GA,200,R,0,1,"CHAMBLISS, Saxby",C000286,1943,,0.423,0.205,-83.19101,0.868,588,34,,0.476,0.096,1
111,Senate,40105,13,0,NY,100,D,1,1,"CLINTON, Hillary Rodham",C001041,1947,,-0.367,-0.243,,,,,,-0.592,0.549,0
111,Senate,29555,53,0,OK,200,R,0,1,"COBURN, Thomas Allen",C000560,1948,2020,0.782,0.055,-47.67462,0.924,605,19,,0.843,-0.238,0
111,Senate,14009,46,0,MS,200,R,0,1,"COCHRAN, William Thad",C000567,1937,2019,0.287,0.051,-171.49454,0.75527,611,83,,0.281,0.235,0
111,Senate,49703,2,0,ME,200,R,0,1,"COLLINS, Susan Margaret",C001035,1952,,0.121,-0.505,-170.20423,0.75858,616,76,,0.087,-0.476,1
111,Senate,15502,36,0,ND,100,D,0,1,"CONRAD, Kent",C000705,1948,,-0.296,0.582,-98.16397,0.849,601,41,,-0.26,0.399,0
111,Senate,40916,11,0,DE,100,D,3,2,"COONS, Christopher A.",C001088,1963,,-0.236,-0.225,-3.49456,0.92365,44,1,,-0.396,0.09,1
111,Senate,40705,54,0,TN,200,R,0,1,"CORKER, Robert (Bob)",C001071,1952,,0.395,-0.344,-145.78071,0.78804,612,64,,0.371,-0.469,0
111,Senate,40305,49,0,TX,200,R,0,1,"CORNYN, John",C001056,1952,,0.47,-0.064,-81.72251,0.87326,603,27,,0.549,0.196,0
111,Senate,29345,63,0,ID,200,R,0,1,"CRAPO, Michael Dean",C000880,1951,,0.504,0.293,-78.25946,0.87941,609,31,,0.508,0.508,0
111,Senate,29936,48,0,SC,200,R,0,1,"DeMINT, James W.",D000595,1951,,0.7,-0.102,-54.83432,0.913,602,23,,0.801,-0.032,0
111,Senate,14213,1,0,CT,100,D,0,1,"DODD, Christopher John",D000388,1944,,-0.328,-0.317,-50.73445,0.919,601,18,,-0.367,-0.095,0
111,Senate,14812,36,0,ND,100,D,0,1,"DORGAN, Byron Leslie",D000432,1942,,-0.267,0.09,-105.03081,0.841,607,44,,-0.266,0.26,0
111,Senate,15021,21,0,IL,100,D,0,1,"DURBIN, Richard Joseph",D000563,1944,,-0.347,-0.306,-48.49196,0.92382,612,16,,-0.5,-0.362,0
111,Senate,29537,65,0,NV,200,R,0,1,"ENSIGN, John Eric",E000194,1958,,0.508,-0.464,-109.71997,0.834,604,45,,0.516,-0.37,0
111,Senate,49706,68,0,WY,200,R,0,1,"ENZI, Michael B.",E000285,1944,2021,0.545,0.199,-76.96127,0.88036,604,38,,0.53,0.146,0
111,Senate,49309,25,0,WI,100,D,0,1,"FEINGOLD, Russell Dana",F000061,1953,,-0.308,-0.951,-265.2738,0.65,615,129,,-0.23,-0.973,0
111,Senate,49300,71,0,CA,100,D,0,1,"FEINSTEIN, Dianne",F000062,1933,2023,-0.268,-0.184,-75.24408,0.88466,614,28,,-0.336,-0.204,0
111,Senate,40904,33,0,MN,100,D,0,1,"FRANKEN, Al",F000457,1951,,-0.399,-0.169,-32.04064,0.92621,418,13,,-0.432,-0.15,0
111,Senate,20735,13,0,NY,100,D,2,2,"GILLIBRAND, Kirsten",G000555,1966,,-0.454,-0.332,-40.04113,0.93502,596,17,,-0.418,-0.226,0
111,Senate,40914,56,0,WV,100,D,2,5,"GOODWIN, Carte P.",G000561,1974,,-0.747,-0.063,-0.19241,0.995,37,0,,-0.741,-0.119,0
111,Senate,29566,48,0,SC,200,R,0,1,"GRAHAM, Lindsey O.",G000359,1955,,0.366,-0.277,-114.03995,0.82743,602,47,,0.421,-0.2,1
111,Senate,14226,31,0,IA,200,R,0,1,"GRASSLEY, Charles Ernest",G000386,1933,,0.361,-0.036,-147.00654,0.78769,616,71,,0.387,0.003,0
111,Senate,14826,4,0,NH,200,R,0,1,"GREGG, Judd Alan",G000445,1947,,0.429,-0.737,-149.54081,0.761,548,81,,0.344,-0.78,0
111,Senate,40907,47,0,NC,100,D,0,1,"HAGAN, Kay",H001049,1953,2019,-0.202,0.281,-121.38543,0.819,608,39,,-0.212,0.249,1
111,Senate,14230,31,0,IA,100,D,0,1,"HARKIN, Thomas Richard (Tom)",H000206,1939,,-0.351,-0.546,-60.00287,0.906,608,26,,-0.518,-0.439,0
111,Senate,14503,67,0,UT,200,R,0,1,"HATCH, Orrin Grant",H000338,1934,2022,0.382,-0.004,-127.4901,0.80914,602,57,,0.353,-0.061,0
111,Senate,49306,49,0,TX,200,R,0,1,"HUTCHISON, Kathryn Ann Bailey (Kay)",H001016,1943,,0.356,0.012,-99.32698,0.838,561,46,,0.372,0.122,0
111,Senate,15424,53,0,OK,200,R,0,1,"INHOFE, James Mountain",I000024,1934,2024,0.552,0.045,-83.48166,0.86889,594,29,,0.595,0.033,1
111,Senate,4812,82,0,HI,100,D,0,1,"INOUYE, Daniel Ken",I000025,1924,2012,-0.319,0.062,-43.66876,0.931,612,19,,-0.397,0.102,0
111,Senate,29909,44,0,GA,200,R,0,1,"ISAKSON, Johnny",I000055,1944,2021,0.402,-0.011,-100.81701,0.83279,551,39,,0.433,-0.08,0
111,Senate,40905,35,0,NE,200,R,0,1,"JOHANNS, Mike",J000291,1950,,0.391,0.293,-122.98633,0.811,586,53,,0.402,-0.028,0
111,Senate,15425,37,0,SD,100,D,0,1,"JOHNSON, Timothy Peter (Tim)",J000177,1946,2024,-0.25,0.143,-65.3814,0.898,605,18,,-0.344,0.419,0
111,Senate,40901,11,0,DE,100,D,2,5,"KAUFMAN, Edward E. (Ted)",K000373,1939,,-0.391,-0.126,-52.71229,0.91,562,19,,-0.389,-0.134,0
111,Senate,10808,3,0,MA,100,D,1,1,"KENNEDY, Edward Moore (Ted)",K000105,1932,2009,-0.443,-0.49,,,,,,-0.735,0.181,0
111,Senate,14920,3,0,MA,100,D,0,1,"KERRY, John Forbes",K000148,1943,,-0.352,-0.382,-45.70761,0.927,604,17,,-0.402,-0.019,0
111,Senate,20115,21,0,IL,200,R,3,2,"KIRK, Mark Steven",K000360,1959,,0.274,-0.647,,,,,,0.33,-0.705,1
111,Senate,40912,3,0,MA,100,D,2,5,"KIRK, Paul G., Jr.",K000374,1938,,-0.517,0.012,-3.5084,0.964,95,1,,-0.52,0.176,0
111,Senate,40700,33,0,MN,100,D,0,1,"KLOBUCHAR, Amy",K000367,1960,,-0.278,-0.337,-126.65607,0.81278,611,55,,-0.207,-0.224,0
111,Senate,15703,25,0,WI,100,D,0,1,"KOHL, Herbert H.",K000305,1935,2023,-0.256,-0.406,-77.87947,0.881,615,30,,-0.259,-0.217,0
111,Senate,15429,61,0,AZ,200,R,0,1,"KYL, Jon Llewellyn",K000352,1942,,0.548,-0.413,-85.06927,0.86943,608,39,,0.532,-0.506,0
111,Senate,49702,45,0,LA,100,D,0,1,"LANDRIEU, Mary L.",L000550,1955,,-0.203,0.444,-99.21112,0.845,590,32,,-0.248,0.478,0
111,Senate,14914,12,0,NJ,100,D,0,1,"LAUTENBERG, Frank Raleigh",L000123,1924,2013,-0.382,-0.579,-39.74582,0.936,600,15,,-0.411,-0.134,0
111,Senate,14307,6,0,VT,100,D,0,1,"LEAHY, Patrick Joseph",L000174,1940,,-0.36,-0.121,-49.6503,0.92134,606,20,,-0.438,-0.035,0
111,Senate,40911,43,0,FL,200,R,2,5,"LEMIEUX, George S.",L000572,1969,,0.34,0.081,-71.21728,0.821,360,31,,0.339,0.091,1
111,Senate,14709,23,0,MI,100,D,0,1,"LEVIN, Carl",L000261,1934,2021,-0.395,-0.116,-47.95866,0.925,615,19,,-0.417,-0.109,1
111,Senate,15704,1,0,CT,100,D,0,1,"LIEBERMAN, Joseph I.",L000304,1942,2024,-0.205,-0.312,-143.51583,0.787,599,62,,-0.209,-0.384,1
111,Senate,29305,42,0,AR,100,D,0,1,"LINCOLN, Blanche Lambert",L000035,1960,,-0.166,0.178,-164.80066,0.757,592,78,,-0.112,0.247,0
111,Senate,14506,22,0,IN,200,R,0,1,"LUGAR, Richard Green",L000504,1932,2019,0.304,-0.466,-172.99602,0.753,611,85,,0.26,-0.496,0
111,Senate,40915,56,0,WV,100,D,3,2,"MANCHIN, Joe, III",M001183,1947,,-0.057,0.4,-10.49036,0.77425,41,6,,-0.114,0.629,1
111,Senate,40501,43,0,FL,200,R,1,1,"MARTINEZ, Melquiades R. (Mel)",M001162,1946,,0.333,-0.417,-78.9308,0.713,233,38,,0.288,-0.306,0
111,Senate,15039,61,0,AZ,200,R,0,1,"McCAIN, John Sidney, III",M000303,1936,2018,0.381,-0.626,-106.88463,0.83855,607,43,,0.499,-0.508,1
111,Senate,40701,34,0,MO,100,D,0,1,"McCASKILL, Claire",M001170,1953,,-0.143,0.023,-296.99569,0.61257,606,111,,-0.146,-0.17,1
111,Senate,14921,51,0,KY,200,R,0,1,"McCONNELL, Addison Mitchell (Mitch)",M000355,1942,,0.403,0.023,-88.39655,0.86612,615,45,,0.458,-0.09,0
111,Senate,29373,12,0,NJ,100,D,0,1,"MENENDEZ, Robert",M000639,1954,,-0.366,-0.126,-56.77035,0.91113,610,17,,-0.362,-0.412,0
111,Senate,40908,72,0,OR,100,D,0,1,"MERKLEY, Jeff",M001176,1956,,-0.453,-0.736,-65.65486,0.89843,613,28,,-0.382,-0.584,0
111,Senate,14440,52,0,MD,100,D,0,1,"MIKULSKI, Barbara Ann",M000702,1936,,-0.37,-0.128,-29.16494,0.95,567,9,,-0.4,-0.096,0
111,Senate,40300,81,0,AK,200,R,0,1,"MURKOWSKI, Lisa",M001153,1957,,0.206,-0.304,-157.0289,0.76493,586,75,,0.218,-0.211,0
111,Senate,49308,73,0,WA,100,D,0,1,"MURRAY, Patty",M001111,1950,,-0.354,-0.315,-57.10605,0.90964,603,24,,-0.318,-0.059,0
111,Senate,14651,43,0,FL,100,D,0,1,"NELSON, Clarence William (Bill)",N000032,1942,,-0.193,0.337,-111.42153,0.8318,605,46,,-0.219,-0.03,1
111,Senate,40103,35,0,NE,100,D,0,1,"NELSON, Earl Benjamin (Ben)",N000180,1941,,-0.03,0.588,-175.41729,0.752,616,71,,-0.007,0.648,1
111,Senate,40301,42,0,AR,100,D,0,1,"PRYOR, Mark",P000590,1963,,-0.199,0.463,-109.64356,0.836,612,50,,-0.194,0.342,0
111,Senate,29142,5,0,RI,100,D,0,1,"REED, John F. (Jack)",R000122,1949,,-0.362,-0.166,-42.4481,0.93289,611,15,,-0.462,-0.167,1
111,Senate,15054,65,0,NV,100,D,0,1,"REID, Harry",R000146,1939,2021,-0.276,0.258,-110.20734,0.836,616,38,,-0.323,0.45,0
111,Senate,40902,63,0,ID,200,R,0,1,"RISCH, James",R000584,1943,,0.55,0.389,-65.14422,0.89902,612,30,,0.533,0.592,0
111,Senate,14852,32,0,KS,200,R,0,1,"ROBERTS, Charles Patrick (Pat)",R000307,1936,,0.413,-0.09,-97.40954,0.84613,583,50,,0.432,0.157,0
111,Senate,14922,56,0,WV,100,D,0,1,"ROCKEFELLER, John Davison IV (Jay)",R000361,1937,,-0.326,0.177,-54.0638,0.907,557,21,,-0.343,0.127,0
111,Senate,40500,62,0,CO,100,D,1,1,"SALAZAR, Kenneth Lee",S001163,1955,,-0.223,0.042,,,,,,-0.592,0.549,0
111,Senate,29147,6,0,VT,328,I,0,1,"SANDERS, Bernard",S000033,1941,,-0.543,-0.421,-69.7924,0.89206,611,32,,-0.549,-0.284,0
111,Senate,14858,13,0,NY,100,D,0,1,"SCHUMER, Charles Ellis (Chuck)",S000148,1950,,-0.355,-0.419,-36.14963,0.94273,613,10,,-0.393,-0.261,0
111,Senate,49700,41,0,AL,200,R,0,1,"SESSIONS, Jefferson Beauregard III (Jeff)",S001141,1946,,0.549,0.13,-78.71552,0.87589,594,32,,0.53,-0.241,1
111,Senate,40906,4,0,NH,100,D,0,1,"SHAHEEN, Jeanne",S001181,1947,,-0.228,-0.139,-78.64519,0.87848,607,29,,-0.293,-0.326,0
111,Senate,94659,41,0,AL,200,R,0,1,"SHELBY, Richard C.",S000320,1934,,0.446,0.57,-142.787,0.79191,612,75,,0.386,0.414,0
111,Senate,14661,2,0,ME,200,R,0,1,"SNOWE, Olympia Jean",S000663,1947,,0.091,-0.548,-181.62384,0.745,616,93,,0.095,-0.516,0
111,Senate,14910,14,0,PA,200,R,0,1,"SPECTER, Arlen",S000709,1930,2012,0.068,-0.627,-55.25642,0.709,161,30,,0.111,-0.407,0
111,Senate,94910,14,0,PA,100,D,0,1,"SPECTER, Arlen",S000709,1930,2012,-0.321,0.036,-43.00533,0.904,428,18,,-0.32,0.018,0
111,Senate,29732,23,0,MI,100,D,0,1,"STABENOW, Deborah Ann",S000770,1950,,-0.343,-0.019,-39.33328,0.93775,612,17,,-0.352,0.125,0
111,Senate,40702,64,0,MT,100,D,0,1,"TESTER, Jon",T000464,1956,,-0.213,0.153,-97.59339,0.85215,610,43,,-0.214,0.21,0
111,Senate,29754,37,0,SD,200,R,0,1,"THUNE, John",T000250,1961,,0.433,0.225,-80.85617,0.87661,614,30,,0.501,0.116,1
111,Senate,29906,62,0,CO,100,D,0,1,"UDALL, Mark",U000038,1950,,-0.353,0.049,-140.65982,0.794,611,56,,-0.237,-0.241,1
111,Senate,29924,66,0,NM,100,D,0,1,"UDALL, Thomas (Tom)",U000039,1948,,-0.453,0.161,-59.25532,0.90757,611,30,,-0.372,0.007,0
111,Senate,29918,45,0,LA,200,R,0,1,"VITTER, David",V000127,1961,,0.495,0.323,-98.89553,0.845,588,41,,0.478,0.369,1
111,Senate,49903,24,0,OH,200,R,0,1,"VOINOVICH, George Victor",V000126,1936,2016,0.239,-0.803,-234.21564,0.671,587,115,,0.163,-0.83,0
111,Senate,40909,40,0,VA,100,D,0,1,"WARNER, Mark",W000805,1954,,-0.206,-0.041,-117.26981,0.82193,598,50,,-0.218,-0.105,0
111,Senate,40706,40,0,VA,100,D,0,1,"WEBB, James H. (Jim)",W000803,1946,,-0.169,0.023,-157.29414,0.773,610,68,,-0.151,0.076,1
111,Senate,40704,5,0,RI,100,D,0,1,"WHITEHOUSE, Sheldon",W000802,1955,,-0.353,-0.112,-51.84507,0.91774,604,19,,-0.539,-0.081,0
111,Senate,29534,46,0,MS,200,R,0,1,"WICKER, Roger F.",W000437,1951,,0.377,0.341,-105.12654,0.84122,608,47,,0.399,0.376,1
112,Senate,14871,72,0,OR,100,D,0,1,"WYDEN, Ronald Lee",W000779,1949,,-0.332,-0.486,-62.71477,0.90028,597,23,,-0.33,-0.418,0
112,Senate,14400,82,0,HI,100,D,0,1,"AKAKA, Daniel Kahikina",A000069,1924,2018,-0.419,0.273,-38.4816,0.909,402,17,,-0.45,-0.008,1
112,Senate,40304,54,0,TN,200,R,0,1,"ALEXANDER, Lamar",A000360,1940,,0.324,-0.176,-107.43609,0.76343,398,46,,0.311,-0.217,0
112,Senate,41106,4,0,NH,200,R,0,1,"AYOTTE, Kelly",A000368,1968,,0.351,-0.612,-95.77281,0.791,408,38,,0.425,-0.444,1
112,Senate,40707,68,0,WY,200,R,0,1,"BARRASSO, John A.",B001261,1952,,0.538,0.198,-84.41526,0.80974,400,32,,0.49,0.242,0
112,Senate,14203,64,0,MT,100,D,0,1,"BAUCUS, Max Sieben",B000243,1941,,-0.212,0.017,-89.52452,0.802,406,40,,-0.253,0.131,0
112,Senate,40900,81,0,AK,100,D,0,1,"BEGICH, Mark",B001265,1962,,-0.235,0.15,-88.4901,0.803,403,38,,-0.267,0.268,1
112,Senate,40910,62,0,CO,100,D,0,1,"BENNET, Michael F.",B001267,1964,,-0.235,-0.185,-55.76397,0.87107,404,25,,-0.225,-0.199,0
112,Senate,14912,66,0,NM,100,D,0,1,"BINGAMAN, Jesse Francis, Jr. (Jeff)",B000468,1943,,-0.266,0.045,-57.43829,0.868,406,19,,-0.301,-0.144,0
112,Senate,41101,1,0,CT,100,D,0,1,"BLUMENTHAL, Richard",B001277,1946,,-0.433,-0.164,-44.06629,0.89494,397,18,,-0.372,-0.127,1
112,Senate,29735,34,0,MO,200,R,0,1,"BLUNT, Roy",B000575,1950,,0.398,0.18,-141.07189,0.70587,405,66,,0.361,0.495,0
112,Senate,20101,42,0,AR,200,R,0,1,"BOOZMAN, John",B001236,1950,,0.427,0.338,-84.7077,0.81,402,39,,0.408,0.233,0
112,Senate,15011,71,0,CA,100,D,0,1,"BOXER, Barbara",B000711,1940,,-0.45,-0.423,-55.04957,0.864,378,19,,-0.471,-0.502,0
112,Senate,40913,3,0,MA,200,R,3,2,"BROWN, Scott P.",B001268,1959,,0.128,-0.294,-118.93215,0.747,407,52,,0.083,-0.396,1
112,Senate,29389,24,0,OH,100,D,0,1,"BROWN, Sherrod",B000944,1952,,-0.425,-0.097,-46.54461,0.89143,405,21,,-0.403,-0.277,0
112,Senate,29548,47,0,NC,200,R,0,1,"BURR, Richard M.",B001135,1955,,0.435,-0.07,-102.5376,0.76776,388,38,,0.486,-0.147,0
112,Senate,39310,73,0,WA,100,D,0,1,"CANTWELL, Maria E.",C000127,1958,,-0.306,-0.405,-72.38218,0.83744,408,30,,-0.353,-0.59,0
112,Senate,15408,52,0,MD,100,D,0,1,"CARDIN, Benjamin Louis",C000141,1943,,-0.32,-0.224,-42.15552,0.90206,409,12,,-0.406,-0.149,0
112,Senate,15015,11,0,DE,100,D,0,1,"CARPER, Thomas Richard",C000174,1947,,-0.179,-0.225,-80.81659,0.8207,409,30,,-0.232,-0.382,0
112,Senate,40703,14,0,PA,100,D,0,1,"CASEY, Robert (Bob), Jr.",C001070,1960,,-0.313,0.166,-58.97628,0.8651,407,28,,-0.261,0.247,0
112,Senate,29512,44,0,GA,200,R,0,1,"CHAMBLISS, Saxby",C000286,1943,,0.423,0.205,-91.02064,0.795,397,34,,0.449,0.09,1
112,Senate,14806,22,0,IN,200,R,0,1,"COATS, Daniel Ray",C000542,1943,,0.375,-0.227,-99.19009,0.785,409,40,,0.403,-0.266,0
112,Senate,29555,53,0,OK,200,R,0,1,"COBURN, Thomas Allen",C000560,1948,2020,0.782,0.055,-97.29195,0.776,383,51,,0.673,-0.142,0
112,Senate,14009,46,0,MS,200,R,0,1,"COCHRAN, William Thad",C000567,1937,2019,0.287,0.051,-122.02015,0.74205,409,62,,0.291,0.361,0
112,Senate,49703,2,0,ME,200,R,0,1,"COLLINS, Susan Margaret",C001035,1952,,0.121,-0.505,-122.96396,0.74088,410,59,,0.073,-0.532,1
112,Senate,15502,36,0,ND,100,D,0,1,"CONRAD, Kent",C000705,1948,,-0.296,0.582,-58.95028,0.864,403,29,,-0.285,0.334,0
112,Senate,40916,11,0,DE,100,D,0,1,"COONS, Christopher A.",C001088,1963,,-0.236,-0.225,-46.40008,0.89275,409,17,,-0.31,-0.443,0
112,Senate,40705,54,0,TN,200,R,0,1,"CORKER, Robert (Bob)",C001071,1952,,0.395,-0.344,-92.68433,0.79363,401,38,,0.417,-0.449,0
112,Senate,40305,49,0,TX,200,R,0,1,"CORNYN, John",C001056,1952,,0.47,-0.064,-84.26806,0.81215,405,35,,0.508,-0.156,1
112,Senate,29345,63,0,ID,200,R,0,1,"CRAPO, Michael Dean",C000880,1951,,0.504,0.293,-99.25381,0.7817,403,45,,0.591,0.361,0
112,Senate,29936,48,0,SC,200,R,1,1,"DeMINT, James W.",D000595,1951,,0.7,-0.102,-83.44081,0.798,369,40,,0.908,-0.418,0
112,Senate,15021,21,0,IL,100,D,0,1,"DURBIN, Richard Joseph",D000563,1944,,-0.347,-0.306,-43.69367,0.89797,406,17,,-0.453,-0.372,0
112,Senate,29537,65,0,NV,200,R,1,1,"ENSIGN, John Eric",E000194,1958,,0.508,-0.464,-13.01926,0.71,38,8,,0.8,-0.6,0
112,Senate,49706,68,0,WY,200,R,0,1,"ENZI, Michael B.",E000285,1944,2021,0.545,0.199,-76.35237,0.82584,399,31,,0.502,0.271,0
112,Senate,49300,71,0,CA,100,D,0,1,"FEINSTEIN, Dianne",F000062,1933,2023,-0.268,-0.184,-50.17058,0.88267,402,21,,-0.322,-0.126,0
112,Senate,40904,33,0,MN,100,D,0,1,"FRANKEN, Al",F000457,1951,,-0.399,-0.169,-38.31826,0.91078,410,12,,-0.437,-0.089,0
112,Senate,20735,13,0,NY,100,D,0,1,"GILLIBRAND, Kirsten",G000555,1966,,-0.454,-0.332,-40.18928,0.90619,408,17,,-0.432,0.213,1
112,Senate,29566,48,0,SC,200,R,0,1,"GRAHAM, Lindsey O.",G000359,1955,,0.366,-0.277,-128.87141,0.72515,401,63,,0.37,-0.38,1
112,Senate,14226,31,0,IA,200,R,0,1,"GRASSLEY, Charles Ernest",G000386,1933,,0.361,-0.036,-133.03962,0.7229,410,64,,0.418,-0.048,0
112,Senate,40907,47,0,NC,100,D,0,1,"HAGAN, Kay",H001049,1953,2019,-0.202,0.281,-62.66907,0.857,405,27,,-0.212,0.271,1
112,Senate,14230,31,0,IA,100,D,0,1,"HARKIN, Thomas Richard (Tom)",H000206,1939,,-0.351,-0.546,-59.50591,0.861,399,29,,-0.507,-0.171,0
112,Senate,14503,67,0,UT,200,R,0,1,"HATCH, Orrin Grant",H000338,1934,2022,0.382,-0.004,-130.05985,0.70228,368,54,,0.513,-0.283,0
112,Senate,20730,65,0,NV,200,R,2,5,"HELLER, Dean",H001041,1960,,0.463,-0.459,-244.82628,0.49283,346,105,,0.328,-0.425,0
112,Senate,41107,36,0,ND,200,R,0,1,"HOEVEN, John",H001061,1957,,0.399,0.452,-114.60359,0.75301,404,61,,0.294,0.367,0
112,Senate,49306,49,0,TX,200,R,0,1,"HUTCHISON, Kathryn Ann Bailey (Kay)",H001016,1943,,0.356,0.012,-104.24529,0.762,384,48,,0.353,0.096,0
112,Senate,15424,53,0,OK,200,R,0,1,"INHOFE, James Mountain",I000024,1934,2024,0.552,0.045,-101.13458,0.77055,388,48,,0.565,0.252,1
112,Senate,4812,82,0,HI,100,D,1,1,"INOUYE, Daniel Ken",I000025,1924,2012,-0.319,0.062,-40.21371,0.895,363,16,,-0.326,0.066,0
112,Senate,29909,44,0,GA,200,R,0,1,"ISAKSON, Johnny",I000055,1944,2021,0.402,-0.011,-92.63976,0.79463,403,37,,0.415,0.145,0
112,Senate,40905,35,0,NE,200,R,0,1,"JOHANNS, Mike",J000291,1950,,0.391,0.293,-113.89675,0.756,408,49,,0.361,0.158,0
112,Senate,41111,25,0,WI,200,R,0,1,"JOHNSON, Ron",J000293,1955,,0.64,-0.138,-69.89257,0.84292,409,29,,0.645,-0.229,0
112,Senate,15425,37,0,SD,100,D,0,1,"JOHNSON, Timothy Peter (Tim)",J000177,1946,2024,-0.25,0.143,-48.57826,0.887,406,17,,-0.304,0.139,0
112,Senate,14920,3,0,MA,100,D,0,1,"KERRY, John Forbes",K000148,1943,,-0.352,-0.382,-41.34711,0.899,390,25,,-0.273,-0.24,0
112,Senate,20115,21,0,IL,200,R,0,1,"KIRK, Mark Steven",K000360,1959,,0.274,-0.647,-49.77374,0.76,181,18,,0.267,-0.666,0
112,Senate,40700,33,0,MN,100,D,0,1,"KLOBUCHAR, Amy",K000367,1960,,-0.278,-0.337,-71.73482,0.83913,409,33,,-0.214,0.01,0
112,Senate,15703,25,0,WI,100,D,0,1,"KOHL, Herbert H.",K000305,1935,2023,-0.256,-0.406,-63.35858,0.852,396,27,,-0.242,-0.246,0
112,Senate,15429,61,0,AZ,200,R,0,1,"KYL, Jon Llewellyn",K000352,1942,,0.548,-0.413,-103.81434,0.77437,406,45,,0.445,-0.512,0
112,Senate,49702,45,0,LA,100,D,0,1,"LANDRIEU, Mary L.",L000550,1955,,-0.203,0.444,-64.13669,0.852,400,28,,-0.231,0.659,0
112,Senate,14914,12,0,NJ,100,D,0,1,"LAUTENBERG, Frank Raleigh",L000123,1924,2013,-0.382,-0.579,-33.49883,0.916,380,11,,-0.465,-0.627,0
112,Senate,14307,6,0,VT,100,D,0,1,"LEAHY, Patrick Joseph",L000174,1940,,-0.36,-0.121,-52.89502,0.87671,402,22,,-0.434,0.156,0
112,Senate,41110,67,0,UT,200,R,0,1,"LEE, Mike",L000577,1971,,0.891,-0.454,-87.77185,0.80209,398,41,,0.935,-0.354,0
112,Senate,14709,23,0,MI,100,D,0,1,"LEVIN, Carl",L000261,1934,2021,-0.395,-0.116,-66.02555,0.851,410,25,,-0.358,0.106,1
112,Senate,15704,1,0,CT,100,D,0,1,"LIEBERMAN, Joseph I.",L000304,1942,2024,-0.205,-0.312,-95.42711,0.786,396,44,,-0.153,-0.366,1
112,Senate,14506,22,0,IN,200,R,0,1,"LUGAR, Richard Green",L000504,1932,2019,0.304,-0.466,-130.13743,0.725,405,58,,0.286,-0.225,0
112,Senate,40915,56,0,WV,100,D,3,2,"MANCHIN, Joe, III",M001183,1947,,-0.057,0.4,-141.36167,0.70657,407,65,,-0.075,0.454,1
112,Senate,15039,61,0,AZ,200,R,0,1,"McCAIN, John Sidney, III",M000303,1936,2018,0.381,-0.626,-95.54607,0.78123,387,42,,0.444,-0.659,1
112,Senate,40701,34,0,MO,100,D,0,1,"McCASKILL, Claire",M001170,1953,,-0.143,0.023,-133.45451,0.71451,397,50,,-0.099,-0.039,1
112,Senate,14921,51,0,KY,200,R,0,1,"McCONNELL, Addison Mitchell (Mitch)",M000355,1942,,0.403,0.023,-91.98111,0.79904,410,42,,0.467,0.038,0
112,Senate,29373,12,0,NJ,100,D,0,1,"MENENDEZ, Robert",M000639,1954,,-0.366,-0.126,-52.24262,0.87898,405,20,,-0.326,-0.307,0
112,Senate,40908,72,0,OR,100,D,0,1,"MERKLEY, Jeff",M001176,1956,,-0.453,-0.736,-61.858,0.859,407,26,,-0.399,-0.497,0
112,Senate,14440,52,0,MD,100,D,0,1,"MIKULSKI, Barbara Ann",M000702,1936,,-0.37,-0.128,-50.83496,0.882,404,21,,-0.407,-0.08,0
112,Senate,29722,32,0,KS,200,R,0,1,"MORAN, Jerry",M000934,1954,,0.414,0.219,-125.81992,0.72425,390,66,,0.406,0.311,0
112,Senate,40300,81,0,AK,200,R,0,1,"MURKOWSKI, Lisa",M001153,1957,,0.206,-0.304,-154.85718,0.67433,393,73,,0.183,-0.386,0
112,Senate,49308,73,0,WA,100,D,0,1,"MURRAY, Patty",M001111,1950,,-0.354,-0.315,-48.26294,0.88713,403,19,,-0.405,-0.479,0
112,Senate,14651,43,0,FL,100,D,0,1,"NELSON, Clarence William (Bill)",N000032,1942,,-0.193,0.337,-60.93819,0.86158,409,26,,-0.201,0.063,0
112,Senate,40103,35,0,NE,100,D,0,1,"NELSON, Earl Benjamin (Ben)",N000180,1941,,-0.03,0.588,-101.88529,0.779,408,47,,-0.062,0.548,1
112,Senate,41104,51,0,KY,200,R,0,1,"PAUL, Rand",P000603,1963,,0.891,-0.454,-125.39561,0.72682,393,42,,0.933,-0.359,0
112,Senate,29386,24,0,OH,200,R,0,1,"PORTMAN, Robert Jones (Rob)",P000449,1955,,0.371,-0.208,-95.39463,0.79151,408,40,,0.375,-0.168,1
112,Senate,40301,42,0,AR,100,D,0,1,"PRYOR, Mark",P000590,1963,,-0.199,0.463,-87.54621,0.806,405,40,,-0.16,0.481,0
112,Senate,29142,5,0,RI,100,D,0,1,"REED, John F. (Jack)",R000122,1949,,-0.362,-0.166,-46.83618,0.8918,409,17,,-0.41,-0.068,1
112,Senate,15054,65,0,NV,100,D,0,1,"REID, Harry",R000146,1939,2021,-0.276,0.258,-77.47897,0.827,409,25,,-0.265,0.253,0
112,Senate,40902,63,0,ID,200,R,0,1,"RISCH, James",R000584,1943,,0.55,0.389,-87.77384,0.80341,401,40,,0.65,0.424,0
112,Senate,14852,32,0,KS,200,R,0,1,"ROBERTS, Charles Patrick (Pat)",R000307,1936,,0.413,-0.09,-110.35287,0.75518,393,54,,0.414,0.291,0
112,Senate,14922,56,0,WV,100,D,0,1,"ROCKEFELLER, John Davison IV (Jay)",R000361,1937,,-0.326,0.177,-48.84087,0.879,380,21,,-0.377,-0.036,0
112,Senate,41102,43,0,FL,200,R,0,1,"RUBIO, Marco",R000595,1971,,0.616,-0.184,-103.92576,0.76396,386,42,,0.549,-0.215,0
112,Senate,29147,6,0,VT,328,I,0,1,"SANDERS, Bernard",S000033,1941,,-0.543,-0.421,-101.64027,0.77561,400,32,,-0.823,0.567,0
112,Senate,41112,82,0,HI,100,D,2,5,"SCHATZ, Brian Emanuel",S001194,1972,,-0.447,-0.116,-1.35277,0.9346,20,0,,-0.637,0.385,0
112,Senate,14858,13,0,NY,100,D,0,1,"SCHUMER, Charles Ellis (Chuck)",S000148,1950,,-0.355,-0.419,-38.39016,0.9087,401,17,,-0.344,-0.095,0
112,Senate,49700,41,0,AL,200,R,0,1,"SESSIONS, Jefferson Beauregard III (Jeff)",S001141,1946,,0.549,0.13,-99.08009,0.78298,405,49,,0.525,0.043,1
112,Senate,40906,4,0,NH,100,D,0,1,"SHAHEEN, Jeanne",S001181,1947,,-0.228,-0.139,-46.37008,0.89232,407,18,,-0.281,-0.357,1
112,Senate,94659,41,0,AL,200,R,0,1,"SHELBY, Richard C.",S000320,1934,,0.446,0.57,-107.17828,0.76848,407,47,,0.468,0.423,0
112,Senate,14661,2,0,ME,200,R,0,1,"SNOWE, Olympia Jean",S000663,1947,,0.091,-0.548,-143.73514,0.701,404,77,,0.107,-0.5,0
112,Senate,29732,23,0,MI,100,D,0,1,"STABENOW, Deborah Ann",S000770,1950,,-0.343,-0.019,-72.70481,0.83567,405,31,,-0.264,0.333,0
112,Senate,40702,64,0,MT,100,D,0,1,"TESTER, Jon",T000464,1956,,-0.213,0.153,-96.05611,0.78977,407,43,,-0.21,0.094,0
112,Senate,29754,37,0,SD,200,R,0,1,"THUNE, John",T000250,1961,,0.433,0.225,-84.43571,0.8097,400,43,,0.431,0.154,0
112,Senate,29935,14,0,PA,200,R,0,1,"TOOMEY, Patrick Joseph",T000461,1961,,0.624,-0.378,-90.71507,0.79932,405,42,,0.573,-0.308,0
112,Senate,29906,62,0,CO,100,D,0,1,"UDALL, Mark",U000038,1950,,-0.353,0.049,-73.65591,0.833,403,35,,-0.244,-0.172,1
112,Senate,29924,66,0,NM,100,D,0,1,"UDALL, Thomas (Tom)",U000039,1948,,-0.453,0.161,-34.31744,0.91798,401,13,,-0.426,-0.319,0
112,Senate,29918,45,0,LA,200,R,0,1,"VITTER, David",V000127,1961,,0.495,0.323,-122.49722,0.728,386,55,,0.586,0.552,1
112,Senate,40909,40,0,VA,100,D,0,1,"WARNER, Mark",W000805,1954,,-0.206,-0.041,-68.25577,0.83944,390,27,,-0.192,-0.072,0
112,Senate,40706,40,0,VA,100,D,0,1,"WEBB, James H. (Jim)",W000803,1946,,-0.169,0.023,-100.69257,0.773,391,45,,-0.163,0.082,1
112,Senate,40704,5,0,RI,100,D,0,1,"WHITEHOUSE, Sheldon",W000802,1955,,-0.353,-0.112,-42.50736,0.90106,408,16,,-0.406,-0.047,0
112,Senate,29534,46,0,MS,200,R,0,1,"WICKER, Roger F.",W000437,1951,,0.377,0.341,-94.67505,0.79063,403,46,,0.397,0.414,1
113,Senate,14871,72,0,OR,100,D,0,1,"WYDEN, Ronald Lee",W000779,1949,,-0.332,-0.486,-59.36591,0.86143,398,22,,-0.346,-0.57,0
113,Senate,40304,54,0,TN,200,R,0,1,"ALEXANDER, Lamar",A000360,1940,,0.324,-0.176,-136.77151,0.76637,514,61,,0.312,0.04,0
113,Senate,41106,4,0,NH,200,R,0,1,"AYOTTE, Kelly",A000368,1968,,0.351,-0.612,-128.71369,0.789,544,56,,0.341,-0.614,1
113,Senate,29940,25,0,WI,100,D,0,1,"BALDWIN, Tammy",B001230,1962,,-0.488,-0.13,-18.56654,0.96681,550,8,,-0.457,-0.244,0
113,Senate,40707,68,0,WY,200,R,0,1,"BARRASSO, John A.",B001261,1952,,0.538,0.198,-86.62839,0.85353,547,37,,0.562,0.284,0
113,Senate,14203,64,0,MT,100,D,1,1,"BAUCUS, Max Sieben",B000243,1941,,-0.212,0.017,-60.13694,0.804,276,26,,-0.155,0.036,0
113,Senate,40900,81,0,AK,100,D,0,1,"BEGICH, Mark",B001265,1962,,-0.235,0.15,-48.13809,0.91,512,21,,-0.241,0.348,0
113,Senate,40910,62,0,CO,100,D,0,1,"BENNET, Michael F.",B001267,1964,,-0.235,-0.185,-28.08518,0.95004,548,9,,-0.246,-0.081,0
113,Senate,41101,1,0,CT,100,D,0,1,"BLUMENTHAL, Richard",B001277,1946,,-0.433,-0.164,-17.79404,0.96822,551,8,,-0.512,-0.332,1
113,Senate,29735,34,0,MO,200,R,0,1,"BLUNT, Roy",B000575,1950,,0.398,0.18,-110.52499,0.80885,521,53,,0.383,0.355,1
113,Senate,41308,12,0,NJ,100,D,3,2,"BOOKER, Cory Anthony",B001288,1969,,-0.557,-0.248,-8.36361,0.97645,351,4,,-0.47,-0.623,0
113,Senate,20101,42,0,AR,200,R,0,1,"BOOZMAN, John",B001236,1950,,0.427,0.338,-81.51059,0.84985,501,25,,0.429,0.457,0
113,Senate,15011,71,0,CA,100,D,0,1,"BOXER, Barbara",B000711,1940,,-0.45,-0.423,-19.24984,0.963,512,8,,-0.537,-0.097,0
113,Senate,29389,24,0,OH,100,D,0,1,"BROWN, Sherrod",B000944,1952,,-0.425,-0.097,-24.26946,0.95629,543,14,,-0.514,0.132,0
113,Senate,29548,47,0,NC,200,R,0,1,"BURR, Richard M.",B001135,1955,,0.435,-0.07,-111.4441,0.81259,537,44,,0.434,0.043,0
113,Senate,39310,73,0,WA,100,D,0,1,"CANTWELL, Maria E.",C000127,1958,,-0.306,-0.405,-16.28723,0.97087,551,4,,-0.436,-0.132,0
113,Senate,15408,52,0,MD,100,D,0,1,"CARDIN, Benjamin Louis",C000141,1943,,-0.32,-0.224,-19.64533,0.96491,550,5,,-0.46,-0.171,0
113,Senate,15015,11,0,DE,100,D,0,1,"CARPER, Thomas Richard",C000174,1947,,-0.179,-0.225,-54.1019,0.90648,551,13,,-0.254,-0.172,0
113,Senate,40703,14,0,PA,100,D,0,1,"CASEY, Robert (Bob), Jr.",C001070,1960,,-0.313,0.166,-34.23033,0.93825,537,14,,-0.255,-0.001,0
113,Senate,29512,44,0,GA,200,R,0,1,"CHAMBLISS, Saxby",C000286,1943,,0.423,0.205,-135.34325,0.753,478,64,,0.343,0.17,1
113,Senate,41307,12,0,NJ,200,R,2,5,"CHIESA, Jeffrey Scott",C001100,1965,,0.218,0.384,-15.28456,0.761,56,10,,0.256,0.133,0
113,Senate,14806,22,0,IN,200,R,0,1,"COATS, Daniel Ray",C000542,1943,,0.375,-0.227,-123.88821,0.795,539,55,,0.407,-0.019,0
113,Senate,29555,53,0,OK,200,R,0,1,"COBURN, Thomas Allen",C000560,1948,2020,0.782,0.055,-98.18576,0.801,442,45,,0.786,-0.28,0
113,Senate,14009,46,0,MS,200,R,0,1,"COCHRAN, William Thad",C000567,1937,2019,0.287,0.051,-107.14943,0.7914,458,45,,0.33,0.42,0
113,Senate,49703,2,0,ME,200,R,0,1,"COLLINS, Susan Margaret",C001035,1952,,0.121,-0.505,-103.30634,0.82932,552,34,,0.101,-0.532,0
113,Senate,40916,11,0,DE,100,D,0,1,"COONS, Christopher A.",C001088,1963,,-0.236,-0.225,-25.90532,0.95324,541,10,,-0.308,0.043,0
113,Senate,40705,54,0,TN,200,R,0,1,"CORKER, Robert (Bob)",C001071,1952,,0.395,-0.344,-150.15368,0.75725,540,65,,0.372,-0.291,0
113,Senate,40305,49,0,TX,200,R,0,1,"CORNYN, John",C001056,1952,,0.47,-0.064,-111.71571,0.81123,534,58,,0.539,-0.065,0
113,Senate,41306,3,0,MA,100,D,2,5,"COWAN, William (Mo)",C001099,1969,,-0.462,0.348,-8.89963,0.936,134,4,,-0.433,0.183,0
113,Senate,29345,63,0,ID,200,R,0,1,"CRAPO, Michael Dean",C000880,1951,,0.504,0.293,-104.68626,0.82582,547,44,,0.661,0.431,0
113,Senate,41304,49,0,TX,200,R,0,1,"CRUZ, Rafael Edward (Ted)",C001098,1970,,0.781,-0.184,-71.41499,0.86933,510,31,,0.887,-0.309,1
113,Senate,20717,22,0,IN,100,D,0,1,"DONNELLY, Joe",D000607,1955,,-0.119,0.435,-62.27828,0.89276,549,16,,-0.171,0.318,1
113,Senate,15021,21,0,IL,100,D,0,1,"DURBIN, Richard Joseph",D000563,1944,,-0.347,-0.306,-18.75836,0.96647,550,8,,-0.336,-0.286,0
113,Senate,49706,68,0,WY,200,R,0,1,"ENZI, Michael B.",E000285,1944,2021,0.545,0.199,-81.5089,0.86179,548,31,,0.573,0.411,0
113,Senate,49300,71,0,CA,100,D,0,1,"FEINSTEIN, Dianne",F000062,1933,2023,-0.268,-0.184,-22.99643,0.95698,523,9,,-0.346,-0.278,0
113,Senate,41302,35,0,NE,200,R,0,1,"FISCHER, Debra (Deb)",F000463,1951,,0.462,0.328,-82.96061,0.86046,552,29,,0.461,0.34,1
113,Senate,20100,61,0,AZ,200,R,0,1,"FLAKE, Jeff",F000444,1962,,0.855,-0.518,-259.88598,0.61522,535,131,,0.476,-0.731,0
113,Senate,40904,33,0,MN,100,D,0,1,"FRANKEN, Al",F000457,1951,,-0.399,-0.169,-18.26231,0.96728,549,7,,-0.378,-0.189,0
113,Senate,20735,13,0,NY,100,D,0,1,"GILLIBRAND, Kirsten",G000555,1966,,-0.454,-0.332,-25.37149,0.9546,546,12,,-0.565,-0.199,1
113,Senate,29566,48,0,SC,200,R,0,1,"GRAHAM, Lindsey O.",G000359,1955,,0.366,-0.277,-122.73852,0.78721,513,60,,0.348,-0.195,1
113,Senate,14226,31,0,IA,200,R,0,1,"GRASSLEY, Charles Ernest",G000386,1933,,0.361,-0.036,-123.22265,0.79993,552,55,,0.501,-0.012,0
113,Senate,40907,47,0,NC,100,D,0,1,"HAGAN, Kay",H001049,1953,2019,-0.202,0.281,-53.76165,0.905,538,18,,-0.175,0.326,1
113,Senate,14230,31,0,IA,100,D,0,1,"HARKIN, Thomas Richard (Tom)",H000206,1939,,-0.351,-0.546,-30.33406,0.944,528,12,,-0.316,-0.085,0
113,Senate,14503,67,0,UT,200,R,0,1,"HATCH, Orrin Grant",H000338,1934,2022,0.382,-0.004,-144.7466,0.75823,523,76,,0.346,-0.194,0
113,Senate,20930,66,0,NM,100,D,0,1,"HEINRICH, Martin",H001046,1971,,-0.334,-0.008,-40.64312,0.92877,550,14,,-0.252,-0.05,0
113,Senate,41303,36,0,ND,100,D,0,1,"HEITKAMP, Mary Kathryn (Heidi)",H001069,1955,,-0.122,0.399,-60.29511,0.89454,541,14,,-0.191,0.463,0
113,Senate,20730,65,0,NV,200,R,0,1,"HELLER, Dean",H001041,1960,,0.463,-0.459,-200.88765,0.68982,541,89,,0.458,-0.607,0
113,Senate,20713,82,0,HI,100,D,0,1,"HIRONO, Mazie",H001042,1947,,-0.515,-0.1,-16.14237,0.97113,551,8,,-0.507,0.056,1
113,Senate,41107,36,0,ND,200,R,0,1,"HOEVEN, John",H001061,1957,,0.399,0.452,-105.86263,0.82491,550,35,,0.367,0.241,0
113,Senate,15424,53,0,OK,200,R,0,1,"INHOFE, James Mountain",I000024,1934,2024,0.552,0.045,-86.08083,0.83737,485,35,,0.594,0.188,1
113,Senate,29909,44,0,GA,200,R,0,1,"ISAKSON, Johnny",I000055,1944,2021,0.402,-0.011,-127.50436,0.78546,528,61,,0.321,0.19,0
113,Senate,40905,35,0,NE,200,R,0,1,"JOHANNS, Mike",J000291,1950,,0.391,0.293,-96.6795,0.83,520,38,,0.391,0.359,0
113,Senate,41111,25,0,WI,200,R,0,1,"JOHNSON, Ron",J000293,1955,,0.64,-0.138,-91.84149,0.84253,536,34,,0.685,-0.348,0
113,Senate,15425,37,0,SD,100,D,0,1,"JOHNSON, Timothy Peter (Tim)",J000177,1946,2024,-0.25,0.143,-30.95638,0.945,548,10,,-0.348,0.229,0
113,Senate,41305,40,0,VA,100,D,0,1,"KAINE, Timothy Michael (Tim)",K000384,1958,,-0.242,-0.096,-28.57424,0.94892,545,8,,-0.245,-0.041,1
113,Senate,14920,3,0,MA,100,D,1,1,"KERRY, John Forbes",K000148,1943,,-0.352,-0.382,,,,,,-0.178,-0.582,0
113,Senate,41300,2,0,ME,328,I,0,1,"KING, Angus Stanley, Jr.",K000383,1944,,-0.169,-0.201,-61.98244,0.89324,549,27,,-0.178,-0.375,1
113,Senate,20115,21,0,IL,200,R,0,1,"KIRK, Mark Steven",K000360,1959,,0.274,-0.647,-176.7963,0.705,506,92,,0.345,-0.76,0
113,Senate,40700,33,0,MN,100,D,0,1,"KLOBUCHAR, Amy",K000367,1960,,-0.278,-0.337,-24.45361,0.95628,547,10,,-0.269,-0.213,0
113,Senate,49702,45,0,LA,100,D,0,1,"LANDRIEU, Mary L.",L000550,1955,,-0.203,0.444,-55.47109,0.893,492,22,,-0.196,0.434,0
113,Senate,14914,12,0,NJ,100,D,1,1,"LAUTENBERG, Frank Raleigh",L000123,1924,2013,-0.382,-0.579,-0.35377,0.989,31,0,,-0.562,-0.605,0
113,Senate,14307,6,0,VT,100,D,0,1,"LEAHY, Patrick Joseph",L000174,1940,,-0.36,-0.121,-28.52851,0.949,545,10,,-0.555,0.331,0
113,Senate,41110,67,0,UT,200,R,0,1,"LEE, Mike",L000577,1971,,0.891,-0.454,-72.86134,0.87223,533,25,,0.949,-0.316,1
113,Senate,14709,23,0,MI,100,D,0,1,"LEVIN, Carl",L000261,1934,2021,-0.395,-0.116,-36.77581,0.934,540,12,,-0.317,-0.044,1
113,Senate,40915,56,0,WV,100,D,0,1,"MANCHIN, Joe, III",M001183,1947,,-0.057,0.4,-127.07695,0.79031,540,56,,-0.041,0.322,1
113,Senate,14435,3,0,MA,100,D,3,2,"MARKEY, Edward John",M000133,1946,,-0.516,-0.469,-10.66691,0.97316,392,5,,-0.536,-0.716,0
113,Senate,15039,61,0,AZ,200,R,0,1,"McCAIN, John Sidney, III",M000303,1936,2018,0.381,-0.626,-132.74405,0.77659,525,67,,0.412,-0.579,1
113,Senate,40701,34,0,MO,100,D,0,1,"McCASKILL, Claire",M001170,1953,,-0.143,0.023,-57.81079,0.89497,521,24,,-0.159,-0.055,1
113,Senate,14921,51,0,KY,200,R,0,1,"McCONNELL, Addison Mitchell (Mitch)",M000355,1942,,0.403,0.023,-115.61852,0.81041,550,55,,0.488,0.206,0
113,Senate,29373,12,0,NJ,100,D,0,1,"MENENDEZ, Robert",M000639,1954,,-0.366,-0.126,-16.90333,0.96946,545,9,,-0.525,-0.299,0
113,Senate,40908,72,0,OR,100,D,0,1,"MERKLEY, Jeff",M001176,1956,,-0.453,-0.736,-37.49532,0.9334,544,17,,-0.407,-0.913,0
113,Senate,14440,52,0,MD,100,D,0,1,"MIKULSKI, Barbara Ann",M000702,1936,,-0.37,-0.128,-16.25351,0.97,527,5,,-0.413,-0.149,0
113,Senate,29722,32,0,KS,200,R,0,1,"MORAN, Jerry",M000934,1954,,0.414,0.219,-108.88948,0.80325,497,47,,0.484,0.458,0
113,Senate,40300,81,0,AK,200,R,0,1,"MURKOWSKI, Lisa",M001153,1957,,0.206,-0.304,-153.04788,0.74334,516,79,,0.124,-0.411,0
113,Senate,20707,1,0,CT,100,D,0,1,"MURPHY, Christopher",M001169,1973,,-0.282,-0.238,-30.15097,0.94647,548,13,,-0.499,-0.248,0
113,Senate,49308,73,0,WA,100,D,0,1,"MURRAY, Patty",M001111,1950,,-0.354,-0.315,-13.71636,0.97473,536,3,,-0.375,-0.179,0
113,Senate,14651,43,0,FL,100,D,0,1,"NELSON, Clarence William (Bill)",N000032,1942,,-0.193,0.337,-47.90329,0.91451,536,19,,-0.276,-0.079,1
113,Senate,41104,51,0,KY,200,R,0,1,"PAUL, Rand",P000603,1963,,0.891,-0.454,-111.19656,0.81296,537,44,,0.914,-0.407,0
113,Senate,29386,24,0,OH,200,R,0,1,"PORTMAN, Robert Jones (Rob)",P000449,1955,,0.371,-0.208,-135.50626,0.77698,537,61,,0.369,-0.105,0
113,Senate,40301,42,0,AR,100,D,0,1,"PRYOR, Mark",P000590,1963,,-0.199,0.463,-64.2729,0.885,528,26,,-0.16,0.491,0
113,Senate,29142,5,0,RI,100,D,0,1,"REED, John F. (Jack)",R000122,1949,,-0.362,-0.166,-26.93381,0.95238,552,12,,-0.489,-0.451,1
113,Senate,15054,65,0,NV,100,D,0,1,"REID, Harry",R000146,1939,2021,-0.276,0.258,-96.68299,0.837,545,31,,-0.289,0.489,0
113,Senate,40902,63,0,ID,200,R,0,1,"RISCH, James",R000584,1943,,0.55,0.389,-80.4843,0.86153,540,33,,0.772,0.578,0
113,Senate,14852,32,0,KS,200,R,0,1,"ROBERTS, Charles Patrick (Pat)",R000307,1936,,0.413,-0.09,-157.40219,0.73666,515,69,,0.626,0.341,0
113,Senate,14922,56,0,WV,100,D,0,1,"ROCKEFELLER, John Davison IV (Jay)",R000361,1937,,-0.326,0.177,-21.95291,0.956,487,9,,-0.336,0.02,0
113,Senate,41102,43,0,FL,200,R,0,1,"RUBIO, Marco",R000595,1971,,0.616,-0.184,-150.2163,0.75076,524,62,,0.663,-0.681,0
113,Senate,29147,6,0,VT,328,I,0,1,"SANDERS, Bernard",S000033,1941,,-0.543,-0.421,-92.40572,0.83428,510,26,,-0.944,0.329,0
113,Senate,41112,82,0,HI,100,D,0,5,"SCHATZ, Brian Emanuel",S001194,1972,,-0.447,-0.116,-9.62772,0.98126,509,3,,-0.478,-0.025,0
113,Senate,14858,13,0,NY,100,D,0,1,"SCHUMER, Charles Ellis (Chuck)",S000148,1950,,-0.355,-0.419,-16.87362,0.96984,551,3,,-0.447,-0.258,0
113,Senate,21173,48,0,SC,200,R,0,5,"SCOTT, Tim",S001184,1965,,0.631,0.012,-82.68699,0.85753,538,32,,0.681,0.009,0
113,Senate,49700,41,0,AL,200,R,0,1,"SESSIONS, Jefferson Beauregard III (Jeff)",S001141,1946,,0.549,0.13,-101.80298,0.82789,539,45,,0.619,0.082,1
113,Senate,40906,4,0,NH,100,D,0,1,"SHAHEEN, Jeanne",S001181,1947,,-0.228,-0.139,-44.80058,0.92136,547,16,,-0.26,-0.507,1
113,Senate,94659,41,0,AL,200,R,0,1,"SHELBY, Richard C.",S000320,1934,,0.446,0.57,-107.52013,0.82096,545,53,,0.515,0.602,0
113,Senate,29732,23,0,MI,100,D,0,1,"STABENOW, Deborah Ann",S000770,1950,,-0.343,-0.019,-15.24735,0.97226,542,6,,-0.419,0.093,0
113,Senate,40702,64,0,MT,100,D,0,1,"TESTER, Jon",T000464,1956,,-0.213,0.153,-89.96552,0.84809,546,29,,-0.171,-0.051,0
113,Senate,29754,37,0,SD,200,R,0,1,"THUNE, John",T000250,1961,,0.433,0.225,-81.61111,0.86187,549,32,,0.467,0.183,0
113,Senate,29935,14,0,PA,200,R,0,1,"TOOMEY, Patrick Joseph",T000461,1961,,0.624,-0.378,-122.77529,0.7946,534,55,,0.525,-0.387,0
113,Senate,29906,62,0,CO,100,D,0,1,"UDALL, Mark",U000038,1950,,-0.353,0.049,-35.83642,0.933,519,11,,-0.248,-0.069,1
113,Senate,29924,66,0,NM,100,D,0,1,"UDALL, Thomas (Tom)",U000039,1948,,-0.453,0.161,-21.3531,0.96192,550,11,,-0.398,0.155,0
113,Senate,29918,45,0,LA,200,R,0,1,"VITTER, David",V000127,1961,,0.495,0.323,-110.77719,0.803,506,58,,0.467,0.38,1
113,Senate,41309,64,0,MT,100,D,2,5,"WALSH, John E.",W000818,1960,,-0.255,0.462,-22.15141,0.922,273,8,,-0.248,0.418,0
113,Senate,40909,40,0,VA,100,D,0,1,"WARNER, Mark",W000805,1954,,-0.206,-0.041,-43.64894,0.92235,540,16,,-0.209,0.051,0
113,Senate,41301,3,0,MA,100,D,0,1,"WARREN, Elizabeth",W000817,1949,,-0.742,-0.364,-28.97747,0.94831,546,17,,-0.718,-0.066,0
113,Senate,40704,5,0,RI,100,D,0,1,"WHITEHOUSE, Sheldon",W000802,1955,,-0.353,-0.112,-28.73645,0.94873,546,12,,-0.419,-0.456,0
113,Senate,29534,46,0,MS,200,R,0,1,"WICKER, Roger F.",W000437,1951,,0.377,0.341,-99.39386,0.83301,544,48,,0.349,0.237,1
114,Senate,14871,72,0,OR,100,D,0,1,"WYDEN, Ronald Lee",W000779,1949,,-0.332,-0.486,-40.26522,0.92965,552,20,,-0.375,-0.729,0
114,Senate,40304,54,0,TN,200,R,0,1,"ALEXANDER, Lamar",A000360,1940,,0.324,-0.176,-104.98874,0.77505,412,40,,0.307,-0.185,0
114,Senate,41106,4,0,NH,200,R,0,1,"AYOTTE, Kelly",A000368,1968,,0.351,-0.612,-126.06028,0.739,416,57,,0.276,-0.512,1
114,Senate,29940,25,0,WI,100,D,0,1,"BALDWIN, Tammy",B001230,1962,,-0.488,-0.13,-46.93265,0.89427,420,25,,-0.461,-0.032,0
114,Senate,40707,68,0,WY,200,R,0,1,"BARRASSO, John A.",B001261,1952,,0.538,0.198,-75.14384,0.83582,419,28,,0.477,0.198,0
114,Senate,40910,62,0,CO,100,D,0,1,"BENNET, Michael F.",B001267,1964,,-0.235,-0.185,-79.43496,0.82768,420,37,,-0.175,-0.137,0
114,Senate,41101,1,0,CT,100,D,0,1,"BLUMENTHAL, Richard",B001277,1946,,-0.433,-0.164,-48.39106,0.89068,418,17,,-0.337,-0.162,1
114,Senate,29735,34,0,MO,200,R,0,1,"BLUNT, Roy",B000575,1950,,0.398,0.18,-90.81419,0.80045,408,33,,0.364,0.701,0
114,Senate,41308,12,0,NJ,100,D,0,1,"BOOKER, Cory Anthony",B001288,1969,,-0.557,-0.248,-39.6281,0.90914,416,17,,-0.516,-0.43,0
114,Senate,20101,42,0,AR,200,R,0,1,"BOOZMAN, John",B001236,1950,,0.427,0.338,-64.67131,0.85666,418,25,,0.469,0.309,0
114,Senate,15011,71,0,CA,100,D,0,1,"BOXER, Barbara",B000711,1940,,-0.45,-0.423,-46.4471,0.881,368,22,,-0.485,-0.466,0
114,Senate,29389,24,0,OH,100,D,0,1,"BROWN, Sherrod",B000944,1952,,-0.425,-0.097,-41.42381,0.90368,409,21,,-0.589,-0.07,0
114,Senate,29548,47,0,NC,200,R,0,1,"BURR, Richard M.",B001135,1955,,0.435,-0.07,-90.60716,0.8047,417,40,,0.381,0.067,0
114,Senate,39310,73,0,WA,100,D,0,1,"CANTWELL, Maria E.",C000127,1958,,-0.306,-0.405,-45.80171,0.89668,420,23,,-0.287,-0.61,0
114,Senate,20146,56,0,WV,200,R,0,1,"CAPITO, Shelley Moore",C001047,1953,,0.282,0.144,-81.77356,0.82232,418,34,,0.308,0.126,0
114,Senate,15408,52,0,MD,100,D,0,1,"CARDIN, Benjamin Louis",C000141,1943,,-0.32,-0.224,-47.83187,0.89236,420,17,,-0.366,-0.43,0
114,Senate,15015,11,0,DE,100,D,0,1,"CARPER, Thomas Richard",C000174,1947,,-0.179,-0.225,-90.64403,0.80122,409,38,,-0.187,-0.192,0
114,Senate,40703,14,0,PA,100,D,0,1,"CASEY, Robert (Bob), Jr.",C001070,1960,,-0.313,0.166,-81.90168,0.8209,415,31,,-0.295,0.3,0
114,Senate,20919,45,0,LA,200,R,0,1,"CASSIDY, Bill",C001075,1957,,0.463,-0.046,-79.39961,0.82624,416,32,,0.434,0.125,0
114,Senate,14806,22,0,IN,200,R,0,1,"COATS, Daniel Ray",C000542,1943,,0.375,-0.227,-111.40278,0.763,411,44,,0.537,-0.275,0
114,Senate,14009,46,0,MS,200,R,0,1,"COCHRAN, William Thad",C000567,1937,2019,0.287,0.051,-73.8516,0.83734,416,24,,0.329,0.102,0
114,Senate,49703,2,0,ME,200,R,0,1,"COLLINS, Susan Margaret",C001035,1952,,0.121,-0.505,-147.37955,0.70405,420,81,,0.157,-0.374,0
114,Senate,40916,11,0,DE,100,D,0,1,"COONS, Christopher A.",C001088,1963,,-0.236,-0.225,-48.3124,0.88703,403,21,,-0.293,-0.442,0
114,Senate,40705,54,0,TN,200,R,0,1,"CORKER, Robert (Bob)",C001071,1952,,0.395,-0.344,-121.13923,0.74419,410,50,,0.513,-0.483,0
114,Senate,40305,49,0,TX,200,R,0,1,"CORNYN, John",C001056,1952,,0.47,-0.064,-67.69275,0.84882,413,29,,0.463,-0.073,0
114,Senate,21301,42,0,AR,200,R,0,1,"COTTON, Tom",C001095,1977,,0.581,0.187,-64.81533,0.85378,410,30,,0.611,0.091,1
114,Senate,29345,63,0,ID,200,R,0,1,"CRAPO, Michael Dean",C000880,1951,,0.504,0.293,-77.7781,0.82797,412,37,,0.57,0.715,0
114,Senate,41304,49,0,TX,200,R,0,1,"CRUZ, Rafael Edward (Ted)",C001098,1970,,0.781,-0.184,-113.80085,0.68774,304,51,,0.876,-0.483,1
114,Senate,21338,64,0,MT,200,R,0,1,"DAINES, Steve",D000618,1962,,0.591,-0.034,-100.67923,0.78685,420,44,,0.567,0.016,0
114,Senate,20717,22,0,IN,100,D,0,1,"DONNELLY, Joe",D000607,1955,,-0.119,0.435,-114.03275,0.76024,416,46,,-0.11,0.41,1
114,Senate,15021,21,0,IL,100,D,0,1,"DURBIN, Richard Joseph",D000563,1944,,-0.347,-0.306,-39.4692,0.90843,411,17,,-0.416,-0.306,0
114,Senate,49706,68,0,WY,200,R,0,1,"ENZI, Michael B.",E000285,1944,2021,0.545,0.199,-88.72235,0.80239,403,36,,0.5,0.117,0
114,Senate,41502,31,0,IA,200,R,0,1,"ERNST, Joni",E000295,1970,,0.538,-0.035,-64.69077,0.85725,420,25,,0.505,0.042,1
114,Senate,49300,71,0,CA,100,D,0,1,"FEINSTEIN, Dianne",F000062,1933,2023,-0.268,-0.184,-55.70115,0.87209,407,30,,-0.244,-0.171,0
114,Senate,41302,35,0,NE,200,R,0,1,"FISCHER, Debra (Deb)",F000463,1951,,0.462,0.328,-64.84765,0.85693,420,24,,0.489,0.265,1
114,Senate,20100,61,0,AZ,200,R,0,1,"FLAKE, Jeff",F000444,1962,,0.855,-0.518,-151.07924,0.6899,407,70,,0.686,-0.728,0
114,Senate,40904,33,0,MN,100,D,0,1,"FRANKEN, Al",F000457,1951,,-0.399,-0.169,-43.07774,0.89957,407,22,,-0.497,-0.036,0
114,Senate,21112,62,0,CO,200,R,0,1,"GARDNER, Cory",G000562,1974,,0.444,-0.029,-108.92169,0.76867,414,46,,0.405,-0.059,0
114,Senate,20735,13,0,NY,100,D,0,1,"GILLIBRAND, Kirsten",G000555,1966,,-0.454,-0.332,-47.13319,0.89361,419,19,,-0.544,-0.291,1
114,Senate,29566,48,0,SC,200,R,0,1,"GRAHAM, Lindsey O.",G000359,1955,,0.366,-0.277,-76.52079,0.7879,321,38,,0.321,-0.208,1
114,Senate,14226,31,0,IA,200,R,0,1,"GRASSLEY, Charles Ernest",G000386,1933,,0.361,-0.036,-104.15,0.78038,420,46,,0.461,0.058,0
114,Senate,14503,67,0,UT,200,R,0,1,"HATCH, Orrin Grant",H000338,1934,2022,0.382,-0.004,-77.95758,0.82911,416,28,,0.381,-0.041,0
114,Senate,20930,66,0,NM,100,D,0,1,"HEINRICH, Martin",H001046,1971,,-0.334,-0.008,-48.08472,0.89133,418,20,,-0.321,-0.087,1
114,Senate,41303,36,0,ND,100,D,0,1,"HEITKAMP, Mary Kathryn (Heidi)",H001069,1955,,-0.122,0.399,-109.15039,0.77066,419,42,,-0.119,0.448,0
114,Senate,20730,65,0,NV,200,R,0,1,"HELLER, Dean",H001041,1960,,0.463,-0.459,-176.93934,0.64812,408,83,,0.546,-0.731,0
114,Senate,20713,82,0,HI,100,D,0,1,"HIRONO, Mazie",H001042,1947,,-0.515,-0.1,-36.98005,0.91552,419,11,,-0.453,-0.308,1
114,Senate,41107,36,0,ND,200,R,0,1,"HOEVEN, John",H001061,1957,,0.399,0.452,-69.2099,0.84707,417,28,,0.375,0.297,0
114,Senate,15424,53,0,OK,200,R,0,1,"INHOFE, James Mountain",I000024,1934,2024,0.552,0.045,-61.49507,0.86072,410,26,,0.521,0.253,1
114,Senate,29909,44,0,GA,200,R,0,1,"ISAKSON, Johnny",I000055,1944,2021,0.402,-0.011,-75.40421,0.83494,418,27,,0.416,0.071,0
114,Senate,41111,25,0,WI,200,R,0,1,"JOHNSON, Ron",J000293,1955,,0.64,-0.138,-100.87042,0.78237,411,38,,0.487,-0.256,0
114,Senate,41305,40,0,VA,100,D,0,1,"KAINE, Timothy Michael (Tim)",K000384,1958,,-0.242,-0.096,-70.99863,0.841,410,36,,-0.208,-0.214,1
114,Senate,41300,2,0,ME,328,I,0,1,"KING, Angus Stanley, Jr.",K000383,1944,,-0.169,-0.201,-99.72006,0.78549,413,53,,-0.164,-0.221,1
114,Senate,20115,21,0,IL,200,R,0,1,"KIRK, Mark Steven",K000360,1959,,0.274,-0.647,-139.86855,0.706,402,65,,0.268,-0.606,0
114,Senate,40700,33,0,MN,100,D,0,1,"KLOBUCHAR, Amy",K000367,1960,,-0.278,-0.337,-59.8978,0.8653,414,27,,-0.258,-0.026,0
114,Senate,21166,53,0,OK,200,R,0,1,"LANKFORD, James",L000575,1968,,0.591,0.148,-107.23287,0.7742,419,48,,0.624,-0.036,0
114,Senate,14307,6,0,VT,100,D,0,1,"LEAHY, Patrick Joseph",L000174,1940,,-0.36,-0.121,-47.83648,0.89088,414,23,,-0.525,-0.142,0
114,Senate,41110,67,0,UT,200,R,0,1,"LEE, Mike",L000577,1971,,0.891,-0.454,-147.00093,0.68464,388,72,,0.919,-0.395,1
114,Senate,40915,56,0,WV,100,D,0,1,"MANCHIN, Joe, III",M001183,1947,,-0.057,0.4,-165.31487,0.67013,413,68,,-0.085,0.634,1
114,Senate,14435,3,0,MA,100,D,0,1,"MARKEY, Edward John",M000133,1946,,-0.516,-0.469,-49.61099,0.88707,414,23,,-0.635,-0.544,0
114,Senate,15039,61,0,AZ,200,R,0,1,"McCAIN, John Sidney, III",M000303,1936,2018,0.381,-0.626,-118.10444,0.74972,410,59,,0.464,-0.312,1
114,Senate,40701,34,0,MO,100,D,0,1,"McCASKILL, Claire",M001170,1953,,-0.143,0.023,-93.99411,0.79242,404,35,,-0.127,-0.113,1
114,Senate,14921,51,0,KY,200,R,0,1,"McCONNELL, Addison Mitchell (Mitch)",M000355,1942,,0.403,0.023,-156.29702,0.68926,420,62,,0.355,0.001,0
114,Senate,29373,12,0,NJ,100,D,0,1,"MENENDEZ, Robert",M000639,1954,,-0.366,-0.126,-73.55375,0.83758,415,30,,-0.36,-0.346,0
114,Senate,40908,72,0,OR,100,D,0,1,"MERKLEY, Jeff",M001176,1956,,-0.453,-0.736,-44.08343,0.89945,416,20,,-0.607,-0.729,0
114,Senate,14440,52,0,MD,100,D,0,1,"MIKULSKI, Barbara Ann",M000702,1936,,-0.37,-0.128,-40.75285,0.903,399,20,,-0.427,0.135,0
114,Senate,29722,32,0,KS,200,R,0,1,"MORAN, Jerry",M000934,1954,,0.414,0.219,-107.39334,0.76907,409,53,,0.452,0.548,0
114,Senate,40300,81,0,AK,200,R,0,1,"MURKOWSKI, Lisa",M001153,1957,,0.206,-0.304,-136.21683,0.71905,413,66,,0.299,-0.253,0
114,Senate,20707,1,0,CT,100,D,0,1,"MURPHY, Christopher",M001169,1973,,-0.282,-0.238,-48.44588,0.89056,418,15,,-0.376,-0.15,0
114,Senate,49308,73,0,WA,100,D,0,1,"MURRAY, Patty",M001111,1950,,-0.354,-0.315,-47.76853,0.89102,414,27,,-0.295,-0.552,0
114,Senate,14651,43,0,FL,100,D,0,1,"NELSON, Clarence William (Bill)",N000032,1942,,-0.193,0.337,-95.8616,0.78403,394,40,,-0.299,0.102,1
114,Senate,41104,51,0,KY,200,R,0,1,"PAUL, Rand",P000603,1963,,0.891,-0.454,-221.43422,0.57568,401,97,,0.83,-0.558,0
114,Senate,41501,44,0,GA,200,R,0,1,"PERDUE, David Alfred, Jr.",P000612,1949,,0.562,-0.075,-103.02843,0.78016,415,46,,0.68,-0.379,0
114,Senate,20923,23,0,MI,100,D,0,1,"PETERS, Gary C.",P000595,1958,,-0.248,-0.186,-47.49333,0.89186,415,17,,-0.319,-0.088,0
114,Senate,29386,24,0,OH,200,R,0,1,"PORTMAN, Robert Jones (Rob)",P000449,1955,,0.371,-0.208,-137.56058,0.71844,416,64,,0.325,-0.163,0
114,Senate,29142,5,0,RI,100,D,0,1,"REED, John F. (Jack)",R000122,1949,,-0.362,-0.166,-40.22153,0.90868,420,15,,-0.437,-0.129,1
114,Senate,15054,65,0,NV,100,D,0,1,"REID, Harry",R000146,1939,2021,-0.276,0.258,-68.81173,0.828,364,35,,-0.502,-0.121,0
114,Senate,40902,63,0,ID,200,R,0,1,"RISCH, James",R000584,1943,,0.55,0.389,-68.11712,0.84996,419,31,,0.589,0.709,0
114,Senate,14852,32,0,KS,200,R,0,1,"ROBERTS, Charles Patrick (Pat)",R000307,1936,,0.413,-0.09,-69.93766,0.84457,414,30,,0.434,0.253,0
114,Senate,41505,37,0,SD,200,R,0,1,"ROUNDS, Marion Michael (Mike)",R000605,1954,,0.352,0.079,-67.41303,0.8504,416,19,,0.386,0.004,1
114,Senate,41102,43,0,FL,200,R,0,1,"RUBIO, Marco",R000595,1971,,0.616,-0.184,-83.58058,0.75543,298,32,,0.617,-0.209,0
114,Senate,29147,6,0,VT,328,I,0,1,"SANDERS, Bernard",S000033,1941,,-0.543,-0.421,-66.28455,0.81024,315,27,,-0.861,-0.508,0
114,Senate,41503,35,0,NE,200,R,0,1,"SASSE, Benjamin Eric",S001197,1972,,0.669,-0.25,-111.35952,0.76612,418,57,,0.827,-0.38,0
114,Senate,41112,82,0,HI,100,D,0,1,"SCHATZ, Brian Emanuel",S001194,1972,,-0.447,-0.116,-43.51346,0.90091,417,18,,-0.424,-0.098,0
114,Senate,14858,13,0,NY,100,D,0,1,"SCHUMER, Charles Ellis (Chuck)",S000148,1950,,-0.355,-0.419,-43.63186,0.90111,419,15,,-0.369,-0.489,0
114,Senate,21173,48,0,SC,200,R,0,1,"SCOTT, Tim",S001184,1965,,0.631,0.012,-76.04083,0.83109,411,35,,0.634,0.028,0
114,Senate,49700,41,0,AL,200,R,0,1,"SESSIONS, Jefferson Beauregard III (Jeff)",S001141,1946,,0.549,0.13,-109.63029,0.76537,410,46,,0.635,0.2,1
114,Senate,40906,4,0,NH,100,D,0,1,"SHAHEEN, Jeanne",S001181,1947,,-0.228,-0.139,-50.71315,0.88626,420,17,,-0.266,-0.254,1
114,Senate,94659,41,0,AL,200,R,0,1,"SHELBY, Richard C.",S000320,1934,,0.446,0.57,-97.95531,0.78422,403,43,,0.587,0.561,0
114,Senate,29732,23,0,MI,100,D,0,1,"STABENOW, Deborah Ann",S000770,1950,,-0.343,-0.019,-47.58959,0.89166,415,22,,-0.309,-0.098,0
114,Senate,41500,81,0,AK,200,R,0,1,"SULLIVAN, Daniel Scott",S001198,1964,,0.482,0.139,-101.5753,0.7815,412,38,,0.46,0.144,1
114,Senate,40702,64,0,MT,100,D,0,1,"TESTER, Jon",T000464,1956,,-0.213,0.153,-105.36276,0.77813,420,42,,-0.197,0.067,0
114,Senate,29754,37,0,SD,200,R,0,1,"THUNE, John",T000250,1961,,0.433,0.225,-71.87622,0.84236,419,29,,0.429,0.079,0
114,Senate,41504,47,0,NC,200,R,0,1,"TILLIS, Thomas Roland (Thom)",T000476,1960,,0.388,-0.104,-81.45967,0.82293,418,32,,0.443,-0.064,1
114,Senate,29935,14,0,PA,200,R,0,1,"TOOMEY, Patrick Joseph",T000461,1961,,0.624,-0.378,-81.43535,0.8158,400,36,,0.596,-0.311,0
114,Senate,29924,66,0,NM,100,D,0,1,"UDALL, Thomas (Tom)",U000039,1948,,-0.453,0.161,-48.39639,0.89067,418,22,,-0.395,-0.099,0
114,Senate,29918,45,0,LA,200,R,0,1,"VITTER, David",V000127,1961,,0.495,0.323,-65.55047,0.838,370,32,,0.479,0.494,0
114,Senate,40909,40,0,VA,100,D,0,1,"WARNER, Mark",W000805,1954,,-0.206,-0.041,-75.87629,0.82154,386,40,,-0.17,-0.125,0
114,Senate,41301,3,0,MA,100,D,0,1,"WARREN, Elizabeth",W000817,1949,,-0.742,-0.364,-38.52388,0.91236,420,13,,-0.702,-0.461,0
114,Senate,40704,5,0,RI,100,D,0,1,"WHITEHOUSE, Sheldon",W000802,1955,,-0.353,-0.112,-46.42114,0.89513,419,22,,-0.42,0.023,0
114,Senate,29534,46,0,MS,200,R,0,1,"WICKER, Roger F.",W000437,1951,,0.377,0.341,-61.4823,0.8623,415,20,,0.406,0.184,1