congress,chamber,icpsr,state_icpsr,district_code,state_abbrev,party_code,party,occupancy,last_means,bioname,bioguide_id,born,died,nominate_dim1,nominate_dim2,nominate_log_likelihood,nominate_geo_mean_probability,nominate_number_of_votes,nominate_number_of_errors,conditional,nokken_poole_dim1,nokken_poole_dim2,hasc
102,House,15633,68,1,WY,200,R,0,1,"THOMAS, Craig Lyle",T000162,1933,2007,0.446,-0.128,-227.8378,0.739,752,94,,0.432,-0.063,0
102,House,15083,56,1,WV,100,D,0,1,"MOLLOHAN, Alan Bowlby",M000844,1943,,-0.292,0.657,-189.60437,0.776,749,81,,-0.31,0.748,0
102,House,14448,56,4,WV,100,D,0,1,"RAHALL, Nick Joe, II",R000011,1949,,-0.306,0.45,-282.7572,0.688,755,123,,-0.293,0.36,0
102,House,15065,56,2,WV,100,D,0,1,"STAGGERS, Harley Orrin, Jr.",S000779,1951,,-0.315,0.158,-236.56961,0.713,699,105,,-0.247,0.092,0
102,House,15077,56,3,WV,100,D,0,1,"WISE, Robert Ellsworth, Jr.",W000654,1948,,-0.32,0.253,-140.04509,0.827,736,58,,-0.362,0.319,0
102,House,13003,25,1,WI,100,D,0,1,"ASPIN, Leslie",A000224,1938,1995,-0.32,-0.125,-197.65639,0.763,729,89,,-0.275,0.184,1
102,House,14827,25,3,WI,200,R,0,1,"GUNDERSON, Steven Craig",G000524,1951,,0.203,-0.293,-315.52038,0.664,770,162,,0.184,-0.166,0
102,House,15082,25,4,WI,100,D,0,1,"KLECZKA, Gerald Daniel",K000259,1943,2017,-0.322,-0.093,-127.82897,0.842,741,53,,-0.392,0.122,0
102,House,29150,25,2,WI,200,R,0,1,"KLUG, Scott L.",K000274,1953,,0.258,-0.713,-357.35059,0.624,758,153,,0.19,-0.498,0
102,House,15044,25,5,WI,100,D,0,1,"MOODY, Jim",M000881,1935,2019,-0.347,-0.566,-206.2792,0.754,732,88,,-0.294,-0.546,0
102,House,12036,25,7,WI,100,D,0,1,"OBEY, David Ross",O000007,1938,,-0.45,-0.063,-175.276,0.796,767,71,,-0.425,-0.089,0
102,House,14675,25,6,WI,200,R,0,1,"PETRI, Thomas Evert",P000265,1940,,0.379,-0.367,-535.46025,0.5,773,238,,0.294,-0.129,0
102,House,14655,25,8,WI,200,R,0,1,"ROTH, Toby A.",R000459,1938,,0.351,-0.21,-323.24939,0.654,761,155,,0.385,-0.122,0
102,House,14657,25,9,WI,200,R,0,1,"SENSENBRENNER, Frank James, Jr.",S000244,1943,,0.638,-0.579,-230.49387,0.74188,772,108,,0.625,-0.781,0
102,House,15016,73,8,WA,200,R,0,1,"CHANDLER, Rodney Dennis",C000293,1942,,0.254,-0.612,-199.61347,0.737,655,88,,0.293,-0.488,0
102,House,14413,73,6,WA,100,D,0,1,"DICKS, Norman DeValois",D000327,1940,,-0.312,0.11,-154.44452,0.813,745,62,,-0.292,0.221,0
102,House,10726,73,5,WA,100,D,0,1,"FOLEY, Thomas Stephen",F000239,1929,2013,-0.354,0.192,-5.01786,0.818,25,2,,-0.629,-0.245,0
102,House,15613,73,7,WA,100,D,0,1,"McDERMOTT, James A.",M000404,1936,,-0.666,-0.197,-123.52309,0.852,769,53,,-0.52,-0.364,0
102,House,15110,73,1,WA,200,R,0,1,"MILLER, John Ripin",M000736,1938,2017,0.168,-0.555,-269.44641,0.686,714,121,,0.248,-0.809,0
102,House,14847,73,4,WA,200,R,0,1,"MORRISON, Sidney Wallace",M000999,1933,,0.153,-0.158,-276.87127,0.674,701,139,,0.101,-0.19,0
102,House,14666,73,2,WA,100,D,0,1,"SWIFT, Allan Byron",S001115,1935,2018,-0.43,0.099,-154.95239,0.816,764,64,,-0.473,0.338,0
102,House,15629,73,3,WA,100,D,0,1,"UNSOELD, Jolene",U000017,1931,2021,-0.52,-0.019,-128.82072,0.844,760,51,,-0.506,-0.107,0
102,House,29147,6,1,VT,328,I,0,1,"SANDERS, Bernard",S000033,1941,,-0.543,-0.421,-197.42771,0.76332,731,77,,-0.481,-0.753,0
102,House,29148,40,7,VA,200,R,0,2,"ALLEN, George",A000121,1952,,0.409,-0.053,-134.37888,0.752,471,54,,0.477,-0.206,0
102,House,15003,40,1,VA,200,R,0,1,"BATEMAN, Herbert Harvell",B000229,1928,2000,0.242,0.191,-242.46122,0.726,756,101,,0.241,0.179,1
102,House,14802,40,3,VA,200,R,0,1,"BLILEY, Thomas Jerome, Jr.",B000556,1932,2023,0.382,-0.13,-210.25044,0.759,763,87,,0.379,-0.178,0
102,House,15010,40,9,VA,100,D,0,1,"BOUCHER, Frederick C.",B000657,1946,,-0.265,0.189,-156.94944,0.809,741,63,,-0.348,0.368,0
102,House,29149,40,8,VA,100,D,0,1,"MORAN, James P.",M000933,1945,,-0.302,-0.203,-230.15261,0.731,736,104,,-0.255,-0.065,0
102,House,15048,40,6,VA,100,D,0,1,"OLIN, James R.",O000069,1920,2006,-0.119,0.05,-307.69146,0.65,714,132,,-0.171,0.152,0
102,House,15452,40,5,VA,100,D,0,1,"PAYNE, Lewis Franklin, Jr.",P000152,1945,,-0.148,0.418,-251.88622,0.719,764,126,,-0.119,0.452,0
102,House,15437,40,2,VA,100,D,0,1,"PICKETT, Owen Bradford",P000326,1930,2010,-0.149,0.555,-285.21345,0.686,756,134,,-0.119,0.585,1
102,House,15060,40,4,VA,100,D,0,1,"SISISKY, Norman",S000453,1927,2001,-0.122,0.453,-219.98249,0.746,752,104,,-0.097,0.417,1
102,House,15115,40,7,VA,200,R,0,1,"SLAUGHTER, Daniel French, Jr.",S000479,1925,1998,0.38,-0.18,-61.83138,0.741,206,30,,0.365,0.001,0
102,House,14869,40,10,VA,200,R,0,1,"WOLF, Frank Rudolph",W000672,1939,,0.284,-0.213,-246.92552,0.726,772,103,,0.297,-0.35,0
102,House,14829,67,1,UT,200,R,0,1,"HANSEN, James Vear",H000172,1932,2018,0.496,0.143,-203.70884,0.756,728,93,,0.478,0.146,1
102,House,29146,67,3,UT,100,D,0,1,"ORTON, William",O000108,1948,2009,-0.086,0.483,-435.92245,0.557,746,204,,-0.016,0.195,0
102,House,14042,67,2,UT,100,D,0,1,"OWENS, Douglas Wayne",O000156,1937,2002,-0.253,-0.237,-221.80709,0.735,721,102,,-0.2,-0.324,0
102,House,15001,49,25,TX,100,D,0,1,"ANDREWS, Michael Allen",A000209,1944,,-0.135,0.32,-238.77858,0.732,764,101,,-0.139,0.284,0
102,House,13002,49,7,TX,200,R,0,1,"ARCHER, William Reynolds, Jr.",A000215,1928,,0.496,0.2,-212.47108,0.753,750,113,,0.565,0.498,0
102,House,15125,49,26,TX,200,R,0,1,"ARMEY, Richard Keith",A000217,1940,,0.635,-0.089,-122.12127,0.851,759,41,,0.722,-0.041,0
102,House,15002,49,3,TX,200,R,0,1,"BARTLETT, Harry Stephen (Steve)",B000204,1947,,0.46,0.139,,,,,,0.342,0.303,0
102,House,15085,49,6,TX,200,R,0,1,"BARTON, Joe Linus",B000213,1949,,0.528,0.047,-218.856,0.73882,723,94,,0.528,0.224,0
102,House,1077,49,9,TX,100,D,0,1,"BROOKS, Jack Bascom",B000880,1922,2012,-0.407,0.725,-144.47723,0.82,726,56,,-0.386,0.654,0
102,House,15013,49,5,TX,100,D,0,1,"BRYANT, John Wiley",B000997,1947,,-0.358,0.135,-164.33293,0.796,722,74,,-0.326,0.212,0
102,House,15089,49,23,TX,100,D,0,1,"BUSTAMANTE, Albert G.",B001172,1935,2021,-0.392,0.667,-110.15904,0.851,682,35,,-0.386,0.503,1
102,House,15129,49,1,TX,100,D,0,1,"CHAPMAN, Jim",C000312,1945,,-0.198,0.657,-175.27275,0.78,707,72,,-0.232,0.77,0
102,House,15018,49,16,TX,100,D,0,1,"COLEMAN, Ronald D'Emory",C000621,1941,,-0.402,0.548,-153.71864,0.812,740,61,,-0.377,0.539,0
102,House,15093,49,19,TX,200,R,0,1,"COMBEST, Larry Ed",C000653,1945,,0.458,0.555,-201.69544,0.77,770,83,,0.459,0.588,0
102,House,10716,49,15,TX,100,D,0,1,"de la GARZA, Eligio, II (Kika)",D000203,1927,2017,-0.255,0.757,-169.47018,0.791,724,67,,-0.315,0.615,0
102,House,15094,49,22,TX,200,R,0,1,"DeLAY, Thomas Dale",D000217,1947,,0.593,0.059,-187.91566,0.776,742,84,,0.648,0.21,0
102,House,29144,49,11,TX,100,D,0,1,"EDWARDS, Thomas Chester (Chet)",E000063,1951,,-0.226,0.5,-195.86544,0.775,767,86,,-0.201,0.73,1
102,House,14822,49,8,TX,200,R,0,1,"FIELDS, Jack Milton, Jr.",F000111,1952,,0.541,-0.128,-161.91902,0.805,745,57,,0.552,0.032,0
102,House,14626,49,24,TX,100,D,0,1,"FROST, Jonas Martin",F000392,1942,,-0.316,0.354,-131.85593,0.833,722,62,,-0.324,0.428,0
102,House,15636,49,12,TX,100,D,0,1,"GEREN, Preston M. (Pete)",G000134,1952,,-0.032,0.729,-248.9901,0.721,760,132,,-0.019,0.696,0
102,House,10520,49,20,TX,100,D,0,1,"GONZ√ÅLEZ, Henry B.",G000272,1916,2000,-0.538,0.558,-185.68342,0.788,779,74,,-0.614,0.595,0
102,House,14828,49,4,TX,100,D,0,1,"HALL, Ralph Moody",H000067,1923,2019,0.096,0.995,-257.1258,0.716,769,121,,0.102,0.995,0
102,House,29143,49,3,TX,200,R,0,2,"JOHNSON, Sam",J000174,1930,2020,0.61,0.277,-194.9898,0.75006,678,97,,0.528,0.403,0
102,House,15611,49,14,TX,100,D,0,1,"LAUGHLIN, Gregory H.",L000119,1942,,-0.097,0.858,-215.88479,0.742,722,110,,-0.131,0.991,0
102,House,15049,49,27,TX,100,D,0,1,"ORTIZ, Solomon P.",O000107,1937,,-0.272,0.712,-159.88664,0.806,740,68,,-0.294,0.801,1
102,House,10614,49,10,TX,100,D,0,1,"PICKLE, James Jarrell (Jake)",P000328,1913,2005,-0.218,0.523,-226.55623,0.737,744,111,,-0.229,0.42,0
102,House,15623,49,13,TX,100,D,0,1,"SARPALIUS, William",S000066,1948,,-0.078,0.997,-241.96377,0.729,765,120,,-0.065,0.998,0
102,House,15445,49,21,TX,200,R,0,1,"SMITH, Lamar Seeligson",S000583,1947,,0.425,0.061,-248.36266,0.71424,738,110,,0.378,-0.345,0
102,House,14664,49,17,TX,100,D,0,1,"STENHOLM, Charles Walter",S000851,1938,2023,0.019,1,-288.93217,0.685,763,138,,0.052,0.999,0
102,House,29145,49,18,TX,100,D,0,1,"WASHINGTON, Craig Anthony",W000177,1941,,-0.766,-0.439,-127.01248,0.823,651,49,,-0.817,-0.521,0
102,House,14062,49,2,TX,100,D,0,1,"WILSON, Charles",W000570,1933,2010,-0.196,0.474,-188.5618,0.754,668,82,,-0.155,0.513,0
102,House,15450,54,5,TN,100,D,0,1,"CLEMENT, Robert Nelson",C000503,1943,,-0.216,0.327,-196.64122,0.765,734,89,,-0.184,0.259,0
102,House,15019,54,4,TN,100,D,0,1,"COOPER, James Hayes Shofner",C000754,1954,,-0.164,-0.033,-262.49982,0.7037,747,120,,-0.133,0.111,0
102,House,15455,54,2,TN,200,R,0,1,"DUNCAN, John J., Jr.",D000533,1947,,0.604,-0.476,-357.42936,0.62978,773,142,,0.525,-0.078,0
102,House,14224,54,9,TN,100,D,0,1,"FORD, Harold Eugene",F000261,1945,,-0.438,-0.064,-135.38572,0.799,602,49,,-0.393,-0.322,0
102,House,15100,54,6,TN,100,D,0,1,"GORDON, Barton Jennings",G000309,1949,,-0.204,0.286,-139.13589,0.832,757,46,,-0.257,0.176,0
102,House,14251,54,3,TN,100,D,0,1,"LLOYD, Marilyn Laird",L000381,1929,2018,-0.058,0.452,-218.19788,0.729,690,98,,-0.061,0.447,1
102,House,10616,54,1,TN,200,R,0,1,"QUILLEN, James Henry",Q000013,1916,2003,0.246,0.23,-338.08579,0.62,707,150,,0.281,0.086,0
102,House,15066,54,7,TN,200,R,0,1,"SUNDQUIST, Donald Kenneth",S001075,1936,2023,0.371,-0.202,-206.26205,0.755,733,93,,0.378,-0.139,0
102,House,15628,54,8,TN,100,D,0,1,"TANNER, John S.",T000038,1944,,-0.182,0.648,-238.05364,0.726,745,122,,-0.118,0.618,1
102,House,15425,37,1,SD,100,D,0,1,"JOHNSON, Timothy Peter (Tim)",J000177,1946,2024,-0.25,0.143,-272.48421,0.703,772,128,,-0.18,0.047,0
102,House,14212,48,3,SC,100,D,0,1,"DERRICK, Butler Carson, Jr.",D000267,1936,2014,-0.215,0.258,-186.67966,0.783,765,71,,-0.231,0.185,0
102,House,15171,48,4,SC,100,D,0,1,"PATTERSON, Elizabeth J.",P000112,1939,2018,-0.055,0.229,-306.99272,0.67,767,152,,-0.053,0.261,0
102,House,15439,48,1,SC,200,R,0,1,"RAVENEL, Arthur, Jr.",R000072,1927,2023,0.162,-0.119,-285.98921,0.688,765,143,,0.133,-0.18,1
102,House,13042,48,2,SC,200,R,0,1,"SPENCE, Floyd Davidson",S000718,1928,2001,0.32,0.185,-217.01986,0.748,748,101,,0.304,0.107,1
102,House,15064,48,5,SC,100,D,0,1,"SPRATT, John McKee, Jr.",S000749,1942,2024,-0.256,0.255,-170.6036,0.8,764,72,,-0.211,0.204,1
102,House,15068,48,6,SC,100,D,0,1,"TALLON, Robert Mooneyhan, Jr. (Robin)",T000034,1946,,-0.1,0.366,-231.05783,0.715,688,109,,-0.143,0.417,0
102,House,15615,5,1,RI,200,R,0,1,"MACHTLEY, Ronald K.",M000015,1948,,0.113,-0.86,-279.6498,0.692,760,130,,0.091,-0.765,1
102,House,29142,5,2,RI,100,D,0,1,"REED, John F. (Jack)",R000122,1949,,-0.362,-0.166,-142.91875,0.831,772,59,,-0.315,-0.345,0
102,House,29140,14,2,PA,100,D,0,2,"BLACKWELL, Lucien Edward",B000517,1931,2003,-0.538,-0.216,-59.71892,0.874,445,22,,-0.56,-0.248,0
102,House,15008,14,3,PA,100,D,0,1,"BORSKI, Robert Anthony, Jr.",B000644,1948,,-0.416,0.406,-157.80158,0.814,765,69,,-0.382,0.411,0
102,House,14612,14,23,PA,200,R,0,1,"CLINGER, William Floyd, Jr.",C000523,1929,2021,0.176,-0.221,-312.87981,0.66,752,133,,0.219,-0.018,0
102,House,12010,14,13,PA,200,R,0,1,"COUGHLIN, Robert Lawrence",C000807,1929,2001,0.204,-0.844,-261.0874,0.682,682,128,,0.21,-0.541,0
102,House,14808,14,14,PA,100,D,0,1,"COYNE, William Joseph",C000846,1936,2013,-0.494,-0.119,-108.09067,0.868,765,41,,-0.502,0.054,0
102,House,14823,14,1,PA,100,D,0,1,"FOGLIETTA, Thomas Michael",F000235,1928,2004,-0.506,-0.057,-94.35905,0.874,701,36,,-0.547,-0.047,1
102,House,11067,14,20,PA,100,D,0,1,"GAYDOS, Joseph Matthew",G000105,1926,2015,-0.278,0.398,-182.68885,0.748,629,87,,-0.254,0.606,0
102,House,15026,14,17,PA,200,R,0,1,"GEKAS, George William",G000121,1930,2021,0.426,-0.295,-246.33107,0.721,752,105,,0.412,-0.425,0
102,House,14288,14,19,PA,200,R,0,1,"GOODLING, William Franklin",G000291,1927,2017,0.336,-0.494,-296.56367,0.67,740,132,,0.303,-0.367,0
102,House,14629,14,2,PA,100,D,0,1,"GRAY, William Herbert, III",G000402,1941,2013,-0.511,-0.219,-17.65232,0.878,136,6,,-0.49,0.163,0
102,House,15104,14,11,PA,100,D,0,1,"KANJORSKI, Paul E.",K000008,1937,,-0.303,0.364,-246.92292,0.727,776,110,,-0.279,0.414,0
102,House,15031,14,4,PA,100,D,0,1,"KOLTER, Joseph Paul",K000307,1926,2019,-0.28,0.388,-162.51114,0.765,608,79,,-0.284,0.682,0
102,House,14431,14,8,PA,100,D,0,1,"KOSTMAYER, Peter Houston",K000319,1946,,-0.298,-0.573,-181.81398,0.788,764,76,,-0.349,-0.458,0
102,House,10607,14,10,PA,200,R,0,1,"McDADE, Joseph Michael",M000399,1931,2017,0.093,-0.355,-312.63915,0.624,664,176,,0.136,-0.415,0
102,House,14441,14,22,PA,100,D,0,1,"MURPHY, Austin John",M001088,1927,2024,-0.081,-0.357,-504.82134,0.497,723,229,,-0.093,-0.519,0
102,House,14072,14,12,PA,100,D,0,1,"MURTHA, John Patrick, Jr.",M001120,1932,2010,-0.265,0.569,-159.47693,0.806,740,65,,-0.341,0.684,0
102,House,15056,14,21,PA,200,R,0,1,"RIDGE, Thomas Joseph",R000243,1945,,0.186,-0.669,-276.92777,0.679,715,138,,0.204,-0.599,0
102,House,14654,14,15,PA,200,R,0,1,"RITTER, Donald Lawrence",R000277,1940,,0.268,-0.154,-291.26415,0.682,760,146,,0.238,-0.069,0
102,House,29141,14,18,PA,200,R,0,1,"SANTORUM, Richard John (Rick)",S000059,1958,,0.338,-0.234,-279.89575,0.691,758,121,,0.329,-0.26,0
102,House,14273,14,5,PA,200,R,0,1,"SCHULZE, Richard Taylor",S000146,1929,,0.271,-0.036,-217.50677,0.725,675,90,,0.307,0.191,0
102,House,14052,14,9,PA,200,R,0,1,"SHUSTER, E. G. (Bud)",S000394,1932,2023,0.416,0.144,-242.2897,0.725,752,119,,0.401,0.117,0
102,House,14461,14,16,PA,200,R,0,1,"WALKER, Robert Smith",W000068,1942,,0.581,-0.639,-163.34096,0.808,765,74,,0.621,-0.349,0
102,House,15447,14,7,PA,200,R,0,1,"WELDON, Wayne Curtis (Curt)",W000268,1947,,0.232,-0.324,-285.09357,0.683,747,141,,0.259,-0.521,1
102,House,12035,14,6,PA,100,D,0,1,"YATRON, Gus",Y000014,1927,2003,-0.174,0.094,-175.69799,0.766,660,70,,-0.245,0.425,0
102,House,14201,72,1,OR,100,D,0,1,"AuCOIN, Les",A000337,1942,,-0.231,-0.418,-151.18173,0.794,656,56,,-0.361,-0.464,0
102,House,15410,72,4,OR,100,D,0,1,"DeFAZIO, Peter Anthony",D000191,1947,,-0.427,-0.002,-206.54355,0.75502,735,95,,-0.399,-0.083,0
102,House,29139,72,5,OR,100,D,0,1,"KOPETSKI, Michael J.",K000312,1949,,-0.589,0.497,-183.39837,0.786,762,80,,-0.52,0.377,0
102,House,15063,72,2,OR,200,R,0,1,"SMITH, Robert Freeman",S000607,1931,2020,0.396,-0.203,-201.98381,0.769,768,82,,0.433,-0.146,0
102,House,14871,72,3,OR,100,D,0,1,"WYDEN, Ronald Lee",W000779,1949,,-0.332,-0.486,-151.33051,0.82115,768,61,,-0.346,-0.431,0
102,House,29138,53,3,OK,100,D,0,1,"BREWSTER, William K.",B000817,1941,2022,-0.08,0.688,-233.2972,0.735,759,111,,-0.149,0.645,0
102,House,14415,53,5,OK,200,R,0,1,"EDWARDS, Marvin Henry (Mickey)",E000077,1937,,0.394,-0.05,-173.69722,0.765,648,73,,0.381,-0.08,0
102,House,14219,53,6,OK,100,D,0,1,"ENGLISH, Glenn Lee, Jr.",E000184,1940,,-0.027,0.603,-265.65976,0.709,772,125,,-0.042,0.481,0
102,House,15424,53,1,OK,200,R,0,1,"INHOFE, James Mountain",I000024,1934,2024,0.552,0.045,-165.03277,0.80342,754,71,,0.495,-0.058,0
102,House,14843,53,4,OK,100,D,0,1,"McCURDY, David Keith",M000398,1950,,-0.112,0.299,-226.62403,0.733,730,102,,-0.129,0.119,1
102,House,14667,53,2,OK,100,D,0,1,"SYNAR, Michael Lynn",S001139,1950,1996,-0.321,-0.032,-169.90615,0.799,758,64,,-0.389,-0.291,0
102,House,14402,24,18,OH,100,D,0,1,"APPLEGATE, Douglas Earl",A000214,1928,2021,-0.106,0.166,-366.98805,0.618,762,175,,-0.103,0.154,0
102,House,29137,24,8,OH,200,R,0,1,"BOEHNER, John Andrew",B000589,1949,,0.513,0.04,-164.86711,0.806,766,73,,0.506,-0.112,0
102,House,14818,24,11,OH,100,D,0,1,"ECKART, Dennis Edward",E000031,1950,,-0.242,-0.258,-183.69699,0.783,751,68,,-0.309,-0.254,0
102,House,15024,24,19,OH,100,D,0,1,"FEIGHAN, Edward Farrell",F000059,1947,,-0.304,-0.267,-114.06713,0.846,680,45,,-0.344,-0.184,0
102,House,15604,24,5,OH,200,R,0,1,"GILLMOR, Paul Eugene",G000210,1939,2007,0.254,0.106,-262.18558,0.707,755,115,,0.216,-0.036,0
102,House,14225,24,2,OH,200,R,0,1,"GRADISON, Willis David, Jr.",G000349,1928,,0.233,-0.338,-317.89275,0.656,753,160,,0.272,-0.198,0
102,House,14632,24,3,OH,100,D,0,1,"HALL, Tony Patrick",H000074,1942,,-0.28,0.155,-188.99478,0.775,741,71,,-0.293,0.267,0
102,House,29136,24,7,OH,200,R,0,1,"HOBSON, David Lee",H000666,1936,2024,0.315,-0.229,-245.51799,0.729,778,97,,0.289,-0.36,0
102,House,15029,24,9,OH,100,D,0,1,"KAPTUR, Marcia Carolyn (Marcy)",K000009,1946,,-0.343,0.133,-171.8612,0.793,741,78,,-0.325,0.236,0
102,House,15030,24,12,OH,200,R,0,1,"KASICH, John Richard",K000016,1952,,0.314,0.013,-265.38563,0.705,759,124,,0.283,0.014,1
102,House,15823,24,1,OH,100,D,0,1,"LUKEN, Charles J.",L000507,1951,,-0.099,0.062,-353.56006,0.621,743,157,,-0.098,0.065,0
102,House,14844,24,6,OH,200,R,0,1,"McEWEN, Bob",M000432,1950,,0.359,0.089,-218.80955,0.742,733,105,,0.473,0.125,0
102,House,11034,24,10,OH,200,R,0,1,"MILLER, Clarence E.",M000718,1917,2011,0.416,-0.304,-247.23014,0.717,744,106,,0.448,-0.13,0
102,House,14443,24,20,OH,100,D,0,1,"OAKAR, Mary Rose",O000001,1940,,-0.4,0.07,-127.77104,0.833,699,53,,-0.444,0.182,0
102,House,14875,24,4,OH,200,R,0,1,"OXLEY, Michael Garver",O000163,1944,2016,0.382,-0.093,-244.86686,0.725,760,115,,0.373,0.018,0
102,House,14445,24,13,OH,100,D,0,1,"PEASE, Donald James",P000170,1931,2002,-0.308,-0.329,-252.30484,0.717,758,104,,-0.314,-0.491,0
102,House,14045,24,16,OH,200,R,0,1,"REGULA, Ralph Straus",R000141,1924,2017,0.221,-0.223,-330.77564,0.653,777,166,,0.186,-0.444,0
102,House,15442,24,14,OH,100,D,0,1,"SAWYER, Thomas Charles",S000094,1945,2023,-0.377,-0.114,-109.04089,0.867,766,37,,-0.366,-0.221,0
102,House,12030,24,21,OH,100,D,0,1,"STOKES, Louis",S000948,1925,2015,-0.578,-0.312,-96.98016,0.877,741,31,,-0.612,-0.389,0
102,House,15121,24,17,OH,100,D,0,1,"TRAFICANT, James A., Jr.",T000350,1941,2014,-0.082,0.071,-361.85324,0.625,771,147,,-0.249,-0.022,0
102,House,11058,24,15,OH,200,R,0,1,"WYLIE, Chalmers Pangburn",W000781,1920,1998,0.23,-0.13,-253.8604,0.713,750,96,,0.285,0.019,0
102,House,15000,13,7,NY,100,D,0,1,"ACKERMAN, Gary Leonard",A000022,1942,,-0.429,-0.165,-79.12911,0.884,642,27,,-0.463,-0.178,0
102,House,15007,13,25,NY,200,R,0,1,"BOEHLERT, Sherwood Louis",B000586,1936,2021,0.103,-0.718,-280.26808,0.696,774,127,,0.018,-0.837,0
102,House,14214,13,2,NY,100,D,0,1,"DOWNEY, Thomas Joseph",D000471,1949,,-0.384,-0.341,-107.40739,0.868,759,39,,-0.415,-0.159,0
102,House,15603,13,19,NY,100,D,0,1,"ENGEL, Eliot Lance",E000179,1947,,-0.408,-0.093,-111.63039,0.85784,728,41,,-0.376,-0.186,0
102,House,12013,13,21,NY,200,R,0,1,"FISH, Hamilton, Jr.",F000141,1926,1996,0.07,-0.423,-303.48859,0.664,741,142,,0.063,-0.4,0
102,House,15412,13,6,NY,100,D,0,1,"FLAKE, Floyd Harold",F000184,1945,,-0.455,-0.092,-102.69579,0.864,705,37,,-0.508,-0.327,0
102,House,14015,13,22,NY,200,R,0,1,"GILMAN, Benjamin Arthur",G000212,1922,2016,0.043,-0.425,-322.84166,0.659,775,140,,-0.003,-0.518,0
102,House,14471,13,15,NY,200,R,0,1,"GREEN, Sedgwick William (Bill)",G000417,1929,2002,-0.044,-0.733,-351.58666,0.626,750,160,,-0.05,-0.715,0
102,House,15421,13,1,NY,100,D,0,1,"HOCHBRUECKNER, George Joseph",H000670,1938,,-0.348,0.117,-132.16497,0.842,768,51,,-0.357,0.049,1
102,House,10596,13,29,NY,200,R,0,1,"HORTON, Frank Jefferson",H000797,1919,2004,-0.004,-0.359,-299.73172,0.662,727,137,,0.02,-0.324,0
102,House,15423,13,34,NY,200,R,0,1,"HOUGHTON, Amory, Jr.",H000814,1926,2020,0.154,-0.281,-364.61535,0.614,748,169,,0.141,-0.252,0
102,House,14248,13,32,NY,100,D,0,1,"LaFALCE, John Joseph",L000556,1939,2025,-0.357,0.112,-169.21236,0.797,746,67,,-0.378,0.212,0
102,House,13021,13,4,NY,200,R,0,1,"LENT, Norman Frederick",L000243,1931,2012,0.183,-0.24,-254.70043,0.696,703,114,,0.244,-0.009,0
102,House,15612,13,20,NY,100,D,0,1,"LOWEY, Nita M.",L000480,1937,2025,-0.389,-0.152,-99.69496,0.87796,766,34,,-0.407,-0.249,0
102,House,15107,13,9,NY,100,D,0,1,"MANTON, Thomas J.",M000117,1932,2006,-0.361,0.382,-135.61243,0.829,721,53,,-0.398,0.349,0
102,House,14840,13,26,NY,200,R,0,1,"MARTIN, David O'Brien",M000174,1944,2012,0.232,-0.232,-216.97924,0.728,684,100,,0.262,-0.294,1
102,House,14845,13,5,NY,200,R,0,1,"McGRATH, Raymond Joseph",M000458,1942,,0.185,-0.45,-373.95384,0.603,739,204,,0.114,-0.178,0
102,House,14253,13,28,NY,100,D,0,1,"McHUGH, Matthew Francis",M000473,1938,,-0.353,-0.227,-166.35935,0.802,756,76,,-0.378,-0.005,0
102,House,15614,13,23,NY,100,D,0,1,"McNULTY, Michael Robert",M000590,1947,,-0.369,0.369,-148.77948,0.823,762,52,,-0.352,0.322,1
102,House,15639,13,14,NY,200,R,0,1,"MOLINARI, Susan",M000843,1958,,0.256,-0.5,-269.72172,0.703,764,124,,0.215,-0.612,0
102,House,15046,13,3,NY,100,D,0,1,"MRAZEK, Robert Jan",M001057,1945,,-0.349,-0.281,-93.56539,0.845,557,31,,-0.383,-0.335,0
102,House,14264,13,33,NY,100,D,0,1,"NOWAK, Henry James",N000163,1935,2024,-0.332,-0.123,-166.66947,0.799,744,63,,-0.367,0.132,0
102,House,15050,13,12,NY,100,D,0,1,"OWENS, Major Robert Odell",O000159,1936,2013,-0.569,-0.516,-105.60004,0.864,722,39,,-0.628,-0.554,0
102,House,15618,13,31,NY,200,R,0,1,"PAXON, L. William",P000148,1954,,0.472,-0.167,-197.80753,0.773,769,82,,0.378,-0.27,0
102,House,13035,13,16,NY,100,D,0,1,"RANGEL, Charles B.",R000053,1930,,-0.514,-0.341,-109.23701,0.862,735,42,,-0.585,-0.245,0
102,House,10768,13,8,NY,100,D,0,1,"SCHEUER, James Haas",S000124,1920,2005,-0.478,-0.349,-109.73393,0.859,722,43,,-0.535,-0.537,0
102,House,14858,13,10,NY,100,D,0,1,"SCHUMER, Charles Ellis (Chuck)",S000148,1950,,-0.355,-0.419,-146.5133,0.82082,742,62,,-0.353,-0.453,0
102,House,29134,13,18,NY,100,D,0,1,"SERRANO, Jos√© E.",S000248,1943,,-0.491,-0.377,-86.73209,0.8844,706,34,,-0.56,-0.44,0
102,House,15444,13,30,NY,100,D,0,1,"SLAUGHTER, Louise McIntosh",S000480,1929,2018,-0.465,-0.104,-124.0778,0.8501,764,43,,-0.353,-0.239,0
102,House,14277,13,13,NY,100,D,0,1,"SOLARZ, Stephen Joshua",S000673,1940,2010,-0.429,-0.258,-111.56828,0.847,671,44,,-0.368,-0.257,0
102,House,14662,13,24,NY,200,R,0,1,"SOLOMON, Gerald Brooks Hunt",S000675,1930,2001,0.492,-0.333,-229.55555,0.738,756,98,,0.46,-0.33,0
102,House,15072,13,11,NY,100,D,0,1,"TOWNS, Edolphus",T000326,1934,,-0.519,-0.132,-101.28982,0.851,628,37,,-0.582,-0.326,0
102,House,15630,13,27,NY,200,R,0,1,"WALSH, James T.",W000099,1947,,0.208,-0.19,-344.29865,0.638,765,170,,0.159,-0.259,0
102,House,14463,13,17,NY,100,D,0,1,"WEISS, Theodore S.",W000258,1927,1992,-0.564,-0.71,-77.96134,0.882,623,29,,-0.62,-0.557,0
102,House,15403,65,1,NV,100,D,0,1,"BILBRAY, James Hubert",B000462,1938,2021,-0.184,0.258,-230.75887,0.74,765,88,,-0.187,0.269,1
102,House,15075,65,2,NV,200,R,0,1,"VUCANOVICH, Barbara Farrell",V000124,1921,2013,0.441,-0.109,-273.2911,0.697,756,129,,0.419,-0.16,0
102,House,15055,66,3,NM,100,D,0,1,"RICHARDSON, Bill",R000229,1947,2023,-0.321,0.227,-159.9384,0.806,743,66,,-0.313,0.241,0
102,House,15624,66,1,NM,200,R,0,1,"SCHIFF, Steven Harvey",S000125,1947,1998,0.196,-0.261,-299.78463,0.674,760,143,,0.185,-0.251,0
102,House,14861,66,2,NM,200,R,0,1,"SKEEN, Joseph Richard",S000463,1927,2003,0.301,0.034,-306.56835,0.673,774,141,,0.211,0.064,0
102,House,29132,12,1,NJ,100,D,0,1,"ANDREWS, Robert Ernest",A000210,1957,,-0.297,-0.119,-329.77233,0.647,757,144,,-0.17,-0.116,0
102,House,14815,12,6,NJ,100,D,0,1,"DWYER, Bernard James",D000586,1921,1998,-0.373,0.048,-125.28552,0.831,675,50,,-0.352,0.11,0
102,House,15099,12,11,NJ,200,R,0,1,"GALLO, Dean Anderson",G000025,1935,1994,0.203,-0.498,-270.37917,0.7,757,123,,0.19,-0.515,0
102,House,14631,12,14,NJ,100,D,0,1,"GUARINI, Frank Joseph, Jr.",G000511,1924,,-0.295,-0.047,-207.07721,0.754,732,90,,-0.25,0.025,0
102,House,14238,12,2,NJ,100,D,0,1,"HUGHES, William John",H000930,1932,2019,-0.153,-0.204,-301.95567,0.676,770,146,,-0.189,-0.417,0
102,House,15454,12,3,NJ,100,D,0,1,"PALLONE, Frank, Jr.",P000034,1951,,-0.402,-0.161,-471.69767,0.54452,776,165,,-0.149,-0.353,0
102,House,15619,12,10,NJ,100,D,0,1,"PAYNE, Donald Milford",P000149,1934,2012,-0.592,-0.547,-83.83002,0.894,745,26,,-0.613,-0.447,0
102,House,14046,12,7,NJ,200,R,0,1,"RINALDO, Matthew John",R000262,1931,2008,0.023,-0.392,-327.42025,0.652,766,153,,0.112,-0.199,0
102,House,12042,12,8,NJ,100,D,0,1,"ROE, Robert A.",R000383,1924,2014,-0.326,0.123,-172.22663,0.781,698,70,,-0.365,0.449,0
102,House,14855,12,5,NJ,200,R,0,1,"ROUKEMA, Margaret Scafati",R000465,1929,2014,0.162,-0.701,-305.01565,0.66,735,142,,0.127,-0.737,0
102,House,15112,12,13,NJ,200,R,0,1,"SAXTON, Hugh James",S000097,1943,,0.238,-0.378,-248.94913,0.719,755,107,,0.247,-0.45,1
102,House,14863,12,4,NJ,200,R,0,1,"SMITH, Christopher Henry",S000522,1953,,0.181,-0.172,-311.12329,0.66514,763,145,,0.126,-0.19,0
102,House,15071,12,9,NJ,100,D,0,1,"TORRICELLI, Robert Guy",T000317,1951,,-0.262,-0.118,-174.59542,0.782,709,77,,-0.257,0.072,0
102,House,29133,12,12,NJ,200,R,0,1,"ZIMMER, Richard",Z000008,1944,,0.27,-0.963,-258.36588,0.717,775,116,,0.331,-0.944,0
102,House,29131,4,2,NH,100,D,0,1,"SWETT, Richard",S001113,1957,,-0.144,-0.141,-281.85129,0.692,767,132,,-0.129,-0.162,0
102,House,29130,4,1,NH,200,R,0,1,"ZELIFF, William H., Jr.",Z000004,1936,2021,0.438,-0.461,-220.55125,0.746,751,96,,0.437,-0.485,0
102,House,29129,35,3,NE,200,R,0,1,"BARRETT, William E.",B000179,1929,2016,0.379,-0.073,-196.46256,0.775,769,76,,0.413,-0.147,0
102,House,14605,35,1,NE,200,R,0,1,"BEREUTER, Douglas Kent",B000403,1939,,0.231,-0.347,-294.76197,0.683,773,128,,0.253,-0.446,0
102,House,15607,35,2,NE,100,D,0,1,"HOAGLAND, Peter J.",H000652,1941,2007,-0.209,-0.047,-190.88055,0.781,771,88,,-0.249,0.058,0
102,House,14812,36,1,ND,100,D,0,1,"DORGAN, Byron Leslie",D000432,1942,,-0.267,0.09,-398.46263,0.594,764,155,,-0.144,-0.249,0
102,House,15402,47,10,NC,200,R,0,1,"BALLENGER, Cass",B000104,1926,2015,0.464,-0.145,-187.34667,0.779,749,74,,0.501,-0.291,0
102,House,15092,47,6,NC,200,R,0,1,"COBLE, Howard",C000556,1931,2015,0.52,-0.081,-219.86338,0.752,770,94,,0.511,-0.19,0
102,House,14233,47,8,NC,100,D,0,1,"HEFNER, Willie Gathrel (Bill)",H000448,1930,2009,-0.264,0.609,-125.98984,0.817,622,62,,-0.269,0.538,0
102,House,10788,47,1,NC,100,D,0,1,"JONES, Walter Beaman, Sr.",J000256,1913,1992,-0.259,0.941,-158.65716,0.778,633,69,,-0.333,0.6,0
102,House,15430,47,3,NC,100,D,0,1,"LANCASTER, H. Martin",L000045,1943,,-0.134,0.416,-239.39131,0.73,761,115,,-0.128,0.333,1
102,House,15108,47,9,NC,200,R,0,1,"McMILLAN, John Alexander, III (Alex)",M000566,1932,,0.294,-0.248,-241.71951,0.729,765,100,,0.311,-0.222,0
102,House,14262,47,5,NC,100,D,0,1,"NEAL, Stephen Lybrook",N000016,1934,,-0.145,0.112,-256.46252,0.698,712,117,,-0.135,0.086,0
102,House,15438,47,4,NC,100,D,0,1,"PRICE, David Eugene",P000523,1940,,-0.343,-0.03,-154.60377,0.81702,765,73,,-0.303,0.213,0
102,House,14048,47,7,NC,100,D,0,1,"ROSE, Charles Grandison, III",R000436,1939,2012,-0.319,0.573,-150.45396,0.816,741,62,,-0.391,0.48,0
102,House,29135,47,11,NC,200,R,0,1,"TAYLOR, Charles Hart",T000067,1941,,0.488,0.116,-235.41611,0.734,761,103,,0.479,-0.226,0
102,House,15073,47,2,NC,100,D,0,1,"VALENTINE, Itimous Thaddeus, Jr., (Tim)",V000006,1926,2015,-0.084,0.465,-299.86854,0.661,725,145,,-0.046,0.484,0
102,House,14437,64,2,MT,200,R,0,1,"MARLENEE, Ronald Charles",M000139,1935,2020,0.393,-0.212,-270.74787,0.673,683,118,,0.451,-0.061,0
102,House,14672,64,1,MT,100,D,0,1,"WILLIAMS, John Patrick",W000520,1937,,-0.315,-0.138,-305.86033,0.648,706,110,,-0.203,-0.207,0
102,House,15411,46,2,MS,100,D,0,1,"ESPY, Alphonso Michael (Mike)",E000218,1953,,-0.386,0.432,-179.70295,0.786,747,74,,-0.378,0.456,0
102,House,11035,46,3,MS,100,D,0,1,"MONTGOMERY, Gillespie V. (Sonny)",M000865,1920,2006,0.017,1,-206.13687,0.765,771,90,,-0.012,1,1
102,House,15617,46,4,MS,100,D,0,1,"PARKER, Michael (Mike)",P000066,1949,,0.034,0.758,-255.1126,0.717,766,112,,-0.006,0.918,0
102,House,15637,46,5,MS,100,D,0,1,"TAYLOR, Gary Eugene (Gene)",T000074,1953,,-0.045,0.893,-320.56539,0.66,771,141,,0.062,0.998,0
102,House,10075,46,1,MS,100,D,0,1,"WHITTEN, Jamie Lloyd",W000428,1910,1995,-0.161,0.987,-179.20329,0.754,636,81,,-0.318,0.884,0
102,House,12009,34,1,MO,100,D,0,1,"CLAY, William Lacy, Sr.",C000488,1931,,-0.49,-0.872,-184.63162,0.768,700,74,,-0.981,-0.192,0
102,House,14410,34,6,MO,200,R,0,1,"COLEMAN, Earl Thomas",C000618,1943,,0.262,-0.265,-246.32179,0.721,753,106,,0.258,-0.313,0
102,House,14819,34,8,MO,200,R,0,1,"EMERSON, Norvell William (Bill)",E000174,1938,1996,0.332,-0.125,-267.11084,0.708,772,135,,0.3,0.044,0
102,House,14421,34,3,MO,100,D,0,1,"GEPHARDT, Richard Andrew",G000132,1941,,-0.416,0.245,-98.71892,0.872,723,38,,-0.452,0.313,0
102,House,15606,34,7,MO,200,R,0,1,"HANCOCK, Melton D. (Mel)",H000151,1929,2011,0.79,-0.048,-114.80368,0.862,771,41,,0.787,-0.046,0
102,House,29128,34,2,MO,100,D,0,1,"HORN, Joan Kelly",H000788,1936,,-0.288,-0.112,-149.21627,0.826,779,56,,-0.285,-0.124,0
102,House,14451,34,4,MO,100,D,0,1,"SKELTON, Isaac Newton, IV (Ike)",S000465,1931,2013,-0.172,0.724,-226.23939,0.741,756,118,,-0.08,0.784,1
102,House,14459,34,9,MO,100,D,0,1,"VOLKMER, Harold Lee",V000112,1931,2011,-0.196,0.329,-264.37016,0.706,758,124,,-0.131,0.623,0
102,House,15076,34,5,MO,100,D,0,1,"WHEAT, Alan Dupree",W000326,1951,,-0.465,-0.73,-116.99948,0.858,762,42,,-0.549,-0.214,0
102,House,14265,33,8,MN,100,D,0,1,"OBERSTAR, James Louis",O000006,1934,2014,-0.553,0.304,-152.45073,0.813,736,69,,-0.559,0.212,0
102,House,15052,33,1,MN,100,D,0,1,"PENNY, Timothy Joseph",P000215,1951,,-0.051,-0.502,-586.29378,0.464,764,263,,-0.051,-0.31,0
102,House,29127,33,7,MN,100,D,0,1,"PETERSON, Collin Clark",P000258,1944,,-0.148,0.712,-310.93929,0.66636,766,137,,-0.205,0.196,0
102,House,29126,33,3,MN,200,R,0,1,"RAMSTAD, James (Jim)",R000033,1946,2020,0.316,-0.683,-287.11388,0.69,775,136,,0.28,-0.772,0
102,House,14656,33,5,MN,100,D,0,1,"SABO, Martin Olav",S000005,1938,2016,-0.516,-0.317,-119.40653,0.855,761,46,,-0.505,-0.051,0
102,House,15059,33,6,MN,100,D,0,1,"SIKORSKI, Gerald Edward",S000407,1948,,-0.217,-0.976,-230.07652,0.74,763,108,,-0.297,-0.955,0
102,House,14458,33,4,MN,100,D,0,1,"VENTO, Bruce Frank",V000087,1940,2000,-0.472,-0.376,-122.75129,0.852,765,51,,-0.499,-0.526,0
102,House,14868,33,2,MN,200,R,0,1,"WEBER, John Vincent (Vin)",W000237,1952,,0.381,-0.544,-258.26199,0.686,684,112,,0.357,-0.294,0
102,House,14407,23,12,MI,100,D,0,1,"BONIOR, David Edward",B000619,1945,,-0.547,-0.006,-90.85461,0.876,687,36,,-0.568,0.122,0
102,House,1087,23,18,MI,200,R,0,1,"BROOMFIELD, William S.",B000890,1922,2019,0.227,-0.309,-252.60213,0.692,685,140,,0.272,-0.096,0
102,House,29124,23,10,MI,200,R,0,1,"CAMP, David Lee",C000071,1953,,0.385,-0.048,-264.95119,0.711,776,110,,0.329,-0.366,0
102,House,14210,23,6,MI,100,D,0,1,"CARR, Milton Robert (Bob)",C000178,1943,2024,-0.254,-0.342,-297.58418,0.669,739,128,,-0.177,0.068,0
102,House,29125,23,13,MI,100,D,0,1,"COLLINS, Barbara-Rose",C000633,1939,2021,-0.648,-0.164,-102.97631,0.865,708,35,,-0.581,-0.199,0
102,House,10713,23,1,MI,100,D,0,1,"CONYERS, John, Jr.",C000714,1929,2019,-0.658,-0.512,-107.32911,0.84714,647,45,,-0.674,-0.421,0
102,House,14618,23,11,MI,200,R,0,1,"DAVIS, Robert William",D000131,1932,2009,0.098,-0.146,-292.22265,0.653,686,149,,0.148,-0.074,1
102,House,2605,23,16,MI,100,D,0,1,"DINGELL, John David, Jr.",D000355,1926,2019,-0.448,0.313,-166.86265,0.795,728,75,,-0.42,0.326,0
102,House,10727,23,15,MI,100,D,0,1,"FORD, William David",F000270,1927,2004,-0.516,0.098,-119.56984,0.845,710,46,,-0.514,0.004,0
102,House,15103,23,5,MI,200,R,0,1,"HENRY, Paul B.",H000514,1942,1993,0.264,-0.773,-327.07039,0.652,766,162,,0.277,-0.73,0
102,House,14833,23,14,MI,100,D,0,1,"HERTEL, Dennis Mark",H000547,1948,,-0.345,-0.223,-143.61556,0.819,721,58,,-0.484,0.052,1
102,House,14430,23,7,MI,100,D,0,1,"KILDEE, Dale Edward",K000172,1929,2021,-0.385,0.011,-132.93393,0.843,780,54,,-0.475,-0.001,0
102,House,15033,23,17,MI,100,D,0,1,"LEVIN, Sander Martin",L000263,1931,,-0.379,-0.091,-105.89971,0.87259,777,42,,-0.369,-0.162,0
102,House,14446,23,2,MI,200,R,0,1,"PURSELL, Carl Duane",P000574,1932,2009,0.12,-0.557,-333.92916,0.623,706,175,,0.214,-0.259,0
102,House,14075,23,8,MI,100,D,0,1,"TRAXLER, Jerome Bob",T000356,1931,2019,-0.33,0.126,-107.03747,0.819,536,50,,-0.479,0.454,0
102,House,15446,23,4,MI,200,R,0,1,"UPTON, Frederick Stephen",U000031,1953,,0.32,-0.355,-299.54134,0.67977,776,154,,0.276,-0.674,0
102,House,10794,23,9,MI,200,R,0,1,"VANDER JAGT, Guy Adrian",V000027,1931,2007,0.247,-0.226,-242.87503,0.712,716,119,,0.301,0.093,0
102,House,14673,23,3,MI,100,D,0,1,"WOLPE, Howard Eliot, III",W000682,1939,2011,-0.374,-0.466,-104.66619,0.869,748,36,,-0.47,-0.48,0
102,House,29121,2,1,ME,100,D,0,1,"ANDREWS, Thomas Hiram",A000211,1953,,-0.398,-0.624,-159.66921,0.813,770,66,,-0.369,-0.613,1
102,House,14661,2,2,ME,200,R,0,1,"SNOWE, Olympia Jean",S000663,1947,,0.091,-0.548,-350.56457,0.636,775,181,,0.092,-0.374,0
102,House,15086,52,2,MD,200,R,0,1,"BENTLEY, Helen Delich",B000392,1923,2016,0.276,-0.362,-314.31017,0.66,756,145,,0.243,-0.409,0
102,House,14608,52,6,MD,100,D,0,1,"BYRON, Beverly Barton Butcher",B001220,1932,2025,-0.024,0.516,-226.28199,0.733,727,105,,-0.041,0.484,1
102,House,15408,52,3,MD,100,D,0,1,"CARDIN, Benjamin Louis",C000141,1943,,-0.32,-0.224,-142.19771,0.83078,767,62,,-0.375,0.01,0
102,House,29122,52,1,MD,200,R,0,1,"GILCHREST, Wayne Thomas",G000180,1946,,0.204,-0.563,-273.68463,0.698,762,123,,0.219,-0.69,0
102,House,14873,52,5,MD,100,D,0,1,"HOYER, Steny Hamilton",H000874,1939,,-0.381,0.122,-131.44493,0.84098,759,59,,-0.408,0.326,0
102,House,15432,52,4,MD,100,D,0,1,"McMILLEN, Charles Thomas",M000573,1952,,-0.214,0.082,-202.95837,0.769,774,87,,-0.173,-0.022,0
102,House,15433,52,7,MD,100,D,0,1,"MFUME, Kweisi",M000687,1948,,-0.44,-0.328,-156.42198,0.8122,752,66,,-0.445,-0.661,0
102,House,15434,52,8,MD,200,R,0,1,"MORELLA, Constance A.",M000941,1931,,-0.018,-0.893,-271.33026,0.696,748,118,,-0.014,-0.918,0
102,House,15084,3,5,MA,100,D,0,1,"ATKINS, Chester Greenough",A000226,1948,,-0.407,-0.388,-154.01037,0.809,725,55,,-0.39,-0.611,0
102,House,2009,3,1,MA,200,R,0,1,"CONTE, Silvio Ottavio",C000709,1921,1991,-0.023,-0.683,,,,,,-0.064,-0.998,0
102,House,14621,3,11,MA,100,D,0,1,"DONNELLY, Brian Joseph",D000416,1946,2023,-0.291,-0.046,-220.56616,0.731,705,88,,-0.329,0.195,0
102,House,14216,3,3,MA,100,D,0,1,"EARLY, Joseph Daniel",E000013,1933,2012,-0.254,-0.409,-297.89496,0.666,734,121,,-0.247,-0.244,0
102,House,14824,3,4,MA,100,D,0,1,"FRANK, Barney",F000339,1940,,-0.499,-0.534,-141.46512,0.829,756,50,,-0.431,-0.49,0
102,House,15427,3,8,MA,100,D,0,1,"KENNEDY, Joseph Patrick, II",K000110,1952,,-0.413,-0.453,-147.19423,0.819,737,59,,-0.385,-0.496,0
102,House,14435,3,7,MA,100,D,0,1,"MARKEY, Edward John",M000133,1946,,-0.516,-0.469,-88.86835,0.8884,751,30,,-0.459,-0.374,0
102,House,14650,3,6,MA,100,D,0,1,"MAVROULES, Nicholas James",M000264,1929,2003,-0.342,-0.023,-140.19541,0.822,715,55,,-0.352,0.17,1
102,House,14039,3,9,MA,100,D,0,1,"MOAKLEY, John Joseph",M000834,1927,2001,-0.418,-0.054,-105.99642,0.865,733,40,,-0.438,0.015,0
102,House,15616,3,2,MA,100,D,0,1,"NEAL, Richard Edmund",N000015,1949,,-0.417,-0.106,-150.25566,0.81757,746,59,,-0.395,-0.164,0
102,House,29123,3,1,MA,100,D,0,2,"OLVER, John Walter",O000085,1936,2023,-0.577,-0.207,-101.93475,0.855,652,46,,-0.427,-0.47,0
102,House,14055,3,10,MA,100,D,0,1,"STUDDS, Gerry Eastman",S001040,1937,2006,-0.444,-0.593,-96.67803,0.88,758,33,,-0.45,-0.562,0
102,House,15401,45,6,LA,200,R,0,1,"BAKER, Richard Hugh",B000072,1948,,0.423,0.022,-190.06988,0.77,726,72,,0.49,-0.03,0
102,House,15418,45,7,LA,100,D,0,1,"HAYES, James Allison",H000390,1946,,-0.057,0.755,-213.06827,0.722,655,97,,-0.021,0.804,0
102,House,15422,45,8,LA,200,R,0,1,"HOLLOWAY, Clyde Cecil",H000729,1943,2016,0.475,0.004,-176.28378,0.764,654,71,,0.535,0.023,0
102,House,14427,45,5,LA,100,D,0,1,"HUCKABY, Thomas Jerald",H000901,1941,,-0.009,0.507,-214.41323,0.723,662,105,,-0.021,0.601,0
102,House,29120,45,2,LA,100,D,0,1,"JEFFERSON, William Jennings",J000070,1947,,-0.424,0.242,-114.75863,0.844,678,49,,-0.459,0.124,0
102,House,14469,45,1,LA,200,R,0,1,"LIVINGSTON, Robert Linlithgow, Jr.",L000371,1943,,0.326,0.109,-265.18696,0.685,701,122,,0.346,0.232,0
102,House,15451,45,4,LA,200,R,0,1,"McCRERY, James O., III",M000388,1949,,0.362,0.08,-192.89498,0.75,672,90,,0.346,-0.077,1
102,House,14679,45,3,LA,100,D,0,1,"TAUZIN, Wilbert Joseph (Billy)",T000058,1943,,0.03,0.568,-225.16856,0.735,730,102,,0.024,0.682,0
102,House,15406,51,4,KY,200,R,0,1,"BUNNING, James Paul David",B001066,1931,2017,0.521,-0.049,-163.34337,0.804,749,70,,0.514,-0.109,0
102,House,14635,51,6,KY,200,R,0,1,"HOPKINS, Larry Jones",H000776,1933,2021,0.347,-0.242,-145.38779,0.764,541,63,,0.462,-0.181,1
102,House,14237,51,1,KY,100,D,0,1,"HUBBARD, Carroll, Jr.",H000878,1937,2022,-0.038,0.476,-334.91277,0.63,724,155,,-0.032,0.411,0
102,House,13024,51,3,KY,100,D,0,1,"MAZZOLI, Romano Louis",M000291,1932,2022,-0.186,-0.016,-224.61685,0.749,777,98,,-0.315,0.239,0
102,House,6845,51,2,KY,100,D,0,1,"NATCHER, William Huston",N000009,1909,1994,-0.288,0.575,-155.61617,0.819,780,67,,-0.378,0.712,0
102,House,15228,51,7,KY,100,D,0,1,"PERKINS, Carl Christopher",P000229,1954,,-0.56,0.793,-170.57178,0.782,693,70,,-0.528,0.849,0
102,House,14854,51,5,KY,200,R,0,1,"ROGERS, Harold Dallas (Hal)",R000395,1937,,0.333,0.152,-315.55983,0.65984,759,152,,0.285,-0.184,0
102,House,14422,32,4,KS,100,D,0,1,"GLICKMAN, Daniel Robert",G000240,1944,,-0.133,-0.149,-291.60182,0.68,755,126,,-0.142,-0.102,0
102,House,15109,32,3,KS,200,R,0,1,"MEYERS, Jan",M000684,1928,2019,0.208,-0.541,-295.35419,0.68,765,136,,0.224,-0.686,0
102,House,29119,32,5,KS,200,R,0,1,"NICHOLS, Richard",N000094,1926,2019,0.398,0.203,-220.45526,0.744,747,99,,0.401,0.23,0
102,House,14852,32,1,KS,200,R,0,1,"ROBERTS, Charles Patrick (Pat)",R000307,1936,,0.413,-0.09,-191.85395,0.77613,757,82,,0.488,-0.183,0
102,House,15061,32,2,KS,100,D,0,1,"SLATTERY, James Charles",S000477,1948,,-0.099,-0.04,-321.12084,0.655,760,147,,-0.126,-0.083,0
102,House,15014,22,6,IN,200,R,0,1,"BURTON, Danny Lee",B001149,1938,,0.585,-0.026,-164.64768,0.806,765,69,,0.659,-0.193,0
102,House,10732,22,9,IN,100,D,0,1,"HAMILTON, Lee Herbert",H000114,1931,,-0.171,-0.053,-279.95385,0.698,778,126,,-0.146,-0.132,0
102,House,10742,22,10,IN,100,D,0,1,"JACOBS, Andrew, Jr.",J000033,1932,2013,-0.07,-0.846,-470.52236,0.535,753,230,,-0.102,-0.995,0
102,House,15426,22,5,IN,100,D,0,1,"JONTZ, James Prather",J000265,1951,2007,-0.357,-0.286,-243.04809,0.732,778,98,,-0.344,-0.353,0
102,House,15631,22,4,IN,100,D,0,1,"LONG, Jill Lynette",L000420,1952,,-0.224,0.065,-229.94697,0.744,779,99,,-0.235,0.087,0
102,House,15041,22,8,IN,100,D,0,1,"McCLOSKEY, Francis Xavier",M000342,1939,2003,-0.336,0.094,-131.10567,0.841,755,56,,-0.394,0.182,1
102,House,11036,22,7,IN,200,R,0,1,"MYERS, John Thomas",M001130,1927,2015,0.236,0.254,-296.54807,0.675,755,136,,0.249,0.336,0
102,House,29117,22,3,IN,100,D,0,1,"ROEMER, Timothy John",R000385,1956,,-0.165,0.229,-328.37843,0.655,775,156,,-0.097,0.18,0
102,House,14274,22,2,IN,100,D,0,1,"SHARP, Philip Riley",S000294,1942,,-0.166,-0.283,-215.37057,0.745,733,88,,-0.196,-0.314,0
102,House,15124,22,1,IN,100,D,0,1,"VISCLOSKY, Peter",V000108,1949,,-0.402,0.244,-232.32942,0.74155,777,88,,-0.323,-0.046,0
102,House,10703,21,11,IL,100,D,0,1,"ANNUNZIO, Frank",A000212,1915,2001,-0.398,0.351,-152.96793,0.812,735,69,,-0.405,0.504,0
102,House,15088,21,19,IL,100,D,0,1,"BRUCE, Terry Lee",B000971,1944,,-0.268,-0.032,-210.60079,0.757,756,95,,-0.238,0.071,0
102,House,14068,21,7,IL,100,D,0,1,"COLLINS, Cardiss",C000634,1931,2013,-0.552,-0.218,-86.79642,0.881,686,30,,-0.59,-0.361,0
102,House,15453,21,21,IL,100,D,0,1,"COSTELLO, Jerry Francis",C000794,1949,,-0.317,0.657,-263.5622,0.707,761,126,,-0.194,0.414,0
102,House,29116,21,16,IL,100,D,0,1,"COX, John W., Jr.",C000836,1947,,-0.313,-0.368,-157.90845,0.816,776,64,,-0.31,-0.381,0
102,House,12041,21,12,IL,200,R,0,1,"CRANE, Philip Miller",C000873,1930,2014,0.739,0.023,-132.30809,0.834,731,55,,0.908,-0.418,0
102,House,15021,21,20,IL,100,D,0,1,"DURBIN, Richard Joseph",D000563,1944,,-0.347,-0.306,-141.79403,0.83121,767,61,,-0.355,-0.158,0
102,House,15023,21,17,IL,100,D,0,1,"EVANS, Lane Allen",E000250,1951,2014,-0.454,-0.181,-156.97287,0.817,777,55,,-0.426,-0.474,1
102,House,29115,21,15,IL,200,R,0,2,"EWING, Thomas W.",E000282,1935,,0.361,-0.094,-222.6728,0.693,606,110,,0.353,0.004,0
102,House,15098,21,13,IL,200,R,0,1,"FAWELL, Harris W.",F000049,1929,2021,0.332,-0.616,-271.88982,0.698,755,133,,0.376,-0.75,0
102,House,15417,21,14,IL,200,R,0,1,"HASTERT, John Dennis",H000323,1942,,0.443,-0.122,-206.09377,0.762,760,95,,0.399,-0.209,0
102,House,15079,21,1,IL,100,D,0,1,"HAYES, Charles Arthur",H000388,1918,1997,-0.656,-0.395,-110.72139,0.866,771,42,,-0.687,-0.448,0
102,House,14239,21,6,IL,200,R,0,1,"HYDE, Henry John",H001022,1924,2007,0.312,-0.18,-237.35509,0.696,654,114,,0.319,-0.108,0
102,House,15036,21,5,IL,100,D,0,1,"LIPINSKI, William Oliver",L000342,1937,,-0.176,0.3,-278.595,0.672,700,130,,-0.147,0.233,0
102,House,14033,21,15,IL,200,R,0,1,"MADIGAN, Edward Rell",M000041,1936,1994,0.247,-0.396,,,,,,0.532,0.781,0
102,House,6455,21,18,IL,200,R,0,1,"MICHEL, Robert Henry",M000692,1923,2017,0.372,-0.157,-231.41851,0.725,720,108,,0.346,-0.147,0
102,House,14677,21,10,IL,200,R,0,1,"PORTER, John Edward",P000444,1935,2022,0.217,-0.604,-309.26877,0.662,749,146,,0.216,-0.547,0
102,House,15620,21,22,IL,100,D,0,1,"POSHARD, Glenn",P000452,1945,,-0.211,0.392,-284.54383,0.692,774,145,,-0.17,0.193,0
102,House,8080,21,8,IL,100,D,0,1,"ROSTENKOWSKI, Daniel David",R000458,1928,2010,-0.39,0.246,-141.97489,0.823,731,62,,-0.349,0.235,0
102,House,14271,21,3,IL,100,D,0,1,"RUSSO, Martin Anthony",R000543,1944,,-0.192,-0.209,-240.38891,0.708,695,90,,-0.298,-0.098,0
102,House,15622,21,4,IL,100,D,0,1,"SANGMEISTER, George Edward",S000056,1931,2007,-0.226,0.075,-215.3859,0.749,745,100,,-0.224,0.083,0
102,House,14856,21,2,IL,100,D,0,1,"SAVAGE, Gus",S000081,1925,2015,-0.671,-0.39,-158.02637,0.765,589,61,,-0.748,-0.664,0
102,House,10421,21,9,IL,100,D,0,1,"YATES, Sidney Richard",Y000013,1909,2000,-0.494,-0.494,-109.51091,0.857,708,43,,-0.578,-0.539,0
102,House,29114,63,1,ID,100,D,0,1,"LaROCCO, Larry",L000098,1946,,-0.243,0.239,-210.74023,0.76,769,92,,-0.22,0.104,0
102,House,15117,63,2,ID,100,D,0,1,"STALLINGS, Richard Howard",S000785,1940,,-0.084,0.224,-244.57186,0.711,716,120,,-0.11,0.312,0
102,House,15414,31,6,IA,200,R,0,1,"GRANDY, Frederick Lawrence",G000371,1948,,0.283,-0.465,-330.89203,0.649,765,154,,0.31,-0.493,0
102,House,14432,31,1,IA,200,R,0,1,"LEACH, James Albert Smith",L000169,1942,2024,0.141,-0.79,-302.88903,0.672,761,152,,0.131,-0.991,0
102,House,15106,31,5,IA,200,R,0,1,"LIGHTFOOT, James Ross",L000305,1938,,0.391,-0.211,-247.20583,0.721,755,124,,0.379,-0.101,0
102,House,15435,31,3,IA,100,D,0,1,"NAGLE, David Ray",N000003,1943,,-0.349,-0.052,-196.2217,0.767,738,77,,-0.381,0.03,0
102,House,29118,31,2,IA,200,R,0,1,"NUSSLE, James Allen",N000172,1960,,0.417,-0.178,-319.69386,0.661,772,133,,0.434,-0.516,0
102,House,8672,31,4,IA,100,D,0,1,"SMITH, Neal Edward",S000596,1920,2021,-0.313,0.174,-219.66027,0.743,739,97,,-0.424,0.565,0
102,House,15245,82,1,HI,100,D,0,1,"ABERCROMBIE, Neil",A000014,1938,,-0.432,-0.026,-140.72605,0.83,756,52,,-0.577,-0.172,1
102,House,10757,82,2,HI,100,D,0,1,"MINK, Patsy Takemoto",M000797,1927,2002,-0.513,-0.067,-117.61272,0.857,763,40,,-0.482,-0.28,0
102,House,14404,44,10,GA,100,D,0,1,"BARNARD, Druie Douglas, Jr.",B000153,1922,2019,-0.028,0.639,-202.56322,0.701,571,90,,-0.017,0.441,0
102,House,15081,44,7,GA,100,D,0,1,"DARDEN, George (Buddy)",D000051,1943,,-0.161,0.691,-178.54027,0.792,764,78,,-0.215,0.527,1
102,House,14627,44,6,GA,200,R,0,1,"GINGRICH, Newton Leroy",G000225,1943,,0.377,-0.257,-171.80783,0.783,704,65,,0.397,-0.274,0
102,House,14831,44,2,GA,100,D,0,1,"HATCHER, Charles Floyd",H000340,1939,,-0.202,0.722,-128.64664,0.788,541,47,,-0.233,0.359,0
102,House,14429,44,9,GA,100,D,0,1,"JENKINS, Edgar Lanier (Ed)",J000083,1933,2012,-0.116,0.678,-198.39536,0.76,722,95,,-0.206,0.587,0
102,House,95120,44,4,GA,100,D,0,1,"JONES, Ben",J000211,1941,,-0.213,-0.073,-197.22501,0.74,656,77,,-0.245,-0.252,0
102,House,15431,44,5,GA,100,D,0,1,"LEWIS, John R.",L000287,1940,2020,-0.589,-0.221,-81.48763,0.8973,752,26,,-0.579,-0.305,0
102,House,15053,44,3,GA,100,D,0,1,"RAY, Richard Belmont",R000080,1927,1999,0.035,0.56,-260.08731,0.68,675,129,,0.011,0.554,1
102,House,15057,44,8,GA,100,D,0,1,"ROWLAND, James Roy, Jr.",R000481,1926,2022,-0.127,0.616,-187.93694,0.777,744,95,,-0.113,0.596,0
102,House,15069,44,1,GA,100,D,0,1,"THOMAS, Robert Lindsay",T000184,1943,,-0.14,0.673,-157.82194,0.793,681,65,,-0.139,0.569,0
102,House,29112,43,11,FL,100,D,0,1,"BACCHUS, James",B000008,1949,,-0.236,-0.024,-227.65117,0.739,752,101,,-0.207,-0.025,0
102,House,633,43,3,FL,100,D,0,1,"BENNETT, Charles Edward",B000371,1910,2003,-0.088,0.421,-425.9654,0.579,780,198,,-0.09,0.058,1
102,House,15006,43,9,FL,200,R,0,1,"BILIRAKIS, Michael",B000463,1930,,0.382,-0.219,-266.38875,0.703,755,117,,0.336,-0.316,0
102,House,3078,43,19,FL,100,D,0,1,"FASCELL, Dante Bruno",F000041,1917,1998,-0.4,0.229,-167.74431,0.797,740,71,,-0.451,0.44,0
102,House,10588,43,7,FL,100,D,0,1,"GIBBONS, Sam Melville",G000153,1920,2012,-0.233,0.17,-218.11037,0.747,749,91,,-0.222,0.122,0
102,House,15605,43,13,FL,200,R,0,1,"GOSS, Porter J.",G000336,1938,,0.421,-0.394,-232.21188,0.743,780,111,,0.418,-0.56,0
102,House,14636,43,1,FL,100,D,0,1,"HUTTO, Earl Dewitt",H001018,1926,2020,-0.007,0.732,-246.84235,0.719,747,112,,0.076,0.803,1
102,House,14428,43,10,FL,200,R,0,1,"IRELAND, Andrew Poysell (Andy)",I000029,1930,2024,0.42,-0.312,-169.28598,0.762,623,75,,0.419,-0.264,1
102,House,15608,43,4,FL,200,R,0,1,"JAMES, Craig T.",J000047,1941,,0.343,-0.489,-234.01046,0.736,764,107,,0.363,-0.43,0
102,House,15609,43,14,FL,100,D,0,1,"JOHNSTON, Harry A., II",J000187,1931,2021,-0.372,-0.376,-216.59021,0.746,739,92,,-0.299,-0.36,0
102,House,14029,43,17,FL,100,D,0,1,"LEHMAN, William",L000226,1913,2005,-0.483,-0.001,-98.76357,0.842,576,41,,-0.514,0.066,0
102,House,15035,43,12,FL,200,R,0,1,"LEWIS, Thomas F.",L000295,1924,2003,0.387,-0.324,-201.5771,0.765,754,87,,0.406,-0.33,0
102,House,14842,43,5,FL,200,R,0,1,"McCOLLUM, Ira William, Jr. (Bill)",M000350,1944,,0.377,-0.101,-218.72461,0.745,742,103,,0.358,-0.126,0
102,House,29111,43,2,FL,100,D,0,1,"PETERSON, Douglas Brian (Pete)",P000259,1935,,-0.261,0.417,-178.52665,0.785,739,70,,-0.225,0.336,0
102,House,15634,43,18,FL,200,R,0,1,"ROS-LEHTINEN, Ileana",R000435,1952,,0.244,-0.225,-337.79473,0.64004,757,159,,0.235,-0.585,0
102,House,14860,43,15,FL,200,R,0,1,"SHAW, Eugene Clay, Jr.",S000303,1939,2013,0.3,-0.142,-232.59152,0.731,742,114,,0.278,0.049,0
102,House,15062,43,16,FL,100,D,0,1,"SMITH, Lawrence Jack",S000586,1941,,-0.355,0.075,-130.36579,0.832,709,47,,-0.421,-0.039,0
102,House,15627,43,6,FL,200,R,0,1,"STEARNS, Clifford Bundy",S000822,1941,,0.554,-0.075,-207.62702,0.76,756,97,,0.494,-0.32,0
102,House,13047,43,8,FL,200,R,0,1,"YOUNG, Charles William (Bill)",Y000031,1930,2013,0.325,-0.112,-295.5541,0.676,754,138,,0.265,-0.285,0
102,House,15015,11,1,DE,100,D,0,1,"CARPER, Thomas Richard",C000174,1947,,-0.179,-0.225,-286.17566,0.68623,760,141,,-0.126,-0.218,0
102,House,29109,1,3,CT,100,D,0,1,"DeLAURO, Rosa L.",D000216,1943,,-0.414,-0.107,-121.7141,0.85483,776,54,,-0.332,-0.155,0
102,House,29110,1,5,CT,200,R,0,1,"FRANKS, Gary A.",F000348,1953,,0.273,-0.519,-249.48082,0.724,772,116,,0.326,-0.492,1
102,House,14825,1,2,CT,100,D,0,1,"GEJDENSON, Samuel",G000120,1948,,-0.416,-0.486,-119.41692,0.857,776,49,,-0.403,-0.214,0
102,House,15028,1,6,CT,200,R,0,1,"JOHNSON, Nancy Lee",J000163,1935,,0.122,-0.513,-352.53782,0.63,762,178,,0.117,-0.472,0
102,House,14877,1,1,CT,100,D,0,1,"KENNELLY, Barbara Bailey",K000118,1936,,-0.346,-0.13,-138.73886,0.835,769,58,,-0.347,-0.125,0
102,House,15449,1,4,CT,200,R,0,1,"SHAYS, Christopher H.",S001144,1945,,0.129,-0.992,-313.95157,0.669,780,163,,0.124,-0.992,0
102,House,29108,62,4,CO,200,R,0,1,"ALLARD, A. Wayne",A000109,1943,,0.572,-0.121,-190.6426,0.78,767,88,,0.576,-0.206,0
102,House,15407,62,3,CO,100,D,0,1,"CAMPBELL, Ben Nighthorse",C000077,1933,,-0.141,0.07,-238.8066,0.687,635,104,,-0.122,-0.003,0
102,House,15419,62,5,CO,200,R,0,1,"HEFLEY, Joel M.",H000444,1935,,0.591,0.13,-225.43735,0.744,762,100,,0.527,-0.255,1
102,House,15058,62,6,CO,200,R,0,1,"SCHAEFER, Daniel",S000109,1936,2006,0.479,-0.123,-187.5748,0.784,771,81,,0.468,-0.109,0
102,House,14051,62,1,CO,100,D,0,1,"SCHROEDER, Patricia Scott",S000142,1940,2023,-0.225,-0.974,-318.97839,0.659,765,149,,-0.262,-0.965,1
102,House,15443,62,2,CO,100,D,0,1,"SKAGGS, David Evans",S000462,1943,,-0.355,-0.187,-205.03702,0.767,773,91,,-0.342,-0.037,0
102,House,12001,71,32,CA,100,D,0,1,"ANDERSON, Glenn Malcolm",A000189,1913,1994,-0.269,-0.052,-237.11413,0.731,758,96,,-0.316,0.315,0
102,House,14405,71,23,CA,100,D,0,1,"BEILENSON, Anthony Charles",B000318,1932,2017,-0.44,-0.605,-258.1874,0.706,743,109,,-0.358,-0.842,0
102,House,15005,71,26,CA,100,D,0,1,"BERMAN, Howard Lawrence",B000410,1941,,-0.404,-0.286,-129.14512,0.837,725,58,,-0.428,-0.267,0
102,House,15011,71,6,CA,100,D,0,1,"BOXER, Barbara",B000711,1940,,-0.45,-0.423,-75.61839,0.863,515,27,,-0.397,-0.555,1
102,House,10573,71,36,CA,100,D,0,1,"BROWN, George Edward, Jr.",B000918,1920,1999,-0.506,-0.028,-160.85359,0.799,718,66,,-0.389,0.131,0
102,House,15600,71,12,CA,200,R,0,1,"CAMPBELL, Thomas J.",C000100,1952,,0.256,-0.907,-266.50576,0.675,677,128,,0.317,-0.948,0
102,House,15635,71,15,CA,100,D,0,1,"CONDIT, Gary Adrian",C000670,1948,,-0.103,0.3,-394.22659,0.593,755,193,,-0.028,0.145,0
102,House,15601,71,40,CA,200,R,0,1,"COX, Charles Christopher",C000830,1952,,0.54,-0.236,-233.26825,0.727,732,100,,0.491,-0.168,0
102,House,29107,71,44,CA,200,R,0,1,"CUNNINGHAM, Randall (Duke)",C000994,1941,,0.411,0.001,-181.52223,0.787,756,67,,0.426,-0.073,1
102,House,14616,71,39,CA,200,R,0,1,"DANNEMEYER, William Edwin",D000044,1929,2019,0.691,-0.24,-120.45364,0.828,637,56,,0.696,-0.159,0
102,House,13011,71,8,CA,100,D,0,1,"DELLUMS, Ronald V.",D000222,1935,2018,-0.644,-0.646,-104.02416,0.867,731,37,,-0.646,-0.73,1
102,House,14620,71,28,CA,100,D,0,1,"DIXON, Julian Carey",D000373,1934,2000,-0.458,-0.076,-129.50568,0.834,712,52,,-0.523,0.13,0
102,House,29105,71,17,CA,100,D,0,1,"DOOLEY, Calvin M.",D000424,1954,,-0.19,0.103,-214.4437,0.753,756,96,,-0.188,-0.005,0
102,House,29104,71,14,CA,200,R,0,1,"DOOLITTLE, John Taylor",D000429,1950,,0.519,0.156,-183.12987,0.785,758,74,,0.571,-0.063,0
102,House,14414,71,38,CA,200,R,0,1,"DORNAN, Robert Kenneth",D000435,1933,,0.49,-0.111,-181.43465,0.778,724,73,,0.542,-0.013,1
102,House,14813,71,33,CA,200,R,0,1,"DREIER, David Timothy",D000492,1952,,0.478,-0.084,-249.27317,0.723,767,108,,0.513,0.196,0
102,House,14816,71,31,CA,100,D,0,1,"DYMALLY, Mervyn Malcolm",D000592,1926,2012,-0.685,-0.039,-64.62507,0.876,488,30,,-0.691,-0.231,0
102,House,10583,71,10,CA,100,D,0,1,"EDWARDS, William Donlon (Don)",E000064,1915,2015,-0.599,-0.419,-103.14177,0.872,754,40,,-0.53,-0.392,0
102,House,14624,71,4,CA,100,D,0,1,"FAZIO, Victor Herbert, Jr.",F000053,1942,2022,-0.455,0.36,-141.54388,0.829,754,74,,-0.476,0.503,0
102,House,15413,71,21,CA,200,R,0,1,"GALLEGLY, Elton W.",G000021,1944,,0.402,-0.1,-177.76205,0.791,758,64,,0.416,-0.219,0
102,House,15420,71,2,CA,200,R,0,1,"HERGER, Walter William (Wally)",H000528,1945,,0.551,0.117,-187.73123,0.775,738,82,,0.524,-0.073,0
102,House,14835,71,45,CA,200,R,0,1,"HUNTER, Duncan Lee",H000981,1948,,0.47,0.02,-191.48347,0.768,727,71,,0.516,-0.064,1
102,House,14071,71,19,CA,200,R,0,1,"LAGOMARSINO, Robert John",L000020,1926,2021,0.378,-0.267,-182.11319,0.786,758,71,,0.414,-0.236,0
102,House,14837,71,11,CA,100,D,0,1,"LANTOS, Thomas Peter",L000090,1928,2008,-0.376,-0.033,-119.82779,0.851,742,49,,-0.328,-0.094,0
102,House,15032,71,18,CA,100,D,0,1,"LEHMAN, Richard Henry",L000225,1948,,-0.27,-0.036,-230.6918,0.726,721,97,,-0.18,0.073,0
102,House,15034,71,27,CA,100,D,0,1,"LEVINE, Meldon Edises",L000264,1943,,-0.436,-0.24,-106.79875,0.793,460,49,,-0.475,0.112,0
102,House,14644,71,35,CA,200,R,0,1,"LEWIS, Charles Jeremy (Jerry)",L000274,1934,2021,0.348,-0.101,-290.61389,0.674,736,130,,0.307,-0.271,0
102,House,14839,71,41,CA,200,R,0,1,"LOWERY, William David",L000479,1947,,0.33,-0.254,-235.68323,0.705,673,99,,0.315,-0.18,0
102,House,14879,71,30,CA,100,D,0,1,"MART√çNEZ, Matthew G.",M000206,1929,2011,-0.341,0.106,-145.86925,0.807,679,58,,-0.354,0.194,0
102,House,14649,71,3,CA,100,D,0,1,"MATSUI, Robert T.",M000249,1941,2005,-0.404,-0.03,-143.52903,0.814,697,64,,-0.466,0.228,0
102,House,15040,71,37,CA,200,R,0,1,"McCANDLESS, Alfred A.",M000306,1927,2017,0.474,-0.225,-214.43313,0.757,771,99,,0.409,-0.218,0
102,House,14256,71,7,CA,100,D,0,1,"MILLER, George",M000725,1945,,-0.552,-0.398,-130.60028,0.837,734,57,,-0.465,-0.519,0
102,House,14257,71,13,CA,100,D,0,1,"MINETA, Norman Y.",M000794,1931,2022,-0.479,-0.01,-112.58002,0.863,763,40,,-0.531,0.013,0
102,House,14040,71,22,CA,200,R,0,1,"MOORHEAD, Carlos John",M000926,1922,2011,0.465,-0.119,-166.69008,0.805,769,57,,0.51,-0.178,0
102,House,15051,71,43,CA,200,R,0,1,"PACKARD, Ronald C.",P000005,1931,,0.419,0.152,-206.23128,0.76,753,91,,0.494,0.358,0
102,House,14444,71,16,CA,100,D,0,1,"PANETTA, Leon Edward",P000047,1938,,-0.258,-0.186,-215.90963,0.755,768,92,,-0.285,-0.183,0
102,House,15448,71,5,CA,100,D,0,1,"PELOSI, Nancy",P000197,1940,,-0.489,-0.18,-88.75523,0.88478,725,35,,-0.537,-0.343,0
102,House,29103,71,1,CA,200,R,0,1,"RIGGS, Frank D.",R000252,1950,2023,0.333,-0.28,-266.95914,0.69,720,115,,0.301,-0.569,0
102,House,15621,71,42,CA,200,R,0,1,"ROHRABACHER, Dana",R000409,1947,,0.626,-0.417,-200.2379,0.77101,770,84,,0.588,-0.392,0
102,House,10621,71,25,CA,100,D,0,1,"ROYBAL, Edward R.",R000485,1916,2005,-0.61,-0.141,-117.96035,0.853,741,46,,-0.579,-0.091,0
102,House,14053,71,9,CA,100,D,0,1,"STARK, Fortney Hillman (Pete), Jr.",S000810,1931,2020,-0.631,-0.605,-145.70166,0.812,699,60,,-0.477,-0.701,0
102,House,14669,71,20,CA,200,R,0,1,"THOMAS, William Marshall",T000188,1941,,0.371,-0.277,-223.21976,0.728,702,98,,0.346,-0.366,0
102,House,15070,71,34,CA,100,D,0,1,"TORRES, Esteban Edward",T000316,1930,2022,-0.487,0.012,-113.90715,0.853,718,42,,-0.503,0.007,0
102,House,29106,71,29,CA,100,D,0,1,"WATERS, Maxine",W000187,1938,,-0.656,-0.094,-112.71265,0.84725,680,48,,-0.621,-0.518,0
102,House,14280,71,24,CA,100,D,0,1,"WAXMAN, Henry Arnold",W000215,1939,,-0.473,-0.343,-126.29277,0.839,719,54,,-0.473,-0.48,0
102,House,15105,61,5,AZ,200,R,0,1,"KOLBE, James Thomas",K000306,1942,2022,0.351,-0.534,-278.88688,0.695,766,132,,0.328,-0.516,0
102,House,15429,61,4,AZ,200,R,0,1,"KYL, Jon Llewellyn",K000352,1942,,0.548,-0.413,-183.75226,0.78939,777,80,,0.512,-0.215,1
102,House,29101,61,2,AZ,100,D,0,2,"PASTOR, Ed",P000099,1943,2018,-0.421,0.12,-150.40646,0.761,550,51,,-0.328,0.001,0
102,House,15440,61,1,AZ,200,R,0,1,"RHODES, John Jacob, III",R000189,1943,2011,0.407,-0.249,-184.92369,0.784,758,77,,0.433,-0.196,0
102,House,14454,61,3,AZ,200,R,0,1,"STUMP, Robert Lee",S001044,1927,2003,0.703,0.203,-119.30778,0.858,779,46,,0.8,0.109,1
102,House,10566,61,2,AZ,100,D,0,1,"UDALL, Morris King",U000001,1922,1998,-0.387,0.008,,,,,,-0.724,0.69,0
102,House,12000,42,1,AR,100,D,0,1,"ALEXANDER, William Vollie (Bill), Jr.",A000103,1934,,-0.41,0.819,-139.04895,0.8,624,53,,-0.428,0.744,0
102,House,14601,42,4,AR,100,D,0,1,"ANTHONY, Beryl Franklin, Jr.",A000213,1938,2025,-0.254,0.484,-154.99713,0.78,624,73,,-0.235,0.342,0
102,House,11020,42,3,AR,200,R,0,1,"HAMMERSCHMIDT, John Paul",H000124,1922,2015,0.253,0.239,-244.40449,0.717,734,108,,0.32,0.49,0
102,House,14058,42,2,AR,100,D,0,1,"THORNTON, Raymond Hoyt (Ray), Jr.",T000243,1928,2016,-0.306,0.635,-144.08643,0.826,753,50,,-0.345,0.721,0
102,House,11000,41,4,AL,100,D,0,1,"BEVILL, Tom",B000431,1921,2005,-0.213,0.976,-146.37956,0.822,745,52,,-0.228,0.87,0
102,House,15632,41,3,AL,100,D,0,1,"BROWDER, John Glen",B000897,1943,,-0.165,0.826,-167.43975,0.803,764,63,,-0.157,0.691,1
102,House,15090,41,1,AL,200,R,0,1,"CALLAHAN, Herbert Leon (Sonny)",C000052,1932,2021,0.373,0.202,-207.97756,0.75,722,101,,0.397,0.264,0
102,House,29100,41,5,AL,100,D,0,1,"CRAMER, Robert E. (Bud), Jr.",C000868,1947,,-0.132,0.612,-184.16079,0.788,774,74,,-0.135,0.547,0
102,House,10717,41,2,AL,200,R,0,1,"DICKINSON, William Louis",D000326,1925,2008,0.398,-0.057,-256.97879,0.688,688,109,,0.346,-0.2,1
102,House,15022,41,6,AL,100,D,0,1,"ERDREICH, Ben",E000201,1938,,-0.06,0.372,-247.95622,0.725,771,119,,-0.05,0.235,0
102,House,15416,41,7,AL,100,D,0,1,"HARRIS, Claude, Jr.",H000236,1940,1994,-0.085,0.593,-195.26143,0.776,768,83,,-0.106,0.563,0
102,House,14066,81,1,AK,200,R,0,1,"YOUNG, Donald Edwin",Y000033,1933,2022,0.283,0.022,-338.71001,0.62392,718,167,,0.252,-0.214,0
103,House,15633,68,1,WY,200,R,0,1,"THOMAS, Craig Lyle",T000162,1933,2007,0.446,-0.128,-218.5631,0.788,918,102,,0.402,-0.07,0
103,House,15083,56,1,WV,100,D,0,1,"MOLLOHAN, Alan Bowlby",M000844,1943,,-0.292,0.657,-267.05428,0.753,942,125,,-0.423,0.906,0
103,House,14448,56,3,WV,100,D,0,1,"RAHALL, Nick Joe, II",R000011,1949,,-0.306,0.45,-361.86461,0.684,951,152,,-0.265,0.532,0
103,House,15077,56,2,WV,100,D,0,1,"WISE, Robert Ellsworth, Jr.",W000654,1948,,-0.32,0.253,-156.96587,0.846,939,57,,-0.328,0.404,0
103,House,13003,25,1,WI,100,D,0,1,"ASPIN, Leslie",A000224,1938,1995,-0.32,-0.125,,,,,,,,0
103,House,39314,25,1,WI,100,D,0,2,"BARCA, Peter William",B001226,1955,,-0.171,-0.192,-303.84884,0.684,799,130,,-0.169,-0.187,0
103,House,39315,25,5,WI,100,D,0,1,"BARRETT, Thomas M.",B000177,1953,,-0.38,-0.507,-229.75806,0.787,959,93,,-0.288,-0.486,0
103,House,14827,25,3,WI,200,R,0,1,"GUNDERSON, Steven Craig",G000524,1951,,0.203,-0.293,-363.38193,0.685,960,166,,0.191,-0.216,0
103,House,15082,25,4,WI,100,D,0,1,"KLECZKA, Gerald Daniel",K000259,1943,2017,-0.322,-0.093,-186.10318,0.821,942,80,,-0.29,-0.07,0
103,House,29150,25,2,WI,200,R,0,1,"KLUG, Scott L.",K000274,1953,,0.258,-0.713,-290.6915,0.738,957,134,,0.289,-0.957,0
103,House,12036,25,7,WI,100,D,0,1,"OBEY, David Ross",O000007,1938,,-0.45,-0.063,-200.05603,0.808,939,82,,-0.454,0.169,0
103,House,14675,25,6,WI,200,R,0,1,"PETRI, Thomas Evert",P000265,1940,,0.379,-0.367,-299.21149,0.731,954,134,,0.423,-0.537,0
103,House,14655,25,8,WI,200,R,0,1,"ROTH, Toby A.",R000459,1938,,0.351,-0.21,-306.28901,0.723,944,137,,0.427,-0.245,0
103,House,14657,25,9,WI,200,R,0,1,"SENSENBRENNER, Frank James, Jr.",S000244,1943,,0.638,-0.579,-209.36215,0.80569,969,98,,0.689,-0.725,0
103,House,39310,73,1,WA,100,D,0,1,"CANTWELL, Maria E.",C000127,1958,,-0.306,-0.405,-199.04474,0.81222,957,90,,-0.248,-0.276,0
103,House,14413,73,6,WA,100,D,0,1,"DICKS, Norman DeValois",D000327,1940,,-0.312,0.11,-159.82713,0.842,931,63,,-0.326,0.205,0
103,House,39312,73,8,WA,200,R,0,1,"DUNN, Jennifer Blackburn",D000549,1941,2007,0.384,-0.261,-228.95668,0.788,962,101,,0.374,-0.381,0
103,House,10726,73,5,WA,100,D,0,1,"FOLEY, Thomas Stephen",F000239,1929,2013,-0.354,0.192,-9.74216,0.84,56,2,,-0.407,-0.04,0
103,House,29937,73,4,WA,100,D,0,1,"INSLEE, Jay Robert",I000026,1951,,-0.33,-0.194,-341.81868,0.701,961,139,,-0.209,-0.023,0
103,House,39313,73,9,WA,100,D,0,1,"KREIDLER, Myron Bradford (Mike)",K000328,1943,,-0.294,-0.541,-213.11828,0.802,965,85,,-0.292,-0.529,0
103,House,15613,73,7,WA,100,D,0,1,"McDERMOTT, James A.",M000404,1936,,-0.666,-0.197,-120.64362,0.877,917,62,,-0.556,-0.302,0
103,House,14666,73,2,WA,100,D,0,1,"SWIFT, Allan Byron",S001115,1935,2018,-0.43,0.099,-172.38765,0.834,948,81,,-0.531,0.369,0
103,House,15629,73,3,WA,100,D,0,1,"UNSOELD, Jolene",U000017,1931,2021,-0.52,-0.019,-141.84708,0.86,941,59,,-0.558,0.117,0
103,House,29147,6,1,VT,328,I,0,1,"SANDERS, Bernard",S000033,1941,,-0.543,-0.421,-197.36862,0.80804,926,86,,-0.512,-0.416,0
103,House,29400,96,1,VI,100,D,,,"DE LUGO, Ron",D000209,1930,2020,,,,,,,,,,0
103,House,15003,40,1,VA,200,R,0,1,"BATEMAN, Herbert Harvell",B000229,1928,2000,0.242,0.191,-322.77758,0.706,928,160,,0.199,0.242,1
103,House,14802,40,7,VA,200,R,0,1,"BLILEY, Thomas Jerome, Jr.",B000556,1932,2023,0.382,-0.13,-223.01548,0.791,952,92,,0.38,-0.074,0
103,House,15010,40,9,VA,100,D,0,1,"BOUCHER, Frederick C.",B000657,1946,,-0.265,0.189,-185.57424,0.817,918,82,,-0.365,0.522,0
103,House,39309,40,11,VA,100,D,0,1,"BYRNE, Leslie Larkin",B001213,1946,,-0.259,-0.258,-202.50477,0.808,949,78,,-0.257,-0.242,0
103,House,39308,40,6,VA,200,R,0,1,"GOODLATTE, Robert William",G000289,1952,,0.496,-0.002,-203.4503,0.80974,964,102,,0.413,-0.107,0
103,House,29149,40,8,VA,100,D,0,1,"MORAN, James P.",M000933,1945,,-0.302,-0.203,-211.21542,0.795,921,94,,-0.351,0.037,0
103,House,15452,40,5,VA,100,D,0,1,"PAYNE, Lewis Franklin, Jr.",P000152,1945,,-0.148,0.418,-274.50421,0.751,957,121,,-0.151,0.488,0
103,House,15437,40,2,VA,100,D,0,1,"PICKETT, Owen Bradford",P000326,1930,2010,-0.149,0.555,-324.28363,0.707,934,140,,-0.132,0.633,1
103,House,39307,40,3,VA,100,D,0,1,"SCOTT, Robert C.",S000185,1947,,-0.45,-0.003,-157.70437,0.84585,942,77,,-0.526,0.207,0
103,House,15060,40,4,VA,100,D,0,1,"SISISKY, Norman",S000453,1927,2001,-0.122,0.453,-258.85733,0.756,926,113,,-0.102,0.428,1
103,House,14869,40,10,VA,200,R,0,1,"WOLF, Frank Rudolph",W000672,1939,,0.284,-0.213,-256.67803,0.766,961,104,,0.314,-0.259,0
103,House,14829,67,1,UT,200,R,0,1,"HANSEN, James Vear",H000172,1932,2018,0.496,0.143,-209.04712,0.802,947,90,,0.451,0.125,1
103,House,29146,67,3,UT,100,D,0,1,"ORTON, William",O000108,1948,2009,-0.086,0.483,-498.84833,0.592,953,244,,-0.008,0.66,0
103,House,39306,67,2,UT,100,D,0,1,"SHEPHERD, Karen",S000332,1940,,-0.246,-0.294,-226.01213,0.788,950,99,,-0.244,-0.28,0
103,House,15001,49,25,TX,100,D,0,1,"ANDREWS, Michael Allen",A000209,1944,,-0.135,0.32,-286.33787,0.724,885,132,,-0.148,0.147,0
103,House,13002,49,7,TX,200,R,0,1,"ARCHER, William Reynolds, Jr.",A000215,1928,,0.496,0.2,-266.89863,0.756,953,120,,0.588,0.604,0
103,House,15125,49,26,TX,200,R,0,1,"ARMEY, Richard Keith",A000217,1940,,0.635,-0.089,-124.67646,0.877,947,43,,0.726,-0.078,0
103,House,15085,49,6,TX,200,R,0,1,"BARTON, Joe Linus",B000213,1949,,0.528,0.047,-224.34806,0.77338,873,98,,0.543,0.111,0
103,House,39302,49,23,TX,200,R,0,1,"BONILLA, Henry",B000617,1954,,0.4,0.136,-246.71509,0.774,961,103,,0.414,0.007,0
103,House,1077,49,9,TX,100,D,0,1,"BROOKS, Jack Bascom",B000880,1922,2012,-0.407,0.725,-190.06249,0.811,906,83,,-0.434,0.76,0
103,House,15013,49,5,TX,100,D,0,1,"BRYANT, John Wiley",B000997,1947,,-0.358,0.135,-162.80361,0.839,928,68,,-0.337,-0.002,0
103,House,15129,49,1,TX,100,D,0,1,"CHAPMAN, Jim",C000312,1945,,-0.198,0.657,-239.04036,0.761,877,119,,-0.191,0.576,0
103,House,15018,49,16,TX,100,D,0,1,"COLEMAN, Ronald D'Emory",C000621,1941,,-0.402,0.548,-174.94939,0.83,940,77,,-0.411,0.472,0
103,House,15093,49,19,TX,200,R,0,1,"COMBEST, Larry Ed",C000653,1945,,0.458,0.555,-248.61947,0.773,965,141,,0.471,0.882,0
103,House,10716,49,15,TX,100,D,0,1,"de la GARZA, Eligio, II (Kika)",D000203,1927,2017,-0.255,0.757,-215.9047,0.785,894,98,,-0.254,0.771,0
103,House,15094,49,22,TX,200,R,0,1,"DeLAY, Thomas Dale",D000217,1947,,0.593,0.059,-170.68407,0.834,943,69,,0.667,0.175,0
103,House,29144,49,11,TX,100,D,0,1,"EDWARDS, Thomas Chester (Chet)",E000063,1951,,-0.226,0.5,-278.59991,0.746,952,126,,-0.149,0.512,1
103,House,14822,49,8,TX,200,R,0,1,"FIELDS, Jack Milton, Jr.",F000111,1952,,0.541,-0.128,-143.19558,0.846,855,59,,0.566,0.058,0
103,House,14626,49,24,TX,100,D,0,1,"FROST, Jonas Martin",F000392,1942,,-0.316,0.354,-181.70689,0.815,886,66,,-0.283,0.463,0
103,House,15636,49,12,TX,100,D,0,1,"GEREN, Preston M. (Pete)",G000134,1952,,-0.032,0.729,-299.89149,0.73,951,139,,-0.04,0.84,1
103,House,10520,49,20,TX,100,D,0,1,"GONZ√ÅLEZ, Henry B.",G000272,1916,2000,-0.538,0.558,-210.58386,0.804,965,92,,-0.624,0.412,0
103,House,39304,49,29,TX,100,D,0,1,"GREEN, Raymond Eugene (Gene)",G000410,1947,,-0.324,0.453,-250.81404,0.75725,902,109,,-0.331,0.282,0
103,House,14828,49,4,TX,100,D,0,1,"HALL, Ralph Moody",H000067,1923,2019,0.096,0.995,-376.68819,0.676,961,175,,0.097,0.995,0
103,House,39305,49,30,TX,100,D,0,1,"JOHNSON, Eddie Bernice",J000126,1934,2023,-0.485,0.198,-162.37726,0.84304,951,70,,-0.528,0.362,0
103,House,29143,49,3,TX,200,R,0,1,"JOHNSON, Sam",J000174,1930,2020,0.61,0.277,-150.74271,0.85256,945,59,,0.636,0.13,0
103,House,15611,49,14,TX,100,D,0,1,"LAUGHLIN, Gregory H.",L000119,1942,,-0.097,0.858,-277.60655,0.728,876,136,,-0.155,0.794,0
103,House,15049,49,27,TX,100,D,0,1,"ORTIZ, Solomon P.",O000107,1937,,-0.272,0.712,-217.55904,0.792,933,100,,-0.257,0.858,1
103,House,10614,49,10,TX,100,D,0,1,"PICKLE, James Jarrell (Jake)",P000328,1913,2005,-0.218,0.523,-277.0236,0.732,888,115,,-0.282,0.283,0
103,House,15623,49,13,TX,100,D,0,1,"SARPALIUS, William",S000066,1948,,-0.078,0.997,-282.52628,0.743,953,127,,-0.102,0.995,0
103,House,15445,49,21,TX,200,R,0,1,"SMITH, Lamar Seeligson",S000583,1947,,0.425,0.061,-187.48805,0.82004,945,73,,0.415,-0.086,0
103,House,14664,49,17,TX,100,D,0,1,"STENHOLM, Charles Walter",S000851,1938,2023,0.019,1,-370.97293,0.68,962,180,,0.068,0.998,0
103,House,39303,49,28,TX,100,D,0,1,"TEJEDA, Frank",T000113,1945,1997,-0.277,0.961,-202.46785,0.811,966,80,,-0.279,0.867,1
103,House,29145,49,18,TX,100,D,0,1,"WASHINGTON, Craig Anthony",W000177,1941,,-0.766,-0.439,-77.60132,0.851,481,29,,-0.833,-0.536,0
103,House,14062,49,2,TX,100,D,0,1,"WILSON, Charles",W000570,1933,2010,-0.196,0.474,-232.71673,0.756,831,94,,-0.234,0.559,0
103,House,15450,54,5,TN,100,D,0,1,"CLEMENT, Robert Nelson",C000503,1943,,-0.216,0.327,-245.42677,0.768,931,111,,-0.184,0.189,0
103,House,15019,54,4,TN,100,D,0,1,"COOPER, James Hayes Shofner",C000754,1954,,-0.164,-0.033,-436.69099,0.61755,906,197,,-0.044,0.095,0
103,House,15455,54,2,TN,200,R,0,1,"DUNCAN, John J., Jr.",D000533,1947,,0.604,-0.476,-274.17379,0.75268,965,116,,0.571,-0.413,0
103,House,14224,54,9,TN,100,D,0,1,"FORD, Harold Eugene",F000261,1945,,-0.438,-0.064,-134.23963,0.827,708,48,,-0.385,-0.234,0
103,House,15100,54,6,TN,100,D,0,1,"GORDON, Barton Jennings",G000309,1949,,-0.204,0.286,-206.32793,0.806,954,76,,-0.213,0.151,0
103,House,14251,54,3,TN,100,D,0,1,"LLOYD, Marilyn Laird",L000381,1929,2018,-0.058,0.452,-296.18978,0.714,881,140,,-0.133,0.429,1
103,House,10616,54,1,TN,200,R,0,1,"QUILLEN, James Henry",Q000013,1916,2003,0.246,0.23,-406.53949,0.623,858,182,,0.257,0.063,0
103,House,15066,54,7,TN,200,R,0,1,"SUNDQUIST, Donald Kenneth",S001075,1936,2023,0.371,-0.202,-269.27524,0.718,814,110,,0.33,0.04,0
103,House,15628,54,8,TN,100,D,0,1,"TANNER, John S.",T000038,1944,,-0.182,0.648,-350.56982,0.694,959,174,,-0.097,0.668,1
103,House,15425,37,1,SD,100,D,0,1,"JOHNSON, Timothy Peter (Tim)",J000177,1946,2024,-0.25,0.143,-261.23078,0.761,956,105,,-0.208,-0.002,0
103,House,39301,48,6,SC,100,D,0,1,"CLYBURN, James Enos",C000537,1940,,-0.466,0.246,-144.31044,0.85526,923,63,,-0.466,0.283,0
103,House,14212,48,3,SC,100,D,0,1,"DERRICK, Butler Carson, Jr.",D000267,1936,2014,-0.215,0.258,-213.23236,0.79,906,89,,-0.293,0.139,0
103,House,39300,48,4,SC,200,R,0,1,"INGLIS, Robert Durden",I000023,1959,,0.518,-0.058,-440.77635,0.631,958,154,,0.452,0.642,0
103,House,15439,48,1,SC,200,R,0,1,"RAVENEL, Arthur, Jr.",R000072,1927,2023,0.162,-0.119,-346.0501,0.694,946,145,,0.181,-0.188,1
103,House,13042,48,2,SC,200,R,0,1,"SPENCE, Floyd Davidson",S000718,1928,2001,0.32,0.185,-248.0951,0.771,952,123,,0.358,0.09,1
103,House,15064,48,5,SC,100,D,0,1,"SPRATT, John McKee, Jr.",S000749,1942,2024,-0.256,0.255,-186.79416,0.821,948,68,,-0.234,0.217,1
103,House,15615,5,1,RI,200,R,0,1,"MACHTLEY, Ronald K.",M000015,1948,,0.113,-0.86,-237.2778,0.764,880,102,,0.14,-0.622,1
103,House,29142,5,2,RI,100,D,0,1,"REED, John F. (Jack)",R000122,1949,,-0.362,-0.166,-149.79713,0.8558,962,60,,-0.381,-0.17,0
103,House,29402,92,1,PR,100,D,,,"ROMERO-BARCEL√ì, Carlos A.",R000417,1932,2021,,,,,,,,,,0
103,House,29140,14,2,PA,100,D,0,1,"BLACKWELL, Lucien Edward",B000517,1931,2003,-0.538,-0.216,-103.51976,0.883,835,43,,-0.534,-0.131,0
103,House,15008,14,3,PA,100,D,0,1,"BORSKI, Robert Anthony, Jr.",B000644,1948,,-0.416,0.406,-172.65159,0.832,940,66,,-0.352,0.317,0
103,House,14612,14,5,PA,200,R,0,1,"CLINGER, William Floyd, Jr.",C000523,1929,2021,0.176,-0.221,-333.65585,0.69,899,170,,0.192,0.02,0
103,House,14808,14,14,PA,100,D,0,1,"COYNE, William Joseph",C000846,1936,2013,-0.494,-0.119,-118.05897,0.884,959,58,,-0.582,-0.286,0
103,House,14823,14,1,PA,100,D,0,1,"FOGLIETTA, Thomas Michael",F000235,1928,2004,-0.506,-0.057,-156.67635,0.843,919,59,,-0.538,-0.244,1
103,House,15026,14,17,PA,200,R,0,1,"GEKAS, George William",G000121,1930,2021,0.426,-0.295,-258.49914,0.764,959,107,,0.432,-0.274,0
103,House,14288,14,19,PA,200,R,0,1,"GOODLING, William Franklin",G000291,1927,2017,0.336,-0.494,-293.75357,0.733,947,135,,0.348,-0.247,0
103,House,29397,14,8,PA,200,R,0,1,"GREENWOOD, James Charles",G000439,1951,,0.225,-0.632,-359.43002,0.684,945,126,,0.2,-0.367,0
103,House,29396,14,6,PA,100,D,0,1,"HOLDEN, Thomas Timothy (Tim)",H000712,1957,,-0.233,0.608,-317.16554,0.719,963,161,,-0.168,0.551,1
103,House,15104,14,11,PA,100,D,0,1,"KANJORSKI, Paul E.",K000008,1937,,-0.303,0.364,-306.18355,0.728,965,136,,-0.333,0.487,0
103,House,29395,14,4,PA,100,D,0,1,"KLINK, Ronald",K000270,1951,,-0.31,0.526,-327.97093,0.708,951,167,,-0.274,0.633,0
103,House,29398,14,13,PA,100,D,0,1,"MARGOLIES-MEZVINSKY, Marjorie",M000129,1942,,-0.223,-0.5,-301.59727,0.729,954,120,,-0.22,-0.479,0
103,House,10607,14,10,PA,200,R,0,1,"McDADE, Joseph Michael",M000399,1931,2017,0.093,-0.355,-346.16969,0.638,771,164,,0.194,-0.184,0
103,House,29399,14,15,PA,100,D,0,1,"McHALE, Paul F., Jr.",M000466,1950,,-0.242,-0.002,-235.10096,0.784,967,108,,-0.203,-0.002,1
103,House,14441,14,20,PA,100,D,0,1,"MURPHY, Austin John",M001088,1927,2024,-0.081,-0.357,-580.25449,0.514,872,301,,-0.078,-0.352,0
103,House,14072,14,12,PA,100,D,0,1,"MURTHA, John Patrick, Jr.",M001120,1932,2010,-0.265,0.569,-202.27035,0.802,919,88,,-0.374,0.839,0
103,House,15056,14,21,PA,200,R,0,1,"RIDGE, Thomas Joseph",R000243,1945,,0.186,-0.669,-267.27694,0.718,807,121,,0.207,-0.466,0
103,House,29141,14,18,PA,200,R,0,1,"SANTORUM, Richard John (Rick)",S000059,1958,,0.338,-0.234,-328.70479,0.694,899,137,,0.263,-0.055,0
103,House,14052,14,9,PA,200,R,0,1,"SHUSTER, E. G. (Bud)",S000394,1932,2023,0.416,0.144,-223.85883,0.788,942,97,,0.453,-0.038,0
103,House,14461,14,16,PA,200,R,0,1,"WALKER, Robert Smith",W000068,1942,,0.581,-0.639,-180.18203,0.83,969,73,,0.629,-0.195,0
103,House,15447,14,7,PA,200,R,0,1,"WELDON, Wayne Curtis (Curt)",W000268,1947,,0.232,-0.324,-265.62395,0.755,946,122,,0.263,-0.481,1
103,House,15410,72,4,OR,100,D,0,1,"DeFAZIO, Peter Anthony",D000191,1947,,-0.427,-0.002,-350.28323,0.67671,897,137,,-0.299,-0.414,0
103,House,29394,72,1,OR,100,D,0,1,"FURSE, Elizabeth",F000434,1936,2021,-0.457,-0.438,-151.20918,0.854,956,66,,-0.419,-0.423,1
103,House,29139,72,5,OR,100,D,0,1,"KOPETSKI, Michael J.",K000312,1949,,-0.589,0.497,-167.93504,0.834,923,80,,-0.61,0.479,0
103,House,15063,72,2,OR,200,R,0,1,"SMITH, Robert Freeman",S000607,1931,2020,0.396,-0.203,-191.15845,0.804,876,71,,0.445,0.054,0
103,House,14871,72,3,OR,100,D,0,1,"WYDEN, Ronald Lee",W000779,1949,,-0.332,-0.486,-173.71894,0.83447,960,81,,-0.351,-0.364,0
103,House,29138,53,3,OK,100,D,0,1,"BREWSTER, William K.",B000817,1941,2022,-0.08,0.688,-293.28905,0.728,922,142,,-0.121,0.592,0
103,House,14219,53,6,OK,100,D,0,1,"ENGLISH, Glenn Lee, Jr.",E000184,1940,,-0.027,0.603,-184.25657,0.699,514,96,,-0.089,0.453,0
103,House,15424,53,1,OK,200,R,0,1,"INHOFE, James Mountain",I000024,1934,2024,0.552,0.045,-140.82643,0.85486,898,58,,0.505,-0.02,1
103,House,29392,53,5,OK,200,R,0,1,"ISTOOK, Ernest James, Jr.",I000047,1950,,0.492,0.129,-211.74345,0.796,929,95,,0.442,-0.132,0
103,House,29393,53,6,OK,200,R,0,2,"LUCAS, Frank D.",L000491,1960,,0.361,0.452,-59.3639,0.81772,295,19,,0.401,0.135,0
103,House,14843,53,4,OK,100,D,0,1,"McCURDY, David Keith",M000398,1950,,-0.112,0.299,-250.5489,0.739,828,104,,-0.112,0.115,1
103,House,14667,53,2,OK,100,D,0,1,"SYNAR, Michael Lynn",S001139,1950,1996,-0.321,-0.032,-254.88163,0.752,893,102,,-0.467,-0.583,0
103,House,14402,24,18,OH,100,D,0,1,"APPLEGATE, Douglas Earl",A000214,1928,2021,-0.106,0.166,-385.94136,0.656,915,169,,-0.18,0.381,0
103,House,29137,24,8,OH,200,R,0,1,"BOEHNER, John Andrew",B000589,1949,,0.513,0.04,-153.92614,0.85,946,76,,0.553,-0.077,0
103,House,29389,24,13,OH,100,D,0,1,"BROWN, Sherrod",B000944,1952,,-0.425,-0.097,-226.02052,0.78767,947,90,,-0.302,-0.204,0
103,House,29391,24,19,OH,100,D,0,1,"FINGERHUT, Eric D.",F000128,1959,,-0.191,-0.381,-293.81696,0.733,947,120,,-0.189,-0.366,0
103,House,15604,24,5,OH,200,R,0,1,"GILLMOR, Paul Eugene",G000210,1939,2007,0.254,0.106,-348.06107,0.692,946,190,,0.181,0.132,0
103,House,14225,24,2,OH,200,R,0,2,"GRADISON, Willis David, Jr.",G000349,1928,,0.233,-0.338,,,,,,0.275,0.028,0
103,House,14632,24,3,OH,100,D,0,1,"HALL, Tony Patrick",H000074,1942,,-0.28,0.155,-234.53303,0.771,901,101,,-0.286,0.333,0
103,House,29136,24,7,OH,200,R,0,1,"HOBSON, David Lee",H000666,1936,2024,0.315,-0.229,-274.77794,0.753,968,127,,0.271,-0.379,0
103,House,29388,24,10,OH,200,R,0,1,"HOKE, Martin R.",H000707,1952,,0.338,-0.244,-320.36451,0.705,918,141,,0.327,-0.222,0
103,House,15029,24,9,OH,100,D,0,1,"KAPTUR, Marcia Carolyn (Marcy)",K000009,1946,,-0.343,0.133,-256.63019,0.75496,913,117,,-0.237,0.213,0
103,House,15030,24,12,OH,200,R,0,1,"KASICH, John Richard",K000016,1952,,0.314,0.013,-327.21694,0.708,948,169,,0.28,0.264,1
103,House,29385,24,1,OH,100,D,0,1,"MANN, David Scott",M000100,1939,,-0.216,-0.149,-323.94554,0.711,950,152,,-0.214,-0.161,1
103,House,14875,24,4,OH,200,R,0,1,"OXLEY, Michael Garver",O000163,1944,2016,0.382,-0.093,-270.13432,0.75,938,116,,0.363,-0.077,0
103,House,29386,24,2,OH,200,R,0,1,"PORTMAN, Robert Jones (Rob)",P000449,1955,,0.371,-0.208,-173.00021,0.80979,820,66,,0.384,-0.362,0
103,House,29390,24,15,OH,200,R,0,1,"PRYCE, Deborah D.",P000555,1951,,0.32,-0.329,-218.86168,0.792,937,97,,0.314,-0.42,0
103,House,14045,24,16,OH,200,R,0,1,"REGULA, Ralph Straus",R000141,1924,2017,0.221,-0.223,-302.12994,0.732,969,136,,0.212,-0.336,0
103,House,15442,24,14,OH,100,D,0,1,"SAWYER, Thomas Charles",S000094,1945,2023,-0.377,-0.114,-122.60242,0.88,958,44,,-0.399,0.042,0
103,House,12030,24,11,OH,100,D,0,1,"STOKES, Louis",S000948,1925,2015,-0.578,-0.312,-142.39594,0.855,908,66,,-0.624,0.003,0
103,House,29747,24,6,OH,100,D,0,1,"STRICKLAND, Ted",S001004,1941,,-0.384,0.404,-198.18408,0.813,957,93,,-0.32,0.133,0
103,House,15121,24,17,OH,100,D,0,1,"TRAFICANT, James A., Jr.",T000350,1941,2014,-0.082,0.071,-408.19031,0.655,963,182,,-0.177,0.219,0
103,House,15000,13,5,NY,100,D,0,1,"ACKERMAN, Gary Leonard",A000022,1942,,-0.429,-0.165,-169.95686,0.828,899,79,,-0.411,0.027,0
103,House,15007,13,23,NY,200,R,0,1,"BOEHLERT, Sherwood Louis",B000586,1936,2021,0.103,-0.718,-311.40217,0.721,953,139,,0.066,-0.835,0
103,House,15603,13,17,NY,100,D,0,1,"ENGEL, Eliot Lance",E000179,1947,,-0.408,-0.093,-140.85179,0.85053,870,66,,-0.53,-0.183,0
103,House,12013,13,19,NY,200,R,0,1,"FISH, Hamilton, Jr.",F000141,1926,1996,0.07,-0.423,-359.00111,0.653,843,180,,0.1,-0.159,0
103,House,15412,13,6,NY,100,D,0,1,"FLAKE, Floyd Harold",F000184,1945,,-0.455,-0.092,-136.06958,0.856,875,55,,-0.515,-0.032,0
103,House,14015,13,20,NY,200,R,0,1,"GILMAN, Benjamin Arthur",G000212,1922,2016,0.043,-0.425,-447.23867,0.628,961,223,,0.029,-0.366,0
103,House,29380,13,26,NY,100,D,0,1,"HINCHEY, Maurice Dunlea",H000627,1938,2017,-0.575,-0.007,-141.44894,0.859,928,65,,-0.458,-0.314,0
103,House,15421,13,1,NY,100,D,0,1,"HOCHBRUECKNER, George Joseph",H000670,1938,,-0.348,0.117,-171.60967,0.835,951,76,,-0.356,0.277,1
103,House,15423,13,31,NY,200,R,0,1,"HOUGHTON, Amory, Jr.",H000814,1926,2020,0.154,-0.281,-481.11782,0.592,919,240,,0.139,-0.039,0
103,House,29375,13,3,NY,200,R,0,1,"KING, Peter T.",K000210,1944,,0.259,-0.03,-327.18106,0.71195,963,117,,0.379,-0.349,0
103,House,14248,13,29,NY,100,D,0,1,"LaFALCE, John Joseph",L000556,1939,2025,-0.357,0.112,-283.81031,0.736,926,109,,-0.31,0.279,0
103,House,29374,13,2,NY,200,R,0,1,"LAZIO, Enrico A. (Rick)",L000155,1958,,0.216,-0.588,-294.80551,0.736,961,121,,0.214,-0.671,0
103,House,29376,13,4,NY,200,R,0,1,"LEVY, David A.",L000267,1953,,0.347,-0.354,-219.29984,0.797,965,79,,0.347,-0.369,0
103,House,15612,13,18,NY,100,D,0,1,"LOWEY, Nita M.",L000480,1937,2025,-0.389,-0.152,-128.38062,0.8736,950,51,,-0.404,-0.139,0
103,House,29379,13,14,NY,100,D,0,1,"MALONEY, Carolyn Bosher",M000087,1946,,-0.387,-0.285,-167.30571,0.83568,932,61,,-0.357,-0.56,0
103,House,15107,13,7,NY,100,D,0,1,"MANTON, Thomas J.",M000117,1932,2006,-0.361,0.382,-182.05812,0.817,903,74,,-0.358,0.418,0
103,House,39316,13,24,NY,200,R,0,1,"McHUGH, John Michael",M000472,1948,,0.225,-0.063,-298.43906,0.731,951,122,,0.366,-0.352,1
103,House,15614,13,21,NY,100,D,0,1,"McNULTY, Michael Robert",M000590,1947,,-0.369,0.369,-284.75794,0.736,927,120,,-0.282,0.599,1
103,House,15639,13,13,NY,200,R,0,1,"MOLINARI, Susan",M000843,1958,,0.256,-0.5,-275.70423,0.751,962,118,,0.272,-0.633,0
103,House,29377,13,8,NY,100,D,0,1,"NADLER, Jerrold Lewis",N000002,1947,,-0.507,-0.478,-150.48365,0.84911,920,64,,-0.627,-0.549,0
103,House,15050,13,11,NY,100,D,0,1,"OWENS, Major Robert Odell",O000159,1936,2013,-0.569,-0.516,-125.56569,0.863,855,57,,-0.586,-0.401,0
103,House,15618,13,27,NY,200,R,0,1,"PAXON, L. William",P000148,1954,,0.472,-0.167,-160.7683,0.847,966,68,,0.579,-0.26,0
103,House,29381,13,30,NY,200,R,0,1,"QUINN, John Francis (Jack)",Q000016,1951,,0.198,-0.223,-307.28499,0.721,941,145,,0.258,-0.298,0
103,House,13035,13,15,NY,100,D,0,1,"RANGEL, Charles B.",R000053,1930,,-0.514,-0.341,-142.69517,0.846,851,65,,-0.627,-0.047,0
103,House,14858,13,9,NY,100,D,0,1,"SCHUMER, Charles Ellis (Chuck)",S000148,1950,,-0.355,-0.419,-148.3268,0.8499,912,58,,-0.359,-0.351,0
103,House,29134,13,16,NY,100,D,0,1,"SERRANO, Jos√© E.",S000248,1943,,-0.491,-0.377,-115.8423,0.88229,925,58,,-0.546,-0.237,0
103,House,15444,13,28,NY,100,D,0,1,"SLAUGHTER, Louise McIntosh",S000480,1929,2018,-0.465,-0.104,-151.705,0.85326,956,64,,-0.376,-0.304,0
103,House,14662,13,22,NY,200,R,0,1,"SOLOMON, Gerald Brooks Hunt",S000675,1930,2001,0.492,-0.333,-187.27621,0.818,930,79,,0.53,-0.362,0
103,House,15072,13,10,NY,100,D,0,1,"TOWNS, Edolphus",T000326,1934,,-0.519,-0.132,-127.18374,0.857,825,51,,-0.602,-0.028,0
103,House,29378,13,12,NY,100,D,0,1,"VEL√ÅZQUEZ, Nydia M.",V000081,1953,,-0.547,-0.367,-124.1621,0.87477,928,57,,-0.586,-0.417,0
103,House,15630,13,25,NY,200,R,0,1,"WALSH, James T.",W000099,1947,,0.208,-0.19,-353.63233,0.69,954,149,,0.211,-0.304,0
103,House,15403,65,1,NV,100,D,0,1,"BILBRAY, James Hubert",B000462,1938,2021,-0.184,0.258,-258.44397,0.764,960,106,,-0.187,0.212,1
103,House,15075,65,2,NV,200,R,0,1,"VUCANOVICH, Barbara Farrell",V000124,1921,2013,0.441,-0.109,-277.24088,0.745,941,124,,0.364,0.116,0
103,House,15055,66,3,NM,100,D,0,1,"RICHARDSON, Bill",R000229,1947,2023,-0.321,0.227,-167.88255,0.836,940,65,,-0.338,0.173,0
103,House,15624,66,1,NM,200,R,0,1,"SCHIFF, Steven Harvey",S000125,1947,1998,0.196,-0.261,-275.88782,0.748,949,110,,0.243,-0.332,0
103,House,14861,66,2,NM,200,R,0,1,"SKEEN, Joseph Richard",S000463,1927,2003,0.301,0.034,-265.07846,0.746,904,107,,0.286,-0.001,0
103,House,29132,12,1,NJ,100,D,0,1,"ANDREWS, Robert Ernest",A000210,1957,,-0.297,-0.119,-462.08184,0.606,923,189,,-0.144,-0.152,0
103,House,29371,12,7,NJ,200,R,0,1,"FRANKS, Robert Douglas",F000349,1951,2010,0.259,-0.836,-265.96102,0.757,956,125,,0.262,-0.91,0
103,House,15099,12,11,NJ,200,R,0,1,"GALLO, Dean Anderson",G000025,1935,1994,0.203,-0.498,-247.56185,0.713,733,114,,0.172,-0.463,0
103,House,14238,12,2,NJ,100,D,0,1,"HUGHES, William John",H000930,1932,2019,-0.153,-0.204,-297.54453,0.733,960,106,,-0.271,-0.107,0
103,House,29372,12,8,NJ,100,D,0,1,"KLEIN, Herbert C.",K000262,1930,2023,-0.286,-0.214,-189.07534,0.82,951,79,,-0.285,-0.197,0
103,House,29373,12,13,NJ,100,D,0,1,"MENENDEZ, Robert",M000639,1954,,-0.366,-0.126,-189.66385,0.81936,952,83,,-0.32,-0.119,0
103,House,15454,12,6,NJ,100,D,0,1,"PALLONE, Frank, Jr.",P000034,1951,,-0.402,-0.161,-322.85276,0.71664,969,121,,-0.246,-0.373,0
103,House,15619,12,10,NJ,100,D,0,1,"PAYNE, Donald Milford",P000149,1934,2012,-0.592,-0.547,-109.19624,0.89,935,42,,-0.605,-0.326,0
103,House,14855,12,5,NJ,200,R,0,1,"ROUKEMA, Margaret Scafati",R000465,1929,2014,0.162,-0.701,-309.98345,0.713,915,128,,0.159,-0.874,0
103,House,15112,12,3,NJ,200,R,0,1,"SAXTON, Hugh James",S000097,1943,,0.238,-0.378,-259.87762,0.761,950,116,,0.252,-0.452,1
103,House,14863,12,4,NJ,200,R,0,1,"SMITH, Christopher Henry",S000522,1953,,0.181,-0.172,-387.86301,0.66508,951,195,,0.145,-0.15,0
103,House,15071,12,9,NJ,100,D,0,1,"TORRICELLI, Robert Guy",T000317,1951,,-0.262,-0.118,-236.96642,0.765,885,104,,-0.284,-0.011,0
103,House,29133,12,12,NJ,200,R,0,1,"ZIMMER, Richard",Z000008,1944,,0.27,-0.963,-274.46771,0.751,957,121,,0.323,-0.947,0
103,House,29131,4,2,NH,100,D,0,1,"SWETT, Richard",S001113,1957,,-0.144,-0.141,-327.13444,0.703,930,151,,-0.151,-0.108,0
103,House,29130,4,1,NH,200,R,0,1,"ZELIFF, William H., Jr.",Z000004,1936,2021,0.438,-0.461,-226.56687,0.784,932,84,,0.444,-0.622,0
103,House,29129,35,3,NE,200,R,0,1,"BARRETT, William E.",B000179,1929,2016,0.379,-0.073,-200.30465,0.812,962,91,,0.397,-0.076,0
103,House,14605,35,1,NE,200,R,0,1,"BEREUTER, Douglas Kent",B000403,1939,,0.231,-0.347,-342.83764,0.7,962,172,,0.224,-0.4,0
103,House,15607,35,2,NE,100,D,0,1,"HOAGLAND, Peter J.",H000652,1941,2007,-0.209,-0.047,-293.16991,0.736,955,120,,-0.197,-0.179,0
103,House,29384,36,1,ND,100,D,0,1,"POMEROY, Earl Ralph, III",P000422,1952,,-0.266,0.339,-230.63592,0.785,953,103,,-0.215,0.194,0
103,House,15402,47,10,NC,200,R,0,1,"BALLENGER, Cass",B000104,1926,2015,0.464,-0.145,-192.29404,0.816,947,89,,0.528,-0.232,0
103,House,29382,47,1,NC,100,D,0,1,"CLAYTON, Eva M.",C000494,1934,,-0.459,-0.032,-145.57536,0.855,928,55,,-0.492,-0.208,0
103,House,15092,47,6,NC,200,R,0,1,"COBLE, Howard",C000556,1931,2015,0.52,-0.081,-204.37294,0.81,968,94,,0.577,-0.264,0
103,House,14233,47,8,NC,100,D,0,1,"HEFNER, Willie Gathrel (Bill)",H000448,1930,2009,-0.264,0.609,-192.92113,0.813,930,85,,-0.321,0.38,0
103,House,15430,47,3,NC,100,D,0,1,"LANCASTER, H. Martin",L000045,1943,,-0.134,0.416,-296.47864,0.733,955,129,,-0.145,0.368,1
103,House,15108,47,9,NC,200,R,0,1,"McMILLAN, John Alexander, III (Alex)",M000566,1932,,0.294,-0.248,-247.35376,0.742,830,120,,0.274,-0.329,0
103,House,14262,47,5,NC,100,D,0,1,"NEAL, Stephen Lybrook",N000016,1934,,-0.145,0.112,-224.00259,0.769,851,76,,-0.208,0.055,0
103,House,15438,47,4,NC,100,D,0,1,"PRICE, David Eugene",P000523,1940,,-0.343,-0.03,-155.33675,0.84988,955,58,,-0.32,0.052,0
103,House,14048,47,7,NC,100,D,0,1,"ROSE, Charles Grandison, III",R000436,1939,2012,-0.319,0.573,-182.84357,0.814,891,71,,-0.371,0.403,0
103,House,29135,47,11,NC,200,R,0,1,"TAYLOR, Charles Hart",T000067,1941,,0.488,0.116,-227.2413,0.786,944,104,,0.507,0.049,0
103,House,15073,47,2,NC,100,D,0,1,"VALENTINE, Itimous Thaddeus, Jr., (Tim)",V000006,1926,2015,-0.084,0.465,-390.75929,0.652,915,189,,-0.116,0.352,0
103,House,29383,47,12,NC,100,D,0,1,"WATT, Melvin L.",W000207,1945,,-0.526,-0.155,-150.73955,0.854,955,59,,-0.698,-0.176,0
103,House,14672,64,1,MT,100,D,0,1,"WILLIAMS, John Patrick",W000520,1937,,-0.315,-0.138,-336.23333,0.681,876,129,,-0.245,-0.029,0
103,House,15411,46,2,MS,100,D,0,1,"ESPY, Alphonso Michael (Mike)",E000218,1953,,-0.386,0.432,,,,,,-0.76,0.434,0
103,House,11035,46,3,MS,100,D,0,1,"MONTGOMERY, Gillespie V. (Sonny)",M000865,1920,2006,0.017,1,-343.15343,0.698,956,156,,-0.143,0.882,1
103,House,15617,46,4,MS,100,D,0,1,"PARKER, Michael (Mike)",P000066,1949,,0.034,0.758,-324.1389,0.707,935,141,,-0.026,0.722,0
103,House,15637,46,5,MS,100,D,0,1,"TAYLOR, Gary Eugene (Gene)",T000074,1953,,-0.045,0.893,-807.08754,0.431,960,291,,0.123,0.425,1
103,House,29368,46,2,MS,100,D,0,2,"THOMPSON, Bennie",T000193,1948,,-0.519,0.391,-125.692,0.85099,779,47,,-0.512,0.21,0
103,House,10075,46,1,MS,100,D,0,1,"WHITTEN, Jamie Lloyd",W000428,1910,1995,-0.161,0.987,-235.9516,0.72,719,112,,-0.339,0.819,0
103,House,12009,34,1,MO,100,D,0,1,"CLAY, William Lacy, Sr.",C000488,1931,,-0.49,-0.872,-328.54171,0.686,873,138,,-0.406,-0.914,0
103,House,29370,34,6,MO,100,D,0,1,"DANNER, Patsy Ann (Pat)",D000046,1934,,-0.186,0.529,-276.08794,0.75,959,118,,-0.217,0.351,0
103,House,14819,34,8,MO,200,R,0,1,"EMERSON, Norvell William (Bill)",E000174,1938,1996,0.332,-0.125,-259.46594,0.761,948,112,,0.351,0.106,0
103,House,14421,34,3,MO,100,D,0,1,"GEPHARDT, Richard Andrew",G000132,1941,,-0.416,0.245,-120.1755,0.877,915,41,,-0.45,0.215,0
103,House,15606,34,7,MO,200,R,0,1,"HANCOCK, Melton D. (Mel)",H000151,1929,2011,0.79,-0.048,-95.63772,0.904,951,29,,0.79,-0.018,0
103,House,14451,34,4,MO,100,D,0,1,"SKELTON, Isaac Newton, IV (Ike)",S000465,1931,2013,-0.172,0.724,-247.66799,0.768,939,106,,-0.117,0.853,1
103,House,29369,34,2,MO,200,R,0,1,"TALENT, James Matthes",T000024,1956,,0.364,0.098,-193.03605,0.816,951,72,,0.384,-0.057,1
103,House,14459,34,9,MO,100,D,0,1,"VOLKMER, Harold Lee",V000112,1931,2011,-0.196,0.329,-290.64965,0.738,958,141,,-0.19,0.753,0
103,House,15076,34,5,MO,100,D,0,1,"WHEAT, Alan Dupree",W000326,1951,,-0.465,-0.73,-135.71318,0.855,867,55,,-0.432,-0.164,0
103,House,29367,33,6,MN,200,R,0,1,"GRAMS, Rod",G000367,1948,2013,0.506,-0.195,-154.53458,0.846,926,65,,0.519,-0.17,0
103,House,29366,33,2,MN,100,D,0,1,"MINGE, David R.",M000795,1942,,-0.213,-0.131,-555.05055,0.558,950,223,,-0.119,-0.195,0
103,House,14265,33,8,MN,100,D,0,1,"OBERSTAR, James Louis",O000006,1934,2014,-0.553,0.304,-224.12701,0.79,953,96,,-0.505,0.429,0
103,House,15052,33,1,MN,100,D,0,1,"PENNY, Timothy Joseph",P000215,1951,,-0.051,-0.502,-864.73836,0.405,958,360,,-0.019,-0.005,0
103,House,29127,33,7,MN,100,D,0,1,"PETERSON, Collin Clark",P000258,1944,,-0.148,0.712,-549.18526,0.56267,955,234,,-0.043,0.3,0
103,House,29126,33,3,MN,200,R,0,1,"RAMSTAD, James (Jim)",R000033,1946,2020,0.316,-0.683,-273.93397,0.753,967,139,,0.353,-0.935,0
103,House,14656,33,5,MN,100,D,0,1,"SABO, Martin Olav",S000005,1938,2016,-0.516,-0.317,-120.33238,0.881,946,58,,-0.529,-0.223,0
103,House,14458,33,4,MN,100,D,0,1,"VENTO, Bruce Frank",V000087,1940,2000,-0.472,-0.376,-118.39907,0.882,943,38,,-0.484,-0.572,0
103,House,29363,23,5,MI,100,D,0,1,"BARCIA, James A.",B000134,1952,,-0.184,0.547,-356.3003,0.687,948,170,,-0.122,0.571,0
103,House,14407,23,10,MI,100,D,0,1,"BONIOR, David Edward",B000619,1945,,-0.547,-0.006,-133.29762,0.867,937,62,,-0.552,0.178,0
103,House,29124,23,4,MI,200,R,0,1,"CAMP, David Lee",C000071,1953,,0.385,-0.048,-227.44823,0.789,961,89,,0.359,-0.196,0
103,House,14210,23,8,MI,100,D,0,1,"CARR, Milton Robert (Bob)",C000178,1943,2024,-0.254,-0.342,-296.94845,0.714,881,113,,-0.28,0.182,0
103,House,29125,23,15,MI,100,D,0,1,"COLLINS, Barbara-Rose",C000633,1939,2021,-0.648,-0.164,-121.63114,0.876,918,48,,-0.651,-0.255,0
103,House,10713,23,14,MI,100,D,0,1,"CONYERS, John, Jr.",C000714,1929,2019,-0.658,-0.512,-129.35646,0.84914,791,49,,-0.639,-0.461,0
103,House,2605,23,16,MI,100,D,0,1,"DINGELL, John David, Jr.",D000355,1926,2019,-0.448,0.313,-203.86986,0.799,907,91,,-0.441,0.48,0
103,House,29362,23,3,MI,200,R,0,2,"EHLERS, Vernon James",E000092,1934,2017,0.316,-0.622,-207.94741,0.622,438,95,,0.297,-0.832,0
103,House,10727,23,13,MI,100,D,0,1,"FORD, William David",F000270,1927,2004,-0.516,0.098,-137.74495,0.847,829,54,,-0.531,0.065,0
103,House,15103,23,3,MI,200,R,0,1,"HENRY, Paul B.",H000514,1942,1993,0.264,-0.773,,,,,,0.832,-0.555,0
103,House,29361,23,2,MI,200,R,0,1,"HOEKSTRA, Peter",H000676,1953,,0.516,-0.262,-295.26457,0.736,965,124,,0.415,-0.496,0
103,House,14430,23,9,MI,100,D,0,1,"KILDEE, Dale Edward",K000172,1929,2021,-0.385,0.011,-258.27313,0.766,969,96,,-0.345,0.145,0
103,House,29365,23,11,MI,200,R,0,1,"KNOLLENBERG, Joseph",K000288,1933,2018,0.366,-0.053,-219.57672,0.795,956,94,,0.496,-0.252,0
103,House,15033,23,12,MI,100,D,0,1,"LEVIN, Sander Martin",L000263,1931,,-0.379,-0.091,-139.55303,0.86561,967,56,,-0.336,-0.197,0
103,House,29364,23,7,MI,200,R,0,1,"SMITH, Nick H.",S000597,1934,,0.505,-0.229,-274.96969,0.745,935,115,,0.444,-0.111,0
103,House,29360,23,1,MI,100,D,0,1,"STUPAK, Bart T.",S001045,1952,,-0.396,0.701,-291.12722,0.738,958,139,,-0.258,0.455,1
103,House,15446,23,6,MI,200,R,0,1,"UPTON, Frederick Stephen",U000031,1953,,0.32,-0.355,-333.39114,0.70889,969,161,,0.28,-0.649,0
103,House,29121,2,1,ME,100,D,0,1,"ANDREWS, Thomas Hiram",A000211,1953,,-0.398,-0.624,-166.24476,0.839,947,58,,-0.412,-0.61,1
103,House,14661,2,2,ME,200,R,0,1,"SNOWE, Olympia Jean",S000663,1947,,0.091,-0.548,-351.22876,0.695,964,155,,0.134,-0.457,0
103,House,29356,52,6,MD,200,R,0,1,"BARTLETT, Roscoe Gardner",B000208,1926,,0.493,-0.091,-149.55381,0.856,962,58,,0.546,0.044,1
103,House,15086,52,2,MD,200,R,0,1,"BENTLEY, Helen Delich",B000392,1923,2016,0.276,-0.362,-362.54263,0.674,920,153,,0.264,-0.176,0
103,House,15408,52,3,MD,100,D,0,1,"CARDIN, Benjamin Louis",C000141,1943,,-0.32,-0.224,-180.86368,0.82564,944,76,,-0.351,-0.374,0
103,House,29122,52,1,MD,200,R,0,1,"GILCHREST, Wayne Thomas",G000180,1946,,0.204,-0.563,-312.39908,0.72,949,140,,0.193,-0.723,0
103,House,14873,52,5,MD,100,D,0,1,"HOYER, Steny Hamilton",H000874,1939,,-0.381,0.122,-160.47528,0.84367,944,89,,-0.386,0.284,0
103,House,15433,52,7,MD,100,D,0,1,"MFUME, Kweisi",M000687,1948,,-0.44,-0.328,-177.61674,0.8246,921,71,,-0.437,-0.52,0
103,House,15434,52,8,MD,200,R,0,1,"MORELLA, Constance A.",M000941,1931,,-0.018,-0.893,-307.23371,0.723,947,125,,-0.024,-1,0
103,House,29355,52,4,MD,100,D,0,1,"WYNN, Albert Russell",W000784,1951,,-0.38,0.038,-140.48059,0.863,956,60,,-0.436,-0.006,0
103,House,29357,3,3,MA,200,R,0,1,"BLUTE, Peter I.",B000576,1956,,0.192,-0.463,-284.12313,0.737,933,123,,0.198,-0.464,0
103,House,14824,3,4,MA,100,D,0,1,"FRANK, Barney",F000339,1940,,-0.499,-0.534,-142.74119,0.859,941,50,,-0.55,-0.761,0
103,House,15427,3,8,MA,100,D,0,1,"KENNEDY, Joseph Patrick, II",K000110,1952,,-0.413,-0.453,-143.52516,0.857,931,59,,-0.412,-0.333,0
103,House,14435,3,7,MA,100,D,0,1,"MARKEY, Edward John",M000133,1946,,-0.516,-0.469,-104.94715,0.89436,940,37,,-0.468,-0.429,0
103,House,29358,3,5,MA,100,D,0,1,"MEEHAN, Martin Thomas",M000627,1956,,-0.39,-0.539,-224.4651,0.786,931,83,,-0.289,-0.604,1
103,House,14039,3,9,MA,100,D,0,1,"MOAKLEY, John Joseph",M000834,1927,2001,-0.418,-0.054,-112.04384,0.879,872,48,,-0.437,0.001,0
103,House,15616,3,2,MA,100,D,0,1,"NEAL, Richard Edmund",N000015,1949,,-0.417,-0.106,-143.08012,0.85894,941,59,,-0.376,-0.141,0
103,House,29123,3,1,MA,100,D,0,1,"OLVER, John Walter",O000085,1936,2023,-0.577,-0.207,-106.06986,0.895,955,39,,-0.533,-0.405,0
103,House,14055,3,10,MA,100,D,0,1,"STUDDS, Gerry Eastman",S001040,1937,2006,-0.444,-0.593,-107.40616,0.893,945,38,,-0.461,-0.415,0
103,House,29359,3,6,MA,200,R,0,1,"TORKILDSEN, Peter Gerard",T000314,1958,,0.155,-0.7,-280.07987,0.746,955,121,,0.188,-0.679,1
103,House,15401,45,6,LA,200,R,0,1,"BAKER, Richard Hugh",B000072,1948,,0.423,0.022,-191.11195,0.812,920,84,,0.45,0.008,0
103,House,29354,45,4,LA,100,D,0,1,"FIELDS, Cleo",F000110,1962,,-0.455,0.087,-166.99497,0.83818,946,69,,-0.497,0.133,0
103,House,15418,45,7,LA,100,D,0,1,"HAYES, James Allison",H000390,1946,,-0.057,0.755,-273.96431,0.735,891,127,,-0.045,0.889,0
103,House,29120,45,2,LA,100,D,0,1,"JEFFERSON, William Jennings",J000070,1947,,-0.424,0.242,-147.4282,0.849,898,59,,-0.47,0.092,0
103,House,14469,45,1,LA,200,R,0,1,"LIVINGSTON, Robert Linlithgow, Jr.",L000371,1943,,0.326,0.109,-296.00525,0.727,927,123,,0.347,0.278,0
103,House,15451,45,5,LA,200,R,0,1,"McCRERY, James O., III",M000388,1949,,0.362,0.08,-259.86117,0.758,936,106,,0.297,0.069,0
103,House,14679,45,3,LA,100,D,0,1,"TAUZIN, Wilbert Joseph (Billy)",T000058,1943,,0.03,0.568,-308.03329,0.716,923,141,,0.044,0.734,0
103,House,29353,51,6,KY,100,D,0,1,"BAESLER, Henry Scott (Scotty)",B000028,1941,,-0.155,0.28,-254.98616,0.766,956,113,,-0.179,0.143,0
103,House,29351,51,1,KY,100,D,0,1,"BARLOW, Thomas J., III",B000151,1940,2017,-0.316,0.493,-204.68653,0.804,937,87,,-0.309,0.452,0
103,House,15406,51,4,KY,200,R,0,1,"BUNNING, James Paul David",B001066,1931,2017,0.521,-0.049,-186.96365,0.822,953,85,,0.51,-0.078,0
103,House,29352,51,2,KY,200,R,0,2,"LEWIS, Ron",L000293,1946,,0.418,0.417,-56.03507,0.805,259,24,,0.455,0.068,0
103,House,13024,51,3,KY,100,D,0,1,"MAZZOLI, Romano Louis",M000291,1932,2022,-0.186,-0.016,-278.66983,0.749,963,106,,-0.203,0.192,0
103,House,6845,51,2,KY,100,D,0,1,"NATCHER, William Huston",N000009,1909,1994,-0.288,0.575,-104.96427,0.829,560,41,,-0.42,0.653,0
103,House,14854,51,5,KY,200,R,0,1,"ROGERS, Harold Dallas (Hal)",R000395,1937,,0.333,0.152,-354.31713,0.68977,954,152,,0.278,-0.012,0
103,House,14422,32,4,KS,100,D,0,1,"GLICKMAN, Daniel Robert",G000240,1944,,-0.133,-0.149,-281.03308,0.744,950,111,,-0.195,-0.03,0
103,House,15109,32,3,KS,200,R,0,1,"MEYERS, Jan",M000684,1928,2019,0.208,-0.541,-270.56779,0.752,950,103,,0.21,-0.731,0
103,House,14852,32,1,KS,200,R,0,1,"ROBERTS, Charles Patrick (Pat)",R000307,1936,,0.413,-0.09,-204.94815,0.80521,946,90,,0.488,-0.047,0
103,House,15061,32,2,KS,100,D,0,1,"SLATTERY, James Charles",S000477,1948,,-0.099,-0.04,-281.74529,0.687,751,119,,-0.134,-0.023,0
103,House,15014,22,6,IN,200,R,0,1,"BURTON, Danny Lee",B001149,1938,,0.585,-0.026,-141.2436,0.862,952,58,,0.646,-0.048,0
103,House,29350,22,5,IN,200,R,0,1,"BUYER, Stephen Earle",B001203,1958,,0.435,0.192,-192.53765,0.817,953,77,,0.428,0.061,1
103,House,10732,22,9,IN,100,D,0,1,"HAMILTON, Lee Herbert",H000114,1931,,-0.171,-0.053,-317.87181,0.72,968,134,,-0.144,0.128,0
103,House,10742,22,10,IN,100,D,0,1,"JACOBS, Andrew, Jr.",J000033,1932,2013,-0.07,-0.846,-540.42307,0.569,959,259,,-0.081,-0.997,0
103,House,15631,22,4,IN,100,D,0,1,"LONG, Jill Lynette",L000420,1952,,-0.224,0.065,-239.25753,0.778,955,104,,-0.232,0.028,0
103,House,15041,22,8,IN,100,D,0,1,"McCLOSKEY, Francis Xavier",M000342,1939,2003,-0.336,0.094,-169.62679,0.833,928,78,,-0.372,0.195,1
103,House,11036,22,7,IN,200,R,0,1,"MYERS, John Thomas",M001130,1927,2015,0.236,0.254,-367.12536,0.679,947,170,,0.283,0.567,0
103,House,29117,22,3,IN,100,D,0,1,"ROEMER, Timothy John",R000385,1956,,-0.165,0.229,-304.78465,0.728,959,142,,-0.173,0.113,0
103,House,14274,22,2,IN,100,D,0,1,"SHARP, Philip Riley",S000294,1942,,-0.166,-0.283,-233.5303,0.766,877,86,,-0.286,-0.205,0
103,House,15124,22,1,IN,100,D,0,1,"VISCLOSKY, Peter",V000108,1949,,-0.402,0.244,-235.48465,0.78147,955,109,,-0.39,0.079,0
103,House,14068,21,7,IL,100,D,0,1,"COLLINS, Cardiss",C000634,1931,2013,-0.552,-0.218,-137.15355,0.855,877,46,,-0.625,-0.456,0
103,House,15453,21,12,IL,100,D,0,1,"COSTELLO, Jerry Francis",C000794,1949,,-0.317,0.657,-388.64851,0.667,958,180,,-0.159,0.499,0
103,House,12041,21,8,IL,200,R,0,1,"CRANE, Philip Miller",C000873,1930,2014,0.739,0.023,-137.37282,0.86,913,53,,0.756,-0.297,0
103,House,15021,21,20,IL,100,D,0,1,"DURBIN, Richard Joseph",D000563,1944,,-0.347,-0.306,-186.7174,0.82408,965,81,,-0.364,-0.034,0
103,House,15023,21,17,IL,100,D,0,1,"EVANS, Lane Allen",E000250,1951,2014,-0.454,-0.181,-137.97295,0.865,954,56,,-0.479,-0.457,1
103,House,29115,21,15,IL,200,R,0,1,"EWING, Thomas W.",E000282,1935,,0.361,-0.094,-202.87028,0.807,947,74,,0.398,-0.143,0
103,House,15098,21,13,IL,200,R,0,1,"FAWELL, Harris W.",F000049,1929,2021,0.332,-0.616,-270.4419,0.756,965,127,,0.382,-0.924,0
103,House,29348,21,4,IL,100,D,0,1,"GUTI√âRREZ, Luis V.",G000535,1953,,-0.487,-0.26,-147.68437,0.84851,899,60,,-0.437,-0.503,0
103,House,15417,21,14,IL,200,R,0,1,"HASTERT, John Dennis",H000323,1942,,0.443,-0.122,-198.70334,0.811,949,87,,0.386,-0.105,0
103,House,14239,21,6,IL,200,R,0,1,"HYDE, Henry John",H001022,1924,2007,0.312,-0.18,-318.92971,0.711,936,131,,0.297,0.037,0
103,House,15036,21,3,IL,100,D,0,1,"LIPINSKI, William Oliver",L000342,1937,,-0.176,0.3,-325.77405,0.702,922,150,,-0.135,0.331,0
103,House,29349,21,16,IL,200,R,0,1,"MANZULLO, Donald A.",M001138,1944,,0.51,0,-191.08623,0.82,965,85,,0.481,-0.058,0
103,House,6455,21,18,IL,200,R,0,1,"MICHEL, Robert Henry",M000692,1923,2017,0.372,-0.157,-233.02289,0.769,888,99,,0.358,-0.166,0
103,House,14677,21,10,IL,200,R,0,1,"PORTER, John Edward",P000444,1935,2022,0.217,-0.604,-339.10361,0.696,934,154,,0.204,-0.756,0
103,House,15620,21,19,IL,100,D,0,1,"POSHARD, Glenn",P000452,1945,,-0.211,0.392,-450.12038,0.628,969,224,,-0.087,0.343,0
103,House,29347,21,2,IL,100,D,0,1,"REYNOLDS, Mel",R000178,1952,,-0.489,-0.041,-131.03422,0.858,854,61,,-0.488,0.024,0
103,House,8080,21,5,IL,100,D,0,1,"ROSTENKOWSKI, Daniel David",R000458,1928,2010,-0.39,0.246,-169.5587,0.822,867,71,,-0.409,0.074,0
103,House,29346,21,1,IL,100,D,0,1,"RUSH, Bobby L.",R000515,1946,,-0.479,-0.203,-113.86193,0.8794,886,43,,-0.581,-0.292,0
103,House,15622,21,11,IL,100,D,0,1,"SANGMEISTER, George Edward",S000056,1931,2007,-0.226,0.075,-217.96052,0.793,940,84,,-0.245,0.151,0
103,House,10421,21,9,IL,100,D,0,1,"YATES, Sidney Richard",Y000013,1909,2000,-0.494,-0.494,-152.34206,0.847,916,78,,-0.637,-0.3,0
103,House,29345,63,2,ID,200,R,0,1,"CRAPO, Michael Dean",C000880,1951,,0.504,0.293,-192.12797,0.81879,961,78,,0.521,0.012,0
103,House,29114,63,1,ID,100,D,0,1,"LaROCCO, Larry",L000098,1946,,-0.243,0.239,-227.39875,0.788,955,98,,-0.252,0.287,0
103,House,15414,31,5,IA,200,R,0,1,"GRANDY, Frederick Lawrence",G000371,1948,,0.283,-0.465,-285.01254,0.701,802,126,,0.268,-0.436,0
103,House,14432,31,1,IA,200,R,0,1,"LEACH, James Albert Smith",L000169,1942,2024,0.141,-0.79,-319.11178,0.708,924,155,,0.156,-0.743,0
103,House,15106,31,3,IA,200,R,0,1,"LIGHTFOOT, James Ross",L000305,1938,,0.391,-0.211,-306.3743,0.723,945,132,,0.361,0.107,0
103,House,29118,31,2,IA,200,R,0,1,"NUSSLE, James Allen",N000172,1960,,0.417,-0.178,-264.17248,0.76,964,115,,0.452,-0.344,0
103,House,8672,31,4,IA,100,D,0,1,"SMITH, Neal Edward",S000596,1920,2021,-0.313,0.174,-269.59725,0.748,929,126,,-0.365,0.486,0
103,House,15245,82,1,HI,100,D,0,1,"ABERCROMBIE, Neil",A000014,1938,,-0.432,-0.026,-153.65368,0.851,954,62,,-0.543,-0.327,1
103,House,10757,82,2,HI,100,D,0,1,"MINK, Patsy Takemoto",M000797,1927,2002,-0.513,-0.067,-188.16589,0.817,930,80,,-0.59,-0.093,0
103,House,29403,94,1,GU,100,D,,,"UNDERWOOD, Robert A.",U000014,1948,,,,,,,,,,,0
103,House,29339,44,2,GA,100,D,0,1,"BISHOP, Sanford Dixon, Jr.",B000490,1947,,-0.287,0.447,-184.95629,0.81895,926,69,,-0.381,0.452,0
103,House,29340,44,3,GA,200,R,0,1,"COLLINS, Michael Allen (Mac)",C000640,1944,2018,0.536,0.324,-242.95868,0.776,956,102,,0.467,0.228,0
103,House,15081,44,7,GA,100,D,0,1,"DARDEN, George (Buddy)",D000051,1943,,-0.161,0.691,-233.04269,0.784,956,104,,-0.261,0.474,0
103,House,29342,44,9,GA,100,D,0,1,"DEAL, John Nathan",D000168,1942,,-0.036,0.393,-363.83889,0.683,955,174,,-0.038,0.358,0
103,House,14627,44,6,GA,200,R,0,1,"GINGRICH, Newton Leroy",G000225,1943,,0.377,-0.257,-195.00487,0.806,903,75,,0.397,-0.076,0
103,House,29343,44,10,GA,100,D,0,1,"JOHNSON, Clete Donald, Jr. (Don)",J000120,1948,,-0.168,0.132,-253.07948,0.767,955,91,,-0.167,0.134,1
103,House,29338,44,1,GA,200,R,0,1,"KINGSTON, Jack",K000220,1955,,0.54,0.302,-268.03802,0.755,953,116,,0.423,0.419,0
103,House,15431,44,5,GA,100,D,0,1,"LEWIS, John R.",L000287,1940,2020,-0.589,-0.221,-120.92608,0.88083,953,52,,-0.551,-0.22,0
103,House,29341,44,4,GA,200,R,0,1,"LINDER, John Elmer",L000321,1942,,0.559,-0.008,-174.53936,0.834,962,80,,0.469,-0.12,0
103,House,29344,44,11,GA,100,D,0,1,"McKINNEY, Cynthia Ann",M000523,1955,,-0.533,-0.583,-143.52334,0.859,942,64,,-0.576,-0.285,0
103,House,15057,44,8,GA,100,D,0,1,"ROWLAND, James Roy, Jr.",R000481,1926,2022,-0.127,0.616,-262.11309,0.758,947,133,,-0.103,0.513,0
103,House,29112,43,15,FL,100,D,0,1,"BACCHUS, James",B000008,1949,,-0.236,-0.024,-266.17814,0.749,921,112,,-0.252,-0.063,0
103,House,15006,43,9,FL,200,R,0,1,"BILIRAKIS, Michael",B000463,1930,,0.382,-0.219,-237.92275,0.774,930,102,,0.328,-0.14,0
103,House,29328,43,3,FL,100,D,0,1,"BROWN, Corrine",B000911,1946,,-0.429,0.192,-176.55517,0.827,927,80,,-0.439,0.233,0
103,House,29332,43,12,FL,200,R,0,1,"CANADY, Charles Terrance",C000107,1954,,0.382,0.031,-202.77466,0.811,966,86,,0.396,-0.028,0
103,House,29335,43,20,FL,100,D,0,1,"DEUTSCH, Peter R.",D000275,1957,,-0.324,-0.115,-196.80664,0.814,958,80,,-0.28,-0.236,0
103,House,29336,43,21,FL,200,R,0,1,"DIAZ-BALART, Lincoln",D000299,1954,2025,0.243,-0.105,-490.18497,0.599,955,205,,0.184,-0.348,0
103,House,29329,43,4,FL,200,R,0,1,"FOWLER, Tillie Kidd",F000328,1942,2005,0.329,-0.209,-271.33526,0.749,940,124,,0.3,-0.313,1
103,House,10588,43,11,FL,100,D,0,1,"GIBBONS, Sam Melville",G000153,1920,2012,-0.233,0.17,-241.50895,0.766,906,105,,-0.352,0.198,0
103,House,15605,43,14,FL,200,R,0,1,"GOSS, Porter J.",G000336,1938,,0.421,-0.394,-204.30138,0.81,969,80,,0.435,-0.423,0
103,House,29337,43,23,FL,100,D,0,1,"HASTINGS, Alcee Lamar",H000324,1936,2021,-0.564,0.157,-128.6344,0.85738,836,59,,-0.626,0.229,0
103,House,14636,43,1,FL,100,D,0,1,"HUTTO, Earl Dewitt",H001018,1926,2020,-0.007,0.732,-292.72801,0.73,931,135,,0.011,0.727,1
103,House,15609,43,19,FL,100,D,0,1,"JOHNSTON, Harry A., II",J000187,1931,2021,-0.372,-0.376,-181.1538,0.82,915,73,,-0.403,-0.452,0
103,House,15035,43,16,FL,200,R,0,1,"LEWIS, Thomas F.",L000295,1924,2003,0.387,-0.324,-182.11703,0.814,885,75,,0.442,-0.146,0
103,House,14842,43,8,FL,200,R,0,1,"McCOLLUM, Ira William, Jr. (Bill)",M000350,1944,,0.377,-0.101,-255.64544,0.758,921,115,,0.381,0.089,0
103,House,29334,43,17,FL,100,D,0,1,"MEEK, Carrie P.",M000628,1926,2021,-0.483,0.12,-171.54644,0.829,913,81,,-0.568,0.392,0
103,House,29331,43,7,FL,200,R,0,1,"MICA, John L.",M000689,1943,,0.453,0.137,-221.716,0.793,956,98,,0.476,-0.02,0
103,House,29333,43,13,FL,200,R,0,1,"MILLER, Daniel",M000720,1942,,0.453,-0.494,-276.89334,0.748,955,111,,0.42,-0.334,0
103,House,29111,43,2,FL,100,D,0,1,"PETERSON, Douglas Brian (Pete)",P000259,1935,,-0.261,0.417,-172.2463,0.835,956,56,,-0.277,0.457,0
103,House,15634,43,18,FL,200,R,0,1,"ROS-LEHTINEN, Ileana",R000435,1952,,0.244,-0.225,-413.11928,0.64163,931,173,,0.209,-0.464,0
103,House,14860,43,22,FL,200,R,0,1,"SHAW, Eugene Clay, Jr.",S000303,1939,2013,0.3,-0.142,-238.84393,0.776,940,99,,0.311,-0.217,0
103,House,15627,43,6,FL,200,R,0,1,"STEARNS, Clifford Bundy",S000822,1941,,0.554,-0.075,-207.2693,0.805,955,92,,0.489,-0.024,0
103,House,29330,43,5,FL,100,D,0,1,"THURMAN, Karen L.",T000253,1951,,-0.304,0.273,-296.36286,0.735,961,130,,-0.22,0.249,0
103,House,13047,43,10,FL,200,R,0,1,"YOUNG, Charles William (Bill)",Y000031,1930,2013,0.325,-0.112,-269.52337,0.746,920,121,,0.32,-0.238,0
103,House,29327,11,1,DE,200,R,0,1,"CASTLE, Michael Newbold",C000243,1939,,0.229,-0.7,-273.24151,0.753,964,122,,0.249,-0.53,0
103,House,21993,55,0,DC,100,D,,,"NORTON, Eleanor Holmes",N000147,1937,,-0.491,-0.114,-59.74478,0.85052,369,24,,-0.547,-0.509,0
103,House,29109,1,3,CT,100,D,0,1,"DeLAURO, Rosa L.",D000216,1943,,-0.414,-0.107,-136.33658,0.86735,958,56,,-0.365,-0.159,0
103,House,29110,1,5,CT,200,R,0,1,"FRANKS, Gary A.",F000348,1953,,0.273,-0.519,-278.2324,0.747,956,130,,0.24,-0.636,0
103,House,14825,1,2,CT,100,D,0,1,"GEJDENSON, Samuel",G000120,1948,,-0.416,-0.486,-133.88606,0.869,951,51,,-0.442,-0.194,0
103,House,15028,1,6,CT,200,R,0,1,"JOHNSON, Nancy Lee",J000163,1935,,0.122,-0.513,-344.52452,0.693,940,156,,0.12,-0.819,0
103,House,14877,1,1,CT,100,D,0,1,"KENNELLY, Barbara Bailey",K000118,1936,,-0.346,-0.13,-146.69473,0.858,960,57,,-0.358,-0.114,0
103,House,15449,1,4,CT,200,R,0,1,"SHAYS, Christopher H.",S001144,1945,,0.129,-0.992,-301.98581,0.732,969,141,,0.109,-0.994,0
103,House,29108,62,4,CO,200,R,0,1,"ALLARD, A. Wayne",A000109,1943,,0.572,-0.121,-213.00346,0.802,964,88,,0.624,-0.264,0
103,House,15419,62,5,CO,200,R,0,1,"HEFLEY, Joel M.",H000444,1935,,0.591,0.13,-234.61,0.783,960,101,,0.53,-0.032,1
103,House,29326,62,3,CO,200,R,0,1,"McINNIS, Scott",M000477,1953,,0.391,-0.083,-338.89876,0.702,956,140,,0.3,-0.026,0
103,House,15058,62,6,CO,200,R,0,1,"SCHAEFER, Daniel",S000109,1936,2006,0.479,-0.123,-195.70986,0.813,944,90,,0.501,-0.087,0
103,House,14051,62,1,CO,100,D,0,1,"SCHROEDER, Patricia Scott",S000142,1940,2023,-0.225,-0.974,-354.50225,0.69,954,166,,-0.252,-0.968,1
103,House,15443,62,2,CO,100,D,0,1,"SKAGGS, David Evans",S000462,1943,,-0.355,-0.187,-214.1842,0.8,961,83,,-0.387,-0.164,0
103,House,29310,71,10,CA,200,R,0,1,"BAKER, William P.",B000078,1940,,0.533,0.024,-184.88151,0.824,953,71,,0.499,-0.083,0
103,House,29316,71,30,CA,100,D,0,1,"BECERRA, Xavier",B000287,1958,,-0.512,-0.283,-106.50133,0.88757,893,44,,-0.57,-0.41,0
103,House,14405,71,24,CA,100,D,0,1,"BEILENSON, Anthony Charles",B000318,1932,2017,-0.44,-0.605,-205.66542,0.805,947,80,,-0.416,-0.535,0
103,House,15005,71,26,CA,100,D,0,1,"BERMAN, Howard Lawrence",B000410,1941,,-0.404,-0.286,-120.26341,0.871,870,54,,-0.468,-0.278,0
103,House,10573,71,42,CA,100,D,0,1,"BROWN, George Edward, Jr.",B000918,1920,1999,-0.506,-0.028,-156.05511,0.829,830,60,,-0.492,-0.059,0
103,House,29323,71,43,CA,200,R,0,1,"CALVERT, Ken",C000059,1953,,0.339,0.276,-210.86527,0.79615,925,75,,0.335,-0.063,0
103,House,15635,71,18,CA,100,D,0,1,"CONDIT, Gary Adrian",C000670,1948,,-0.103,0.3,-569.1263,0.544,936,265,,-0.021,0.12,0
103,House,15601,71,47,CA,200,R,0,1,"COX, Charles Christopher",C000830,1952,,0.54,-0.236,-178.16509,0.822,907,71,,0.528,-0.179,0
103,House,29107,71,51,CA,200,R,0,1,"CUNNINGHAM, Randall (Duke)",C000994,1941,,0.411,0.001,-193.65373,0.815,949,74,,0.413,-0.082,1
103,House,13011,71,9,CA,100,D,0,1,"DELLUMS, Ronald V.",D000222,1935,2018,-0.644,-0.646,-92.98389,0.901,896,41,,-0.707,-0.396,1
103,House,14620,71,32,CA,100,D,0,1,"DIXON, Julian Carey",D000373,1934,2000,-0.458,-0.076,-131.91629,0.869,938,62,,-0.495,0.131,0
103,House,29105,71,20,CA,100,D,0,1,"DOOLEY, Calvin M.",D000424,1954,,-0.19,0.103,-301.53327,0.721,922,134,,-0.18,0.031,0
103,House,29104,71,4,CA,200,R,0,1,"DOOLITTLE, John Taylor",D000429,1950,,0.519,0.156,-162.04552,0.841,937,66,,0.621,-0.086,0
103,House,14414,71,46,CA,200,R,0,1,"DORNAN, Robert Kenneth",D000435,1933,,0.49,-0.111,-160.29943,0.836,896,64,,0.571,0.08,1
103,House,14813,71,28,CA,200,R,0,1,"DREIER, David Timothy",D000492,1952,,0.478,-0.084,-153.71738,0.849,940,61,,0.563,-0.209,0
103,House,10583,71,16,CA,100,D,0,1,"EDWARDS, William Donlon (Don)",E000064,1915,2015,-0.599,-0.419,-115.14162,0.883,926,50,,-0.593,-0.462,0
103,House,29312,71,14,CA,100,D,0,1,"ESHOO, Anna Georges",E000215,1942,,-0.379,-0.372,-134.4108,0.86973,963,52,,-0.412,-0.405,0
103,House,29313,71,17,CA,100,D,0,2,"FARR, Sam",F000030,1941,,-0.455,-0.219,-104.62281,0.87,749,47,,-0.449,-0.182,1
103,House,14624,71,3,CA,100,D,0,1,"FAZIO, Victor Herbert, Jr.",F000053,1942,2022,-0.455,0.36,-162.09772,0.844,958,68,,-0.432,0.34,0
103,House,29325,71,50,CA,100,D,0,1,"FILNER, Bob",F000116,1942,2025,-0.652,0.002,-177.66368,0.832,969,79,,-0.504,-0.441,0
103,House,15413,71,23,CA,200,R,0,1,"GALLEGLY, Elton W.",G000021,1944,,0.402,-0.1,-171.5833,0.83,921,72,,0.37,-0.092,0
103,House,29308,71,1,CA,100,D,0,1,"HAMBURG, Daniel",H000096,1948,,-0.555,-0.5,-129.08058,0.872,940,54,,-0.554,-0.469,0
103,House,29318,71,36,CA,100,D,0,1,"HARMAN, Jane L.",H000213,1945,,-0.262,-0.12,-250.59698,0.76,915,108,,-0.236,-0.257,1
103,House,15420,71,2,CA,200,R,0,1,"HERGER, Walter William (Wally)",H000528,1945,,0.551,0.117,-164.16096,0.838,931,71,,0.531,0.016,0
103,House,29320,71,38,CA,200,R,0,1,"HORN, John Stephen (Steve)",H000789,1931,2011,0.167,-0.651,-328.39374,0.703,932,150,,0.153,-0.696,0
103,House,29314,71,22,CA,200,R,0,1,"HUFFINGTON, Michael",H000912,1947,,0.332,-0.541,-264.78022,0.745,901,121,,0.334,-0.557,0
103,House,14835,71,52,CA,200,R,0,1,"HUNTER, Duncan Lee",H000981,1948,,0.47,0.02,-197.24936,0.806,913,92,,0.543,0.158,1
103,House,29322,71,41,CA,200,R,0,1,"KIM, Jay C.",K000181,1939,,0.39,-0.084,-196.06667,0.817,969,77,,0.413,-0.148,0
103,House,14837,71,12,CA,100,D,0,1,"LANTOS, Thomas Peter",L000090,1928,2008,-0.376,-0.033,-150.20427,0.849,917,67,,-0.336,-0.058,0
103,House,15032,71,19,CA,100,D,0,1,"LEHMAN, Richard Henry",L000225,1948,,-0.27,-0.036,-284.19453,0.728,896,108,,-0.176,0.086,0
103,House,14644,71,40,CA,200,R,0,1,"LEWIS, Charles Jeremy (Jerry)",L000274,1934,2021,0.348,-0.101,-393.11774,0.655,928,164,,0.282,-0.048,0
103,House,14879,71,31,CA,100,D,0,1,"MART√çNEZ, Matthew G.",M000206,1929,2011,-0.341,0.106,-179.89285,0.821,911,76,,-0.345,0.216,0
103,House,14649,71,5,CA,100,D,0,1,"MATSUI, Robert T.",M000249,1941,2005,-0.404,-0.03,-148.7596,0.851,924,72,,-0.461,0.126,0
103,House,15040,71,44,CA,200,R,0,1,"McCANDLESS, Alfred A.",M000306,1927,2017,0.474,-0.225,-247.8319,0.766,929,103,,0.402,-0.139,0
103,House,29315,71,25,CA,200,R,0,1,"McKEON, Howard P. (Buck)",M000508,1938,,0.396,0.208,-178.53526,0.827,938,57,,0.431,-0.007,0
103,House,14256,71,7,CA,100,D,0,1,"MILLER, George",M000725,1945,,-0.552,-0.398,-146.47501,0.849,897,60,,-0.487,-0.504,0
103,House,14257,71,15,CA,100,D,0,1,"MINETA, Norman Y.",M000794,1931,2022,-0.479,-0.01,-156.23929,0.848,948,66,,-0.504,0.086,0
103,House,14040,71,27,CA,200,R,0,1,"MOORHEAD, Carlos John",M000926,1922,2011,0.465,-0.119,-155.96354,0.851,964,64,,0.494,-0.093,0
103,House,15051,71,48,CA,200,R,0,1,"PACKARD, Ronald C.",P000005,1931,,0.419,0.152,-215.31303,0.784,886,92,,0.441,0.122,0
103,House,14444,71,17,CA,100,D,0,1,"PANETTA, Leon Edward",P000047,1938,,-0.258,-0.186,,,,,,-0.76,0.434,0
103,House,15448,71,8,CA,100,D,0,1,"PELOSI, Nancy",P000197,1940,,-0.489,-0.18,-121.61847,0.87477,909,52,,-0.602,-0.399,0
103,House,29311,71,11,CA,200,R,0,1,"POMBO, Richard William",P000419,1961,,0.461,0.469,-239.49731,0.775,939,130,,0.442,0.67,0
103,House,15621,71,45,CA,200,R,0,1,"ROHRABACHER, Dana",R000409,1947,,0.626,-0.417,-192.62975,0.81888,964,78,,0.667,-0.43,0
103,House,29317,71,33,CA,100,D,0,1,"ROYBAL-ALLARD, Lucille",R000486,1941,,-0.469,-0.171,-114.30711,0.88764,959,53,,-0.538,-0.22,0
103,House,29321,71,39,CA,200,R,0,1,"ROYCE, Edward Randall",R000487,1951,,0.657,-0.353,-161.24357,0.84283,943,73,,0.656,-0.46,0
103,House,29324,71,49,CA,100,D,0,1,"SCHENK, Lynn",S000119,1945,,-0.256,-0.297,-224.73975,0.791,958,86,,-0.254,-0.3,0
103,House,14053,71,13,CA,100,D,0,1,"STARK, Fortney Hillman (Pete), Jr.",S000810,1931,2020,-0.631,-0.605,-148.31481,0.85,910,64,,-0.594,-0.73,0
103,House,14669,71,21,CA,200,R,0,1,"THOMAS, William Marshall",T000188,1941,,0.371,-0.277,-239.36557,0.774,933,113,,0.318,-0.236,0
103,House,15070,71,34,CA,100,D,0,1,"TORRES, Esteban Edward",T000316,1930,2022,-0.487,0.012,-141.06465,0.853,890,63,,-0.509,0.178,0
103,House,29319,71,37,CA,100,D,0,1,"TUCKER, Walter R., III",T000405,1957,,-0.479,0.291,-151.1599,0.829,808,65,,-0.43,0.13,0
103,House,29106,71,35,CA,100,D,0,1,"WATERS, Maxine",W000187,1938,,-0.656,-0.094,-127.61907,0.871,924,57,,-0.678,-0.251,0
103,House,14280,71,29,CA,100,D,0,1,"WAXMAN, Henry Arnold",W000215,1939,,-0.473,-0.343,-121.57436,0.875,911,49,,-0.512,-0.423,0
103,House,29309,71,6,CA,100,D,0,1,"WOOLSEY, Lynn C.",W000738,1937,,-0.556,-0.529,-117.44931,0.885,957,44,,-0.503,-0.458,0
103,House,29303,61,1,AZ,100,D,0,1,"COPPERSMITH, Samuel G.",C000767,1955,,-0.238,-0.448,-258.06165,0.763,954,101,,-0.235,-0.43,0
103,House,29304,61,6,AZ,100,D,0,1,"ENGLISH, Karan",E000186,1949,,-0.298,-0.253,-178.4115,0.829,949,76,,-0.296,-0.262,0
103,House,15105,61,5,AZ,200,R,0,1,"KOLBE, James Thomas",K000306,1942,2022,0.351,-0.534,-325.02402,0.71,948,158,,0.302,-0.489,0
103,House,15429,61,4,AZ,200,R,0,1,"KYL, Jon Llewellyn",K000352,1942,,0.548,-0.413,-180.08259,0.82666,946,82,,0.455,-0.24,1
103,House,29101,61,2,AZ,100,D,0,1,"PASTOR, Ed",P000099,1943,2018,-0.421,0.12,-176.3125,0.832,958,78,,-0.428,0.13,0
103,House,14454,61,3,AZ,200,R,0,1,"STUMP, Robert Lee",S001044,1927,2003,0.703,0.203,-106.20624,0.896,969,40,,0.784,0.185,1
103,House,29401,93,1,AS,100,D,,,"FALEOMAVAEGA, Eni F. H.",F000010,1943,2017,,,,,,,,,,0
103,House,29307,42,4,AR,200,R,0,1,"DICKEY, Jay W., Jr.",D000312,1939,2017,0.391,0.22,-247.61012,0.768,940,94,,0.367,-0.011,0
103,House,29306,42,3,AR,200,R,0,1,"HUTCHINSON, Timothy",H001015,1949,,0.419,0.072,-209.51314,0.803,957,84,,0.405,0.129,0
103,House,29305,42,1,AR,100,D,0,1,"LINCOLN, Blanche Lambert",L000035,1960,,-0.166,0.178,-294.5015,0.735,958,137,,-0.169,0.03,0
103,House,14058,42,2,AR,100,D,0,1,"THORNTON, Raymond Hoyt (Ray), Jr.",T000243,1928,2016,-0.306,0.635,-163.94137,0.839,935,55,,-0.323,0.502,0
103,House,29301,41,6,AL,200,R,0,1,"BACHUS, Spencer T., III",B000013,1947,,0.387,0.228,-220.67882,0.792,946,81,,0.472,0.059,0
103,House,11000,41,4,AL,100,D,0,1,"BEVILL, Tom",B000431,1921,2005,-0.213,0.976,-188.84407,0.814,917,72,,-0.254,0.845,0
103,House,15632,41,3,AL,100,D,0,1,"BROWDER, John Glen",B000897,1943,,-0.165,0.826,-212.75516,0.799,948,88,,-0.169,0.846,1
103,House,15090,41,1,AL,200,R,0,1,"CALLAHAN, Herbert Leon (Sonny)",C000052,1932,2021,0.373,0.202,-250.02016,0.763,926,118,,0.457,0.342,0
103,House,29100,41,5,AL,100,D,0,1,"CRAMER, Robert E. (Bud), Jr.",C000868,1947,,-0.132,0.612,-226.08034,0.789,952,99,,-0.195,0.798,0
103,House,29300,41,2,AL,200,R,0,1,"EVERETT, Robert Terry",E000268,1937,2024,0.414,0.528,-252.86443,0.768,959,122,,0.381,0.423,1
103,House,29302,41,7,AL,100,D,0,1,"HILLIARD, Earl Frederick",H000621,1942,,-0.555,0.569,-185.88186,0.81,881,80,,-0.585,0.53,0
103,House,14066,81,1,AK,200,R,0,1,"YOUNG, Donald Edwin",Y000033,1933,2022,0.283,0.022,-351.08314,0.67611,897,139,,0.271,0.006,0
104,House,29584,68,1,WY,200,R,0,1,"CUBIN, Barbara L.",C000962,1946,,0.501,0.345,-138.77353,0.883,1112,54,,0.512,0.262,0
104,House,15083,56,1,WV,100,D,0,1,"MOLLOHAN, Alan Bowlby",M000844,1943,,-0.292,0.657,-417.12256,0.689,1121,199,,-0.321,0.775,0
104,House,14448,56,3,WV,100,D,0,1,"RAHALL, Nick Joe, II",R000011,1949,,-0.306,0.45,-503.68591,0.651,1173,251,,-0.294,0.263,0
104,House,15077,56,2,WV,100,D,0,1,"WISE, Robert Ellsworth, Jr.",W000654,1948,,-0.32,0.253,-319.78531,0.756,1142,149,,-0.357,0.304,0
104,House,39315,25,5,WI,100,D,0,1,"BARRETT, Thomas M.",B000177,1953,,-0.38,-0.507,-380.39555,0.722,1169,166,,-0.324,-0.579,0
104,House,14827,25,3,WI,200,R,0,1,"GUNDERSON, Steven Craig",G000524,1951,,0.203,-0.293,-313.82897,0.755,1117,144,,0.22,-0.342,0
104,House,15082,25,4,WI,100,D,0,1,"KLECZKA, Gerald Daniel",K000259,1943,2017,-0.322,-0.093,-413.07162,0.689,1108,184,,-0.266,-0.18,0
104,House,29150,25,2,WI,200,R,0,1,"KLUG, Scott L.",K000274,1953,,0.258,-0.713,-361.21078,0.734,1166,171,,0.344,-0.939,0
104,House,29583,25,1,WI,200,R,0,1,"NEUMANN, Mark W.",N000054,1954,,0.667,-0.431,-323.57915,0.755,1152,134,,0.702,-0.646,0
104,House,12036,25,7,WI,100,D,0,1,"OBEY, David Ross",O000007,1938,,-0.45,-0.063,-387.55251,0.716,1160,156,,-0.365,-0.064,0
104,House,14675,25,6,WI,200,R,0,1,"PETRI, Thomas Evert",P000265,1940,,0.379,-0.367,-389.80393,0.716,1166,172,,0.545,-0.722,0
104,House,14655,25,8,WI,200,R,0,1,"ROTH, Toby A.",R000459,1938,,0.351,-0.21,-291.72557,0.77,1114,131,,0.467,-0.203,0
104,House,14657,25,9,WI,200,R,0,1,"SENSENBRENNER, Frank James, Jr.",S000244,1943,,0.638,-0.579,-351.80324,0.74126,1175,165,,0.725,-0.688,0
104,House,14413,73,6,WA,100,D,0,1,"DICKS, Norman DeValois",D000327,1940,,-0.312,0.11,-349.8227,0.734,1129,150,,-0.339,0.244,0
104,House,39312,73,8,WA,200,R,0,1,"DUNN, Jennifer Blackburn",D000549,1941,2007,0.384,-0.261,-182.42577,0.852,1135,68,,0.38,-0.325,0
104,House,29580,73,4,WA,200,R,0,1,"HASTINGS, Richard Norman (Doc)",H000329,1941,,0.416,0.411,-109.72475,0.91,1161,41,,0.46,0.306,1
104,House,15613,73,7,WA,100,D,0,1,"McDERMOTT, James A.",M000404,1936,,-0.666,-0.197,-206.90301,0.835,1145,83,,-0.584,-0.384,0
104,House,29578,73,2,WA,200,R,0,1,"METCALF, Jack",M000669,1927,2007,0.384,-0.169,-318.04087,0.759,1154,135,,0.378,-0.252,0
104,House,29581,73,5,WA,200,R,0,1,"NETHERCUTT, George R., Jr.",N000051,1944,2024,0.357,0.08,-176.82556,0.858,1158,65,,0.364,-0.01,0
104,House,29579,73,3,WA,200,R,0,1,"SMITH, Linda",S000587,1950,,0.349,0.002,-227.86287,0.819,1140,107,,0.43,-0.157,0
104,House,29582,73,9,WA,200,R,0,1,"TATE, Randy J.",T000048,1965,,0.471,-0.076,-163.10654,0.87,1168,70,,0.476,-0.117,0
104,House,29577,73,1,WA,200,R,0,1,"WHITE, Richard Alan (Rick)",W000391,1953,,0.374,-0.446,-229.88813,0.82,1161,104,,0.407,-0.539,0
104,House,29147,6,1,VT,328,I,0,1,"SANDERS, Bernard",S000033,1941,,-0.543,-0.421,-228.0267,0.81985,1148,99,,-0.517,-0.454,0
104,House,15003,40,1,VA,200,R,0,1,"BATEMAN, Herbert Harvell",B000229,1928,2000,0.242,0.191,-224.25586,0.807,1048,81,,0.269,0.111,1
104,House,14802,40,7,VA,200,R,0,1,"BLILEY, Thomas Jerome, Jr.",B000556,1932,2023,0.382,-0.13,-154.84402,0.874,1148,57,,0.379,0.183,0
104,House,15010,40,9,VA,100,D,0,1,"BOUCHER, Frederick C.",B000657,1946,,-0.265,0.189,-416.71668,0.688,1113,177,,-0.253,0.1,0
104,House,29576,40,11,VA,200,R,0,1,"DAVIS, Thomas M., III",D000136,1949,,0.282,-0.404,-401.01157,0.708,1159,171,,0.159,-0.306,0
104,House,39308,40,6,VA,200,R,0,1,"GOODLATTE, Robert William",G000289,1952,,0.496,-0.002,-204.48692,0.84002,1173,87,,0.375,-0.091,0
104,House,29149,40,8,VA,100,D,0,1,"MORAN, James P.",M000933,1945,,-0.302,-0.203,-486.39585,0.65,1129,223,,-0.264,-0.101,0
104,House,15452,40,5,VA,100,D,0,1,"PAYNE, Lewis Franklin, Jr.",P000152,1945,,-0.148,0.418,-431.726,0.687,1149,209,,-0.166,0.327,0
104,House,15437,40,2,VA,100,D,0,1,"PICKETT, Owen Bradford",P000326,1930,2010,-0.149,0.555,-565.02686,0.614,1158,273,,-0.134,0.664,1
104,House,39307,40,3,VA,100,D,0,1,"SCOTT, Robert C.",S000185,1947,,-0.45,-0.003,-305.66384,0.76853,1161,134,,-0.448,0.237,0
104,House,15060,40,4,VA,100,D,0,1,"SISISKY, Norman",S000453,1927,2001,-0.122,0.453,-398.6065,0.693,1089,180,,-0.103,0.518,1
104,House,14869,40,10,VA,200,R,0,1,"WOLF, Frank Rudolph",W000672,1939,,0.284,-0.213,-328.50135,0.754,1163,130,,0.253,-0.22,0
104,House,29575,67,2,UT,200,R,0,1,"GREENE WALDHOLTZ, Enid",G000408,1958,,0.416,-0.123,-146.70667,0.875,1103,60,,0.421,-0.163,0
104,House,14829,67,1,UT,200,R,0,1,"HANSEN, James Vear",H000172,1932,2018,0.496,0.143,-154.96869,0.872,1136,67,,0.454,0.16,1
104,House,29146,67,3,UT,100,D,0,1,"ORTON, William",O000108,1948,2009,-0.086,0.483,-533.49533,0.633,1168,257,,-0.174,0.614,0
104,House,13002,49,7,TX,200,R,0,1,"ARCHER, William Reynolds, Jr.",A000215,1928,,0.496,0.2,-140.85856,0.884,1146,66,,0.535,-0.05,0
104,House,15125,49,26,TX,200,R,0,1,"ARMEY, Richard Keith",A000217,1940,,0.635,-0.089,-129.37978,0.894,1154,54,,0.571,-0.037,0
104,House,15085,49,6,TX,200,R,0,1,"BARTON, Joe Linus",B000213,1949,,0.528,0.047,-252.51031,0.80022,1133,85,,0.581,0.108,0
104,House,29574,49,25,TX,100,D,0,1,"BENTSEN, Kenneth E., Jr.",B000400,1959,,-0.292,0.116,-362.10863,0.733,1168,155,,-0.303,0.205,0
104,House,39302,49,23,TX,200,R,0,1,"BONILLA, Henry",B000617,1954,,0.4,0.136,-196.56315,0.844,1155,74,,0.359,0.065,0
104,House,15013,49,5,TX,100,D,0,1,"BRYANT, John Wiley",B000997,1947,,-0.358,0.135,-276.03517,0.769,1053,109,,-0.414,0.01,0
104,House,15129,49,1,TX,100,D,0,1,"CHAPMAN, Jim",C000312,1945,,-0.198,0.657,-388.62607,0.664,949,191,,-0.208,0.502,0
104,House,15018,49,16,TX,100,D,0,1,"COLEMAN, Ronald D'Emory",C000621,1941,,-0.402,0.548,-299.9004,0.763,1110,122,,-0.448,0.42,0
104,House,15093,49,19,TX,200,R,0,1,"COMBEST, Larry Ed",C000653,1945,,0.458,0.555,-154.36821,0.877,1175,59,,0.523,0.462,0
104,House,10716,49,15,TX,100,D,0,1,"de la GARZA, Eligio, II (Kika)",D000203,1927,2017,-0.255,0.757,-344.32273,0.717,1035,150,,-0.28,0.833,0
104,House,15094,49,22,TX,200,R,0,1,"DeLAY, Thomas Dale",D000217,1947,,0.593,0.059,-147.5187,0.88,1149,71,,0.538,0.166,0
104,House,29571,49,10,TX,100,D,0,1,"DOGGETT, Lloyd Alton, II",D000399,1946,,-0.403,-0.33,-319.34373,0.7606,1167,129,,-0.329,-0.336,0
104,House,29144,49,11,TX,100,D,0,1,"EDWARDS, Thomas Chester (Chet)",E000063,1951,,-0.226,0.5,-386.0152,0.711,1134,186,,-0.233,0.586,1
104,House,14822,49,8,TX,200,R,0,1,"FIELDS, Jack Milton, Jr.",F000111,1952,,0.541,-0.128,-120.84814,0.889,1030,44,,0.451,0.2,0
104,House,14626,49,24,TX,100,D,0,1,"FROST, Jonas Martin",F000392,1942,,-0.316,0.354,-289.99844,0.767,1095,112,,-0.34,0.391,0
104,House,15636,49,12,TX,100,D,0,1,"GEREN, Preston M. (Pete)",G000134,1952,,-0.032,0.729,-490.47537,0.652,1147,225,,-0.01,0.81,1
104,House,10520,49,20,TX,100,D,0,1,"GONZ√ÅLEZ, Henry B.",G000272,1916,2000,-0.538,0.558,-394.89233,0.703,1121,174,,-0.386,0.351,0
104,House,39304,49,29,TX,100,D,0,1,"GREEN, Raymond Eugene (Gene)",G000410,1947,,-0.324,0.453,-407.94439,0.69153,1106,178,,-0.358,0.302,0
104,House,14828,49,4,TX,100,D,0,1,"HALL, Ralph Moody",H000067,1923,2019,0.096,0.995,-398.16941,0.713,1175,174,,0.093,0.996,0
104,House,29573,49,18,TX,100,D,0,1,"JACKSON LEE, Sheila",J000032,1950,,-0.459,0.121,-233.52255,0.81477,1140,93,,-0.429,0.063,0
104,House,39305,49,30,TX,100,D,0,1,"JOHNSON, Eddie Bernice",J000126,1934,2023,-0.485,0.198,-250.81401,0.80435,1152,113,,-0.496,0.399,0
104,House,29143,49,3,TX,200,R,0,1,"JOHNSON, Sam",J000174,1930,2020,0.61,0.277,-146.01979,0.88143,1157,59,,0.642,0.193,0
104,House,15611,49,14,TX,100,D,0,1,"LAUGHLIN, Gregory H.",L000119,1942,,-0.097,0.858,-119.53822,0.713,353,54,,-0.001,1,0
104,House,95611,49,14,TX,200,R,0,2,"LAUGHLIN, Gregory H.",L000119,1942,,0.462,0.564,-79.79245,0.9,757,30,,0.462,0.523,0
104,House,15049,49,27,TX,100,D,0,1,"ORTIZ, Solomon P.",O000107,1937,,-0.272,0.712,-362.69522,0.723,1117,153,,-0.256,0.893,1
104,House,15445,49,21,TX,200,R,0,1,"SMITH, Lamar Seeligson",S000583,1947,,0.425,0.061,-131.67573,0.89019,1132,51,,0.387,0.072,0
104,House,14664,49,17,TX,100,D,0,1,"STENHOLM, Charles Walter",S000851,1938,2023,0.019,1,-474.01844,0.665,1164,208,,-0.079,0.997,0
104,House,29570,49,9,TX,200,R,0,1,"STOCKMAN, Steve",S000937,1956,,0.899,-0.438,-326.40357,0.745,1107,127,,0.991,-0.136,0
104,House,39303,49,28,TX,100,D,0,1,"TEJEDA, Frank",T000113,1945,1997,-0.277,0.961,-331.21934,0.743,1116,136,,-0.257,0.81,1
104,House,29572,49,13,TX,200,R,0,1,"THORNBERRY, William McClellan (Mac)",T000238,1958,,0.525,0.313,-116.30622,0.9056,1173,40,,0.568,0.337,1
104,House,14062,49,2,TX,100,D,0,1,"WILSON, Charles",W000570,1933,2010,-0.196,0.474,-395.19851,0.661,953,188,,-0.179,0.375,0
104,House,29569,54,7,TN,200,R,0,1,"BRYANT, Ed",B000996,1948,,0.442,0.25,-121.07153,0.901,1160,45,,0.469,0.286,0
104,House,15450,54,5,TN,100,D,0,1,"CLEMENT, Robert Nelson",C000503,1943,,-0.216,0.327,-387.5081,0.715,1156,168,,-0.228,0.306,0
104,House,15455,54,2,TN,200,R,0,1,"DUNCAN, John J., Jr.",D000533,1947,,0.604,-0.476,-587.13076,0.60439,1166,206,,0.224,-0.15,0
104,House,14224,54,9,TN,100,D,0,1,"FORD, Harold Eugene",F000261,1945,,-0.438,-0.064,-249.80884,0.775,982,92,,-0.419,-0.15,0
104,House,15100,54,6,TN,100,D,0,1,"GORDON, Barton Jennings",G000309,1949,,-0.204,0.286,-466.72927,0.672,1172,210,,-0.177,0.198,0
104,House,29568,54,4,TN,200,R,0,1,"HILLEARY, Van",H000615,1959,,0.543,0.449,-239.62893,0.814,1166,98,,0.536,0.082,1
104,House,10616,54,1,TN,200,R,0,1,"QUILLEN, James Henry",Q000013,1916,2003,0.246,0.23,-180.35773,0.847,1090,73,,0.311,0.352,0
104,House,15628,54,8,TN,100,D,0,1,"TANNER, John S.",T000038,1944,,-0.182,0.648,-445.04921,0.678,1144,204,,-0.163,0.668,1
104,House,29567,54,3,TN,200,R,0,1,"WAMP, Zachary Paul",W000119,1957,,0.428,0.072,-217.65635,0.83,1168,95,,0.392,-0.063,0
104,House,15425,37,1,SD,100,D,0,1,"JOHNSON, Timothy Peter (Tim)",J000177,1946,2024,-0.25,0.143,-419.3208,0.695,1154,195,,-0.266,0.09,0
104,House,39301,48,6,SC,100,D,0,1,"CLYBURN, James Enos",C000537,1940,,-0.466,0.246,-262.10697,0.79682,1154,121,,-0.539,0.477,0
104,House,29566,48,3,SC,200,R,0,1,"GRAHAM, Lindsey O.",G000359,1955,,0.366,-0.277,-235.78817,0.8152,1154,94,,0.411,0.05,0
104,House,39300,48,4,SC,200,R,0,1,"INGLIS, Robert Durden",I000023,1959,,0.518,-0.058,-194.30575,0.847,1166,89,,0.583,-0.282,0
104,House,29565,48,1,SC,200,R,0,1,"SANFORD, Mark",S000051,1960,,0.686,-0.728,-356.16369,0.73794,1172,169,,0.627,-0.779,0
104,House,13042,48,2,SC,200,R,0,1,"SPENCE, Floyd Davidson",S000718,1928,2001,0.32,0.185,-139.19303,0.887,1158,56,,0.367,0.244,1
104,House,15064,48,5,SC,100,D,0,1,"SPRATT, John McKee, Jr.",S000749,1942,2024,-0.256,0.255,-354.31282,0.736,1154,142,,-0.253,0.182,1
104,House,29564,5,1,RI,100,D,0,1,"KENNEDY, Patrick Joseph",K000113,1967,,-0.409,-0.062,-342.9766,0.741,1144,160,,-0.384,-0.015,1
104,House,29142,5,2,RI,100,D,0,1,"REED, John F. (Jack)",R000122,1949,,-0.362,-0.166,-294.24504,0.77831,1174,120,,-0.351,-0.262,0
104,House,15008,14,3,PA,100,D,0,1,"BORSKI, Robert Anthony, Jr.",B000644,1948,,-0.416,0.406,-345.09694,0.74,1147,168,,-0.379,0.213,0
104,House,14612,14,5,PA,200,R,0,1,"CLINGER, William Floyd, Jr.",C000523,1929,2021,0.176,-0.221,-264.5129,0.79,1123,103,,0.245,-0.039,0
104,House,14808,14,14,PA,100,D,0,1,"COYNE, William Joseph",C000846,1936,2013,-0.494,-0.119,-232.90942,0.819,1163,84,,-0.503,-0.264,0
104,House,29561,14,18,PA,100,D,0,1,"DOYLE, Michael F.",D000482,1953,,-0.331,0.099,-512.12864,0.64502,1168,270,,-0.247,0.339,0
104,House,29563,14,21,PA,200,R,0,1,"ENGLISH, Philip Sheridan",E000187,1956,,0.251,0.053,-328.52908,0.753,1158,128,,0.226,-0.198,0
104,House,29559,14,2,PA,100,D,0,1,"FATTAH, Chaka",F000043,1956,,-0.472,-0.054,-193.34373,0.837,1088,71,,-0.592,-0.264,0
104,House,14823,14,1,PA,100,D,0,1,"FOGLIETTA, Thomas Michael",F000235,1928,2004,-0.506,-0.057,-217.76861,0.822,1114,92,,-0.554,-0.084,0
104,House,29560,14,13,PA,200,R,0,1,"FOX, Jon D.",F000332,1947,2018,0.199,-0.368,-376.76365,0.723,1164,167,,0.201,-0.447,0
104,House,15026,14,17,PA,200,R,0,1,"GEKAS, George William",G000121,1930,2021,0.426,-0.295,-186.47708,0.85,1151,79,,0.353,-0.024,0
104,House,14288,14,19,PA,200,R,0,1,"GOODLING, William Franklin",G000291,1927,2017,0.336,-0.494,-252.3369,0.801,1136,108,,0.286,-0.157,0
104,House,29397,14,8,PA,200,R,0,1,"GREENWOOD, James Charles",G000439,1951,,0.225,-0.632,-259.40795,0.796,1139,99,,0.235,-0.633,0
104,House,29396,14,6,PA,100,D,0,1,"HOLDEN, Thomas Timothy (Tim)",H000712,1957,,-0.233,0.608,-414.46741,0.699,1158,192,,-0.244,0.562,1
104,House,15104,14,11,PA,100,D,0,1,"KANJORSKI, Paul E.",K000008,1937,,-0.303,0.364,-436.71323,0.688,1169,209,,-0.33,0.335,0
104,House,29395,14,4,PA,100,D,0,1,"KLINK, Ronald",K000270,1951,,-0.31,0.526,-432.83274,0.689,1164,207,,-0.31,0.481,0
104,House,29562,14,20,PA,100,D,0,1,"MASCARA, Frank R.",M000212,1930,2011,-0.271,0.467,-357.5594,0.737,1172,163,,-0.298,0.459,0
104,House,10607,14,10,PA,200,R,0,1,"McDADE, Joseph Michael",M000399,1931,2017,0.093,-0.355,-297.23978,0.721,910,127,,0.216,-0.04,0
104,House,29399,14,15,PA,100,D,0,1,"McHALE, Paul F., Jr.",M000466,1950,,-0.242,-0.002,-441.78215,0.687,1176,192,,-0.258,0.032,1
104,House,14072,14,12,PA,100,D,0,1,"MURTHA, John Patrick, Jr.",M001120,1932,2010,-0.265,0.569,-459.15792,0.667,1133,208,,-0.231,0.556,0
104,House,14052,14,9,PA,200,R,0,1,"SHUSTER, E. G. (Bud)",S000394,1932,2023,0.416,0.144,-168.67669,0.863,1146,70,,0.393,0.151,0
104,House,14461,14,16,PA,200,R,0,1,"WALKER, Robert Smith",W000068,1942,,0.581,-0.639,-204.10925,0.839,1161,81,,0.533,-0.14,0
104,House,15447,14,7,PA,200,R,0,1,"WELDON, Wayne Curtis (Curt)",W000268,1947,,0.232,-0.324,-236.61691,0.798,1049,96,,0.239,-0.365,1
104,House,29588,72,3,OR,100,D,0,2,"BLUMENAUER, Earl",B000574,1948,,-0.426,-0.626,-51.39656,0.77729,204,20,,-0.382,-0.401,0
104,House,29558,72,5,OR,200,R,0,1,"BUNN, Jim",B001063,1956,,0.178,-0.018,-376.1993,0.724,1165,155,,0.179,-0.05,0
104,House,29557,72,2,OR,200,R,0,1,"COOLEY, Wes",C000737,1932,2015,0.861,0.118,-272.02339,0.792,1167,118,,0.861,0.087,0
104,House,15410,72,4,OR,100,D,0,1,"DeFAZIO, Peter Anthony",D000191,1947,,-0.427,-0.002,-422.08033,0.69034,1139,178,,-0.382,-0.294,0
104,House,29394,72,1,OR,100,D,0,1,"FURSE, Elizabeth",F000434,1936,2021,-0.457,-0.438,-259.78272,0.795,1133,107,,-0.397,-0.481,0
104,House,14871,72,3,OR,100,D,0,1,"WYDEN, Ronald Lee",W000779,1949,,-0.332,-0.486,-197.60463,0.7787,790,80,,-0.333,-0.354,0
104,House,29138,53,3,OK,100,D,0,1,"BREWSTER, William K.",B000817,1941,2022,-0.08,0.688,-423.344,0.689,1137,193,,-0.034,0.817,0
104,House,29555,53,2,OK,200,R,0,1,"COBURN, Thomas Allen",C000560,1948,2020,0.782,0.055,-329.31972,0.749,1138,115,,0.888,0.341,0
104,House,29392,53,5,OK,200,R,0,1,"ISTOOK, Ernest James, Jr.",I000047,1950,,0.492,0.129,-182.72498,0.85,1128,62,,0.56,0.168,0
104,House,29554,53,1,OK,200,R,0,1,"LARGENT, Steve",L000096,1954,,0.617,-0.033,-160.53657,0.867,1122,63,,0.667,-0.07,0
104,House,29393,53,6,OK,200,R,0,1,"LUCAS, Frank D.",L000491,1960,,0.361,0.452,-111.79847,0.90872,1168,40,,0.39,0.415,0
104,House,29556,53,4,OK,200,R,0,1,"WATTS, Julius Caesar, Jr. (J. C.)",W000210,1957,,0.406,0.286,-179.94767,0.85,1106,68,,0.361,0.348,1
104,House,29137,24,8,OH,200,R,0,1,"BOEHNER, John Andrew",B000589,1949,,0.513,0.04,-115.70312,0.904,1151,41,,0.466,0.152,0
104,House,29389,24,13,OH,100,D,0,1,"BROWN, Sherrod",B000944,1952,,-0.425,-0.097,-285.73738,0.78083,1155,123,,-0.384,-0.346,0
104,House,29550,24,1,OH,200,R,0,1,"CHABOT, Steve",C000266,1953,,0.542,-0.137,-277.01429,0.78838,1165,114,,0.602,-0.497,0
104,House,29551,24,6,OH,200,R,0,1,"CREMEANS, Frank",C000903,1943,2003,0.385,0.03,-149.58607,0.88,1165,64,,0.388,-0.003,0
104,House,15604,24,5,OH,200,R,0,1,"GILLMOR, Paul Eugene",G000210,1939,2007,0.254,0.106,-290.23832,0.775,1141,113,,0.31,-0.059,0
104,House,14632,24,3,OH,100,D,0,1,"HALL, Tony Patrick",H000074,1942,,-0.28,0.155,-387.14417,0.695,1063,178,,-0.315,0.269,0
104,House,29136,24,7,OH,200,R,0,1,"HOBSON, David Lee",H000666,1936,2024,0.315,-0.229,-210.20068,0.835,1165,85,,0.298,-0.276,0
104,House,29388,24,10,OH,200,R,0,1,"HOKE, Martin R.",H000707,1952,,0.338,-0.244,-247.41916,0.804,1137,105,,0.381,-0.33,0
104,House,15029,24,9,OH,100,D,0,1,"KAPTUR, Marcia Carolyn (Marcy)",K000009,1946,,-0.343,0.133,-361.58132,0.72388,1119,163,,-0.328,0.124,0
104,House,15030,24,12,OH,200,R,0,1,"KASICH, John Richard",K000016,1952,,0.314,0.013,-205.78354,0.836,1147,98,,0.475,-0.373,1
104,House,29553,24,19,OH,200,R,0,1,"LaTOURETTE, Steven C.",L000553,1954,2016,0.211,-0.063,-232.38541,0.818,1158,90,,0.227,-0.153,0
104,House,29552,24,18,OH,200,R,0,1,"NEY, Robert William",N000081,1954,,0.269,0.116,-284.2007,0.784,1168,114,,0.256,0.004,0
104,House,14875,24,4,OH,200,R,0,1,"OXLEY, Michael Garver",O000163,1944,2016,0.382,-0.093,-159.78031,0.869,1134,62,,0.349,0.102,0
104,House,29386,24,2,OH,200,R,0,1,"PORTMAN, Robert Jones (Rob)",P000449,1955,,0.371,-0.208,-217.91644,0.82792,1154,97,,0.371,-0.325,0
104,House,29390,24,15,OH,200,R,0,1,"PRYCE, Deborah D.",P000555,1951,,0.32,-0.329,-193.40155,0.842,1125,90,,0.324,-0.431,0
104,House,14045,24,16,OH,200,R,0,1,"REGULA, Ralph Straus",R000141,1924,2017,0.221,-0.223,-234.24757,0.819,1172,99,,0.242,-0.153,0
104,House,15442,24,14,OH,100,D,0,1,"SAWYER, Thomas Charles",S000094,1945,2023,-0.377,-0.114,-272.35502,0.791,1164,112,,-0.35,-0.12,0
104,House,12030,24,11,OH,100,D,0,1,"STOKES, Louis",S000948,1925,2015,-0.578,-0.312,-168.11318,0.85,1036,64,,-0.537,-0.26,0
104,House,15121,24,17,OH,100,D,0,1,"TRAFICANT, James A., Jr.",T000350,1941,2014,-0.082,0.071,-688.26225,0.556,1172,352,,-0.094,0.216,0
104,House,15000,13,5,NY,100,D,0,1,"ACKERMAN, Gary Leonard",A000022,1942,,-0.429,-0.165,-219.36696,0.819,1097,92,,-0.404,-0.079,0
104,House,15007,13,23,NY,200,R,0,1,"BOEHLERT, Sherwood Louis",B000586,1936,2021,0.103,-0.718,-349.40641,0.742,1171,165,,0.119,-0.645,0
104,House,15603,13,17,NY,100,D,0,1,"ENGEL, Eliot Lance",E000179,1947,,-0.408,-0.093,-245.32738,0.80714,1145,103,,-0.48,-0.22,0
104,House,15412,13,6,NY,100,D,0,1,"FLAKE, Floyd Harold",F000184,1945,,-0.455,-0.092,-233.07443,0.799,1039,98,,-0.458,-0.013,0
104,House,29542,13,1,NY,200,R,0,1,"FORBES, Michael Patrick",F000257,1952,,0.109,-0.112,-383.0807,0.715,1143,155,,0.157,-0.218,0
104,House,29543,13,4,NY,200,R,0,1,"FRISA, Dan",F000387,1955,,0.264,0.024,-219.08347,0.828,1162,94,,0.267,-0.009,0
104,House,14015,13,20,NY,200,R,0,1,"GILMAN, Benjamin Arthur",G000212,1922,2016,0.043,-0.425,-366.93671,0.729,1160,146,,0.124,-0.531,0
104,House,29380,13,26,NY,100,D,0,1,"HINCHEY, Maurice Dunlea",H000627,1938,2017,-0.575,-0.007,-198.71577,0.841,1150,88,,-0.578,-0.133,0
104,House,15423,13,31,NY,200,R,0,1,"HOUGHTON, Amory, Jr.",H000814,1926,2020,0.154,-0.281,-350.62757,0.728,1103,140,,0.161,-0.325,0
104,House,29544,13,19,NY,200,R,0,1,"KELLY, Sue W.",K000078,1936,,0.231,-0.564,-251.28628,0.807,1171,103,,0.244,-0.56,0
104,House,29375,13,3,NY,200,R,0,1,"KING, Peter T.",K000210,1944,,0.259,-0.03,-309.64688,0.76642,1164,130,,0.242,-0.096,0
104,House,14248,13,29,NY,100,D,0,1,"LaFALCE, John Joseph",L000556,1939,2025,-0.357,0.112,-372.20391,0.717,1120,180,,-0.43,0.314,0
104,House,29374,13,2,NY,200,R,0,1,"LAZIO, Enrico A. (Rick)",L000155,1958,,0.216,-0.588,-276.55791,0.789,1165,109,,0.229,-0.642,0
104,House,15612,13,18,NY,100,D,0,1,"LOWEY, Nita M.",L000480,1937,2025,-0.389,-0.152,-211.80599,0.83219,1153,71,,-0.398,-0.429,0
104,House,29379,13,14,NY,100,D,0,1,"MALONEY, Carolyn Bosher",M000087,1946,,-0.387,-0.285,-208.04726,0.83238,1134,73,,-0.418,-0.456,0
104,House,15107,13,7,NY,100,D,0,1,"MANTON, Thomas J.",M000117,1932,2006,-0.361,0.382,-340.21698,0.742,1140,146,,-0.348,0.37,0
104,House,39316,13,24,NY,200,R,0,1,"McHUGH, John Michael",M000472,1948,,0.225,-0.063,-247.21947,0.805,1142,104,,0.225,-0.033,1
104,House,15614,13,21,NY,100,D,0,1,"McNULTY, Michael Robert",M000590,1947,,-0.369,0.369,-567.52179,0.601,1113,280,,-0.247,0.302,0
104,House,15639,13,13,NY,200,R,0,1,"MOLINARI, Susan",M000843,1958,,0.256,-0.5,-239.5862,0.804,1101,91,,0.313,-0.412,0
104,House,29377,13,8,NY,100,D,0,1,"NADLER, Jerrold Lewis",N000002,1947,,-0.507,-0.478,-183.46034,0.85147,1141,71,,-0.538,-0.76,0
104,House,15050,13,11,NY,100,D,0,1,"OWENS, Major Robert Odell",O000159,1936,2013,-0.569,-0.516,-161.71247,0.865,1118,66,,-0.63,-0.617,0
104,House,15618,13,27,NY,200,R,0,1,"PAXON, L. William",P000148,1954,,0.472,-0.167,-118.54938,0.901,1134,36,,0.506,0.107,0
104,House,29381,13,30,NY,200,R,0,1,"QUINN, John Francis (Jack)",Q000016,1951,,0.198,-0.223,-309.70025,0.759,1121,130,,0.159,-0.241,0
104,House,13035,13,15,NY,100,D,0,1,"RANGEL, Charles B.",R000053,1930,,-0.514,-0.341,-188.55736,0.839,1072,73,,-0.541,-0.413,0
104,House,14858,13,9,NY,100,D,0,1,"SCHUMER, Charles Ellis (Chuck)",S000148,1950,,-0.355,-0.419,-290.89811,0.76909,1108,119,,-0.321,-0.461,0
104,House,29134,13,16,NY,100,D,0,1,"SERRANO, Jos√© E.",S000248,1943,,-0.491,-0.377,-196.39344,0.84098,1134,85,,-0.502,-0.288,0
104,House,15444,13,28,NY,100,D,0,1,"SLAUGHTER, Louise McIntosh",S000480,1929,2018,-0.465,-0.104,-239.52944,0.81168,1148,97,,-0.454,-0.264,0
104,House,14662,13,22,NY,200,R,0,1,"SOLOMON, Gerald Brooks Hunt",S000675,1930,2001,0.492,-0.333,-176.52763,0.856,1136,74,,0.469,0.022,0
104,House,15072,13,10,NY,100,D,0,1,"TOWNS, Edolphus",T000326,1934,,-0.519,-0.132,-214.24352,0.818,1066,91,,-0.514,-0.15,0
104,House,29378,13,12,NY,100,D,0,1,"VEL√ÅZQUEZ, Nydia M.",V000081,1953,,-0.547,-0.367,-165.84444,0.86282,1124,67,,-0.609,-0.541,0
104,House,15630,13,25,NY,200,R,0,1,"WALSH, James T.",W000099,1947,,0.208,-0.19,-261.03415,0.798,1154,107,,0.185,-0.047,0
104,House,29537,65,1,NV,200,R,0,1,"ENSIGN, John Eric",E000194,1958,,0.508,-0.464,-460.50744,0.672,1157,174,,0.301,-0.334,0
104,House,15075,65,2,NV,200,R,0,1,"VUCANOVICH, Barbara Farrell",V000124,1921,2013,0.441,-0.109,-181.1693,0.855,1154,81,,0.361,0.289,0
104,House,15055,66,3,NM,100,D,0,1,"RICHARDSON, Bill",R000229,1947,2023,-0.321,0.227,-321.53268,0.75,1118,142,,-0.343,0.249,0
104,House,15624,66,1,NM,200,R,0,1,"SCHIFF, Steven Harvey",S000125,1947,1998,0.196,-0.261,-279.91791,0.781,1131,126,,0.18,-0.255,0
104,House,14861,66,2,NM,200,R,0,1,"SKEEN, Joseph Richard",S000463,1927,2003,0.301,0.034,-180.11938,0.857,1171,64,,0.284,0.169,0
104,House,29132,12,1,NJ,100,D,0,1,"ANDREWS, Robert Ernest",A000210,1957,,-0.297,-0.119,-567.8646,0.596,1097,253,,-0.198,-0.308,0
104,House,29371,12,7,NJ,200,R,0,1,"FRANKS, Robert Douglas",F000349,1951,2010,0.259,-0.836,-283.60169,0.784,1167,126,,0.249,-0.873,0
104,House,29541,12,11,NJ,200,R,0,1,"FRELINGHUYSEN, Rodney P.",F000372,1946,,0.292,-0.262,-312.61861,0.76465,1165,143,,0.294,-0.698,0
104,House,29539,12,2,NJ,200,R,0,1,"LoBIONDO, Frank A.",L000554,1946,,0.211,-0.224,-376.22881,0.72482,1169,181,,0.235,-0.523,0
104,House,29540,12,8,NJ,200,R,0,1,"MARTINI, William J.",M000207,1947,,0.19,-0.788,-289.57938,0.78,1166,127,,0.19,-0.788,0
104,House,29373,12,13,NJ,100,D,0,1,"MENENDEZ, Robert",M000639,1954,,-0.366,-0.126,-370.59082,0.72411,1148,157,,-0.337,-0.288,0
104,House,15454,12,6,NJ,100,D,0,1,"PALLONE, Frank, Jr.",P000034,1951,,-0.402,-0.161,-354.62837,0.73948,1175,166,,-0.336,-0.262,0
104,House,15619,12,10,NJ,100,D,0,1,"PAYNE, Donald Milford",P000149,1934,2012,-0.592,-0.547,-155.94826,0.873,1147,60,,-0.637,-0.403,0
104,House,14855,12,5,NJ,200,R,0,1,"ROUKEMA, Margaret Scafati",R000465,1929,2014,0.162,-0.701,-396.98918,0.702,1124,185,,0.125,-0.848,0
104,House,15112,12,3,NJ,200,R,0,1,"SAXTON, Hugh James",S000097,1943,,0.238,-0.378,-261.94913,0.797,1157,114,,0.287,-0.389,1
104,House,14863,12,4,NJ,200,R,0,1,"SMITH, Christopher Henry",S000522,1953,,0.181,-0.172,-343.37907,0.7409,1145,143,,0.177,-0.273,0
104,House,15071,12,9,NJ,100,D,0,1,"TORRICELLI, Robert Guy",T000317,1951,,-0.262,-0.118,-408.8556,0.674,1038,191,,-0.268,-0.259,0
104,House,29133,12,12,NJ,200,R,0,1,"ZIMMER, Richard",Z000008,1944,,0.27,-0.963,-418.10364,0.696,1152,184,,0.228,-0.974,0
104,House,29538,4,2,NH,200,R,0,1,"BASS, Charles Foster",B000220,1952,,0.331,-0.556,-202.1366,0.841,1165,84,,0.377,-0.565,0
104,House,29130,4,1,NH,200,R,0,1,"ZELIFF, William H., Jr.",Z000004,1936,2021,0.438,-0.461,-175.24031,0.858,1141,73,,0.431,-0.369,0
104,House,29129,35,3,NE,200,R,0,1,"BARRETT, William E.",B000179,1929,2016,0.379,-0.073,-182.68535,0.855,1169,75,,0.346,0.133,0
104,House,14605,35,1,NE,200,R,0,1,"BEREUTER, Douglas Kent",B000403,1939,,0.231,-0.347,-333.20412,0.752,1168,150,,0.222,-0.31,0
104,House,29536,35,2,NE,200,R,0,1,"CHRISTENSEN, Jon Lynn",C000377,1963,,0.521,-0.038,-190.87757,0.849,1163,75,,0.572,-0.064,0
104,House,29384,36,1,ND,100,D,0,1,"POMEROY, Earl Ralph, III",P000422,1952,,-0.266,0.339,-378.30645,0.72,1153,169,,-0.301,0.345,0
104,House,15402,47,10,NC,200,R,0,1,"BALLENGER, Cass",B000104,1926,2015,0.464,-0.145,-160.70454,0.871,1159,70,,0.432,0.043,0
104,House,29548,47,5,NC,200,R,0,1,"BURR, Richard M.",B001135,1955,,0.435,-0.07,-165.34885,0.86768,1165,71,,0.416,0.101,0
104,House,29382,47,1,NC,100,D,0,1,"CLAYTON, Eva M.",C000494,1934,,-0.459,-0.032,-228.72486,0.818,1139,91,,-0.479,0.098,0
104,House,15092,47,6,NC,200,R,0,1,"COBLE, Howard",C000556,1931,2015,0.52,-0.081,-276.28238,0.79,1174,109,,0.508,-0.141,0
104,House,29545,47,2,NC,200,R,0,1,"FUNDERBURK, David",F000426,1944,,0.545,0.449,-198.67447,0.843,1165,80,,0.543,0.397,0
104,House,14233,47,8,NC,100,D,0,1,"HEFNER, Willie Gathrel (Bill)",H000448,1930,2009,-0.264,0.609,-338.08032,0.737,1106,161,,-0.315,0.503,0
104,House,29547,47,4,NC,200,R,0,1,"HEINEMAN, Fred",H000452,1929,2010,0.296,0.126,-240.87016,0.81,1142,89,,0.301,0.066,0
104,House,29546,47,3,NC,200,R,0,1,"JONES, Walter Beaman, Jr.",J000255,1943,2019,0.244,-0.362,-322.80076,0.75817,1166,151,,0.43,0.429,1
104,House,29549,47,9,NC,200,R,0,1,"MYRICK, Sue",M001134,1941,,0.56,0.027,-149.53112,0.879,1162,55,,0.568,-0.111,0
104,House,14048,47,7,NC,100,D,0,1,"ROSE, Charles Grandison, III",R000436,1939,2012,-0.319,0.573,-427.23806,0.663,1040,197,,-0.267,0.35,0
104,House,29135,47,11,NC,200,R,0,1,"TAYLOR, Charles Hart",T000067,1941,,0.488,0.116,-173.46031,0.859,1141,72,,0.426,0.235,0
104,House,29383,47,12,NC,100,D,0,1,"WATT, Melvin L.",W000207,1945,,-0.526,-0.155,-261.59771,0.797,1154,109,,-0.6,-0.338,0
104,House,14672,64,1,MT,100,D,0,1,"WILLIAMS, John Patrick",W000520,1937,,-0.315,-0.138,-417.74598,0.67,1043,172,,-0.377,-0.037,0
104,House,11035,46,3,MS,100,D,0,1,"MONTGOMERY, Gillespie V. (Sonny)",M000865,1920,2006,0.017,1,-353.64182,0.734,1145,157,,-0.01,1,1
104,House,15617,46,4,MS,100,D,0,1,"PARKER, Michael (Mike)",P000066,1949,,0.034,0.758,-251.7488,0.689,677,117,,0.149,0.83,0
104,House,95617,46,4,MS,200,R,0,2,"PARKER, Michael (Mike)",P000066,1949,,0.341,0.239,-65.39071,0.866,454,21,,0.387,0.356,0
104,House,15637,46,5,MS,100,D,0,1,"TAYLOR, Gary Eugene (Gene)",T000074,1953,,-0.045,0.893,-667.20531,0.564,1166,305,,-0.064,0.765,1
104,House,29368,46,2,MS,100,D,0,1,"THOMPSON, Bennie",T000193,1948,,-0.519,0.391,-233.50464,0.81624,1150,109,,-0.588,0.458,0
104,House,29534,46,1,MS,200,R,0,1,"WICKER, Roger F.",W000437,1951,,0.377,0.341,-130.52182,0.89367,1161,52,,0.399,0.379,0
104,House,12009,34,1,MO,100,D,0,1,"CLAY, William Lacy, Sr.",C000488,1931,,-0.49,-0.872,-242.15503,0.797,1070,105,,-0.634,-0.084,0
104,House,29370,34,6,MO,100,D,0,1,"DANNER, Patsy Ann (Pat)",D000046,1934,,-0.186,0.529,-519.29771,0.642,1170,255,,-0.205,0.509,0
104,House,14819,34,8,MO,200,R,0,1,"EMERSON, Norvell William (Bill)",E000174,1938,1996,0.332,-0.125,-140.12487,0.868,988,50,,0.366,0.389,0
104,House,14421,34,3,MO,100,D,0,1,"GEPHARDT, Richard Andrew",G000132,1941,,-0.416,0.245,-256.8364,0.788,1080,106,,-0.461,0.23,0
104,House,15606,34,7,MO,200,R,0,1,"HANCOCK, Melton D. (Mel)",H000151,1929,2011,0.79,-0.048,-185.15716,0.852,1153,74,,0.778,-0.104,0
104,House,29535,34,5,MO,100,D,0,1,"McCARTHY, Karen",M000316,1947,2010,-0.344,-0.225,-353.47155,0.736,1153,143,,-0.292,-0.224,0
104,House,14451,34,4,MO,100,D,0,1,"SKELTON, Isaac Newton, IV (Ike)",S000465,1931,2013,-0.172,0.724,-384.54365,0.718,1161,174,,-0.129,0.8,1
104,House,29369,34,2,MO,200,R,0,1,"TALENT, James Matthes",T000024,1956,,0.364,0.098,-167.0181,0.865,1153,69,,0.501,-0.125,1
104,House,14459,34,9,MO,100,D,0,1,"VOLKMER, Harold Lee",V000112,1931,2011,-0.196,0.329,-502.29103,0.62,1050,236,,-0.375,0.776,0
104,House,29532,33,1,MN,200,R,0,1,"GUTKNECHT, Gilbert W.",G000536,1951,,0.552,0.342,-334.76018,0.75,1162,125,,0.636,-0.331,0
104,House,29533,33,6,MN,100,D,0,1,"LUTHER, William Paul",L000521,1945,,-0.306,-0.381,-397.94127,0.712,1173,178,,-0.268,-0.515,0
104,House,29366,33,2,MN,100,D,0,1,"MINGE, David R.",M000795,1942,,-0.213,-0.131,-562.94253,0.616,1163,270,,-0.208,-0.078,0
104,House,14265,33,8,MN,100,D,0,1,"OBERSTAR, James Louis",O000006,1934,2014,-0.553,0.304,-324.795,0.752,1142,153,,-0.492,0.334,0
104,House,29127,33,7,MN,100,D,0,1,"PETERSON, Collin Clark",P000258,1944,,-0.148,0.712,-589.76387,0.59959,1153,279,,-0.111,0.439,0
104,House,29126,33,3,MN,200,R,0,1,"RAMSTAD, James (Jim)",R000033,1946,2020,0.316,-0.683,-308.67668,0.763,1143,147,,0.343,-0.939,0
104,House,14656,33,5,MN,100,D,0,1,"SABO, Martin Olav",S000005,1938,2016,-0.516,-0.317,-269.18928,0.793,1162,121,,-0.488,-0.145,0
104,House,14458,33,4,MN,100,D,0,1,"VENTO, Bruce Frank",V000087,1940,2000,-0.472,-0.376,-227.81499,0.822,1163,96,,-0.483,-0.423,0
104,House,29363,23,5,MI,100,D,0,1,"BARCIA, James A.",B000134,1952,,-0.184,0.547,-523.72926,0.637,1160,248,,-0.25,0.513,0
104,House,14407,23,10,MI,100,D,0,1,"BONIOR, David Edward",B000619,1945,,-0.547,-0.006,-240.55749,0.814,1169,96,,-0.543,0.218,0
104,House,29124,23,4,MI,200,R,0,1,"CAMP, David Lee",C000071,1953,,0.385,-0.048,-238.37344,0.815,1163,100,,0.376,-0.246,0
104,House,29530,23,8,MI,200,R,0,1,"CHRYSLER, Dick",C000385,1942,,0.488,-0.263,-176.82694,0.857,1148,73,,0.494,-0.303,0
104,House,29125,23,15,MI,100,D,0,1,"COLLINS, Barbara-Rose",C000633,1939,2021,-0.648,-0.164,-124.01729,0.877,947,63,,-0.669,-0.166,0
104,House,10713,23,14,MI,100,D,0,1,"CONYERS, John, Jr.",C000714,1929,2019,-0.658,-0.512,-153.53311,0.8706,1108,67,,-0.711,-0.655,0
104,House,2605,23,16,MI,100,D,0,1,"DINGELL, John David, Jr.",D000355,1926,2019,-0.448,0.313,-337.19429,0.742,1131,137,,-0.453,0.26,0
104,House,29362,23,3,MI,200,R,0,1,"EHLERS, Vernon James",E000092,1934,2017,0.316,-0.622,-361.79553,0.727,1135,181,,0.27,-0.567,0
104,House,29361,23,2,MI,200,R,0,1,"HOEKSTRA, Peter",H000676,1953,,0.516,-0.262,-297.64441,0.776,1172,132,,0.607,-0.615,0
104,House,14430,23,9,MI,100,D,0,1,"KILDEE, Dale Edward",K000172,1929,2021,-0.385,0.011,-334.16066,0.753,1176,132,,-0.383,0.213,0
104,House,29365,23,11,MI,200,R,0,1,"KNOLLENBERG, Joseph",K000288,1933,2018,0.366,-0.053,-198.54334,0.844,1174,75,,0.334,0.06,0
104,House,15033,23,12,MI,100,D,0,1,"LEVIN, Sander Martin",L000263,1931,,-0.379,-0.091,-275.15966,0.79011,1168,113,,-0.377,-0.123,0
104,House,29531,23,13,MI,100,D,0,1,"RIVERS, Lynn Nancy",R000281,1956,,-0.383,-0.453,-237.63518,0.816,1171,104,,-0.371,-0.373,0
104,House,29364,23,7,MI,200,R,0,1,"SMITH, Nick H.",S000597,1934,,0.505,-0.229,-305.87431,0.766,1146,128,,0.512,-0.449,0
104,House,29360,23,1,MI,100,D,0,1,"STUPAK, Bart T.",S001045,1952,,-0.396,0.701,-391.95661,0.713,1160,199,,-0.343,0.383,0
104,House,15446,23,6,MI,200,R,0,1,"UPTON, Frederick Stephen",U000031,1953,,0.32,-0.355,-347.45906,0.744,1175,160,,0.281,-0.63,0
104,House,29528,2,2,ME,100,D,0,1,"BALDACCI, John Elias",B000081,1955,,-0.333,-0.001,-328.1017,0.753,1159,142,,-0.311,0.002,0
104,House,29527,2,1,ME,200,R,0,1,"LONGLEY, James",L000431,1951,,0.253,-0.282,-286.55737,0.778,1139,116,,0.267,-0.345,1
104,House,29356,52,6,MD,200,R,0,1,"BARTLETT, Roscoe Gardner",B000208,1926,,0.493,-0.091,-158.52593,0.873,1168,67,,0.452,0.044,1
104,House,15408,52,3,MD,100,D,0,1,"CARDIN, Benjamin Louis",C000141,1943,,-0.32,-0.224,-329.4481,0.75072,1149,144,,-0.286,-0.312,0
104,House,29587,52,7,MD,100,D,0,2,"CUMMINGS, Elijah Eugene",C000984,1951,2019,-0.438,-0.148,-55.35208,0.8134,268,26,,-0.437,-0.288,0
104,House,29529,52,2,MD,200,R,0,1,"EHRLICH, Robert L., Jr.",E000093,1957,,0.36,-0.366,-238.89328,0.814,1164,111,,0.315,-0.345,0
104,House,29122,52,1,MD,200,R,0,1,"GILCHREST, Wayne Thomas",G000180,1946,,0.204,-0.563,-281.96793,0.786,1170,119,,0.227,-0.628,0
104,House,14873,52,5,MD,100,D,0,1,"HOYER, Steny Hamilton",H000874,1939,,-0.381,0.122,-322.57563,0.75522,1149,145,,-0.344,0.177,0
104,House,15433,52,7,MD,100,D,0,1,"MFUME, Kweisi",M000687,1948,,-0.44,-0.328,-139.65637,0.82522,727,57,,-0.504,-0.384,0
104,House,15434,52,8,MD,200,R,0,1,"MORELLA, Constance A.",M000941,1931,,-0.018,-0.893,-414.58914,0.695,1140,203,,0.057,-0.938,0
104,House,29355,52,4,MD,100,D,0,1,"WYNN, Albert Russell",W000784,1951,,-0.38,0.038,-281.2416,0.785,1159,119,,-0.437,0.083,0
104,House,29357,3,3,MA,200,R,0,1,"BLUTE, Peter I.",B000576,1956,,0.192,-0.463,-318.52991,0.76,1160,149,,0.182,-0.45,0
104,House,14824,3,4,MA,100,D,0,1,"FRANK, Barney",F000339,1940,,-0.499,-0.534,-352.10441,0.735,1142,125,,-0.431,-0.62,0
104,House,15427,3,8,MA,100,D,0,1,"KENNEDY, Joseph Patrick, II",K000110,1952,,-0.413,-0.453,-242.96837,0.808,1141,93,,-0.406,-0.394,0
104,House,14435,3,7,MA,100,D,0,1,"MARKEY, Edward John",M000133,1946,,-0.516,-0.469,-193.28538,0.84591,1155,74,,-0.467,-0.537,0
104,House,29358,3,5,MA,100,D,0,1,"MEEHAN, Martin Thomas",M000627,1956,,-0.39,-0.539,-305.67282,0.763,1132,124,,-0.329,-0.603,1
104,House,14039,3,9,MA,100,D,0,1,"MOAKLEY, John Joseph",M000834,1927,2001,-0.418,-0.054,-147.1238,0.824,759,55,,-0.415,-0.085,0
104,House,15616,3,2,MA,100,D,0,1,"NEAL, Richard Edmund",N000015,1949,,-0.417,-0.106,-294.71957,0.76953,1125,131,,-0.395,-0.062,0
104,House,29123,3,1,MA,100,D,0,1,"OLVER, John Walter",O000085,1936,2023,-0.577,-0.207,-186.26612,0.852,1162,78,,-0.499,-0.433,0
104,House,14055,3,10,MA,100,D,0,1,"STUDDS, Gerry Eastman",S001040,1937,2006,-0.444,-0.593,-157.0751,0.866,1091,52,,-0.471,-0.484,0
104,House,29359,3,6,MA,200,R,0,1,"TORKILDSEN, Peter Gerard",T000314,1958,,0.155,-0.7,-405.73691,0.701,1144,179,,0.125,-0.713,1
104,House,15401,45,6,LA,200,R,0,1,"BAKER, Richard Hugh",B000072,1948,,0.423,0.022,-154.16377,0.87,1105,57,,0.347,0.236,0
104,House,29354,45,4,LA,100,D,0,1,"FIELDS, Cleo",F000110,1962,,-0.455,0.087,-262.76861,0.76791,995,111,,-0.438,0.05,0
104,House,15418,45,7,LA,100,D,0,1,"HAYES, James Allison",H000390,1946,,-0.057,0.755,-278.8149,0.678,718,134,,-0.012,0.905,0
104,House,95418,45,7,LA,200,R,0,2,"HAYES, James Allison",H000390,1946,,0.336,0.351,-31.46477,0.877,240,11,,0.334,0.329,0
104,House,29120,45,2,LA,100,D,0,1,"JEFFERSON, William Jennings",J000070,1947,,-0.424,0.242,-256.98544,0.772,994,125,,-0.47,0.336,1
104,House,14469,45,1,LA,200,R,0,1,"LIVINGSTON, Robert Linlithgow, Jr.",L000371,1943,,0.326,0.109,-214.22058,0.829,1141,80,,0.332,0.193,0
104,House,15451,45,5,LA,200,R,0,1,"McCRERY, James O., III",M000388,1949,,0.362,0.08,-150.08922,0.876,1137,54,,0.345,0.227,0
104,House,14679,45,3,LA,100,D,0,1,"TAUZIN, Wilbert Joseph (Billy)",T000058,1943,,0.03,0.568,-152.89432,0.758,553,53,,0.084,0.856,0
104,House,94679,45,3,LA,200,R,0,2,"TAUZIN, Wilbert Joseph (Billy)",T000058,1943,,0.341,0.16,-91.39436,0.848,554,28,,0.315,0.337,0
104,House,29353,51,6,KY,100,D,0,1,"BAESLER, Henry Scott (Scotty)",B000028,1941,,-0.155,0.28,-454.62863,0.674,1154,204,,-0.144,0.282,0
104,House,15406,51,4,KY,200,R,0,1,"BUNNING, James Paul David",B001066,1931,2017,0.521,-0.049,-143.39985,0.884,1160,53,,0.53,0.328,0
104,House,29352,51,2,KY,200,R,0,1,"LEWIS, Ron",L000293,1946,,0.418,0.417,-136.33802,0.89,1173,53,,0.439,0.485,1
104,House,14854,51,5,KY,200,R,0,1,"ROGERS, Harold Dallas (Hal)",R000395,1937,,0.333,0.152,-167.34678,0.86291,1135,67,,0.318,0.304,0
104,House,29526,51,3,KY,100,D,0,1,"WARD, Michael Delavan",W000139,1951,,-0.349,0.089,-286.08136,0.779,1146,109,,-0.347,0.083,1
104,House,29525,51,1,KY,200,R,0,1,"WHITFIELD, Wayne Edward (Ed)",W000413,1943,,0.303,0.182,-291.5833,0.778,1161,105,,0.227,0.141,0
104,House,29523,32,2,KS,200,R,0,1,"BROWNBACK, Sam Dale",B000953,1956,,0.439,-0.306,-189.97872,0.846,1140,77,,0.502,-0.3,0
104,House,15109,32,3,KS,200,R,0,1,"MEYERS, Jan",M000684,1928,2019,0.208,-0.541,-328.94002,0.747,1128,140,,0.242,-0.676,0
104,House,14852,32,1,KS,200,R,0,1,"ROBERTS, Charles Patrick (Pat)",R000307,1936,,0.413,-0.09,-187.53334,0.84917,1147,73,,0.321,0.287,0
104,House,29524,32,4,KS,200,R,0,1,"TIAHRT, Todd",T000260,1951,,0.449,0.341,-227.10805,0.823,1164,92,,0.655,-0.032,1
104,House,15014,22,6,IN,200,R,0,1,"BURTON, Danny Lee",B001149,1938,,0.585,-0.026,-147.95241,0.88,1155,64,,0.563,0.132,0
104,House,29350,22,5,IN,200,R,0,1,"BUYER, Stephen Earle",B001203,1958,,0.435,0.192,-143.34307,0.882,1146,56,,0.365,0.133,1
104,House,10732,22,9,IN,100,D,0,1,"HAMILTON, Lee Herbert",H000114,1931,,-0.171,-0.053,-546.5863,0.628,1175,262,,-0.168,0.298,0
104,House,29520,22,8,IN,200,R,0,1,"HOSTETTLER, John Nathan",H000807,1961,,0.705,0.077,-214.81717,0.829,1148,90,,0.681,-0.036,1
104,House,10742,22,10,IN,100,D,0,1,"JACOBS, Andrew, Jr.",J000033,1932,2013,-0.07,-0.846,-886.21171,0.455,1125,431,,-0.18,-0.32,0
104,House,29518,22,2,IN,200,R,0,1,"McINTOSH, David Martin",M000481,1958,,0.576,0.008,-171.33519,0.859,1127,66,,0.563,0.178,0
104,House,11036,22,7,IN,200,R,0,1,"MYERS, John Thomas",M001130,1927,2015,0.236,0.254,-239.72815,0.806,1110,90,,0.349,0.424,0
104,House,29117,22,3,IN,100,D,0,1,"ROEMER, Timothy John",R000385,1956,,-0.165,0.229,-577.02184,0.612,1174,263,,-0.166,0.221,0
104,House,29519,22,4,IN,200,R,0,1,"SOUDER, Mark Edward",S001143,1950,2022,0.435,-0.011,-292.45462,0.776,1153,119,,0.721,-0.289,0
104,House,15124,22,1,IN,100,D,0,1,"VISCLOSKY, Peter",V000108,1949,,-0.402,0.244,-485.71353,0.6586,1163,224,,-0.328,0.09,0
104,House,14068,21,7,IL,100,D,0,1,"COLLINS, Cardiss",C000634,1931,2013,-0.552,-0.218,-141.10218,0.866,978,45,,-0.611,-0.401,0
104,House,15453,21,12,IL,100,D,0,1,"COSTELLO, Jerry Francis",C000794,1949,,-0.317,0.657,-444.62997,0.68,1152,222,,-0.287,0.45,0
104,House,12041,21,8,IL,200,R,0,1,"CRANE, Philip Miller",C000873,1930,2014,0.739,0.023,-184.95042,0.847,1115,78,,0.669,0.059,0
104,House,15021,21,20,IL,100,D,0,1,"DURBIN, Richard Joseph",D000563,1944,,-0.347,-0.306,-296.08374,0.76679,1115,130,,-0.404,-0.067,0
104,House,15023,21,17,IL,100,D,0,1,"EVANS, Lane Allen",E000250,1951,2014,-0.454,-0.181,-227.81932,0.823,1170,88,,-0.484,-0.248,1
104,House,29115,21,15,IL,200,R,0,1,"EWING, Thomas W.",E000282,1935,,0.361,-0.094,-166.08553,0.865,1149,66,,0.391,-0.019,0
104,House,15098,21,13,IL,200,R,0,1,"FAWELL, Harris W.",F000049,1929,2021,0.332,-0.616,-236.75104,0.816,1164,88,,0.34,-0.652,0
104,House,29515,21,5,IL,200,R,0,1,"FLANAGAN, Michael P.",F000187,1962,,0.254,-0.176,-274.90567,0.79,1164,105,,0.26,-0.214,0
104,House,29348,21,4,IL,100,D,0,1,"GUTI√âRREZ, Luis V.",G000535,1953,,-0.487,-0.26,-240.07563,0.80582,1112,97,,-0.486,-0.386,0
104,House,15417,21,14,IL,200,R,0,1,"HASTERT, John Dennis",H000323,1942,,0.443,-0.122,-134.72224,0.889,1143,45,,0.454,0.157,0
104,House,14239,21,6,IL,200,R,0,1,"HYDE, Henry John",H001022,1924,2007,0.312,-0.18,-200.99127,0.841,1162,74,,0.35,-0.05,0
104,House,29585,21,2,IL,100,D,0,2,"JACKSON, Jesse L., Jr.",J000283,1965,,-0.538,-0.513,-79.58534,0.821,404,37,,-0.522,-0.353,0
104,House,29517,21,18,IL,200,R,0,1,"LaHOOD, Ray H.",L000552,1945,,0.246,-0.076,-278.16218,0.788,1170,119,,0.282,-0.176,0
104,House,15036,21,3,IL,100,D,0,1,"LIPINSKI, William Oliver",L000342,1937,,-0.176,0.3,-512.86733,0.633,1120,258,,-0.205,0.273,0
104,House,29349,21,16,IL,200,R,0,1,"MANZULLO, Donald A.",M001138,1944,,0.51,0,-203.82139,0.839,1164,81,,0.517,-0.264,0
104,House,14677,21,10,IL,200,R,0,1,"PORTER, John Edward",P000444,1935,2022,0.217,-0.604,-297.88451,0.772,1150,127,,0.272,-0.779,0
104,House,15620,21,19,IL,100,D,0,1,"POSHARD, Glenn",P000452,1945,,-0.211,0.392,-483.42066,0.663,1176,229,,-0.232,0.449,0
104,House,29347,21,2,IL,100,D,0,1,"REYNOLDS, Mel",R000178,1952,,-0.489,-0.041,-62.93851,0.834,346,18,,-0.496,-0.04,0
104,House,29346,21,1,IL,100,D,0,1,"RUSH, Bobby L.",R000515,1946,,-0.479,-0.203,-194.29196,0.83395,1070,86,,-0.571,-0.261,0
104,House,29516,21,11,IL,200,R,0,1,"WELLER, Gerald C. (Jerry)",W000273,1957,,0.288,0.2,-286.02925,0.783,1168,101,,0.328,-0.098,0
104,House,10421,21,9,IL,100,D,0,1,"YATES, Sidney Richard",Y000013,1909,2000,-0.494,-0.494,-194.87709,0.822,994,75,,-0.566,-0.625,0
104,House,29514,63,1,ID,200,R,0,1,"CHENOWETH-HAGE, Helen P.",C000345,1938,2006,0.797,0.526,-232.4034,0.813,1121,95,,0.745,0.347,0
104,House,29345,63,2,ID,200,R,0,1,"CRAPO, Michael Dean",C000880,1951,,0.504,0.293,-154.44673,0.87504,1157,60,,0.515,0.202,0
104,House,29521,31,4,IA,200,R,0,1,"GANSKE, Greg",G000041,1949,,0.239,-0.3,-289.5967,0.779,1158,118,,0.334,-0.393,0
104,House,29522,31,5,IA,200,R,0,1,"LATHAM, Thomas",L000111,1948,,0.302,0.308,-202.62675,0.841,1170,79,,0.394,0.153,0
104,House,14432,31,1,IA,200,R,0,1,"LEACH, James Albert Smith",L000169,1942,2024,0.141,-0.79,-342.35793,0.744,1159,156,,0.155,-0.548,0
104,House,15106,31,3,IA,200,R,0,1,"LIGHTFOOT, James Ross",L000305,1938,,0.391,-0.211,-177.40936,0.858,1155,76,,0.319,0.263,0
104,House,29118,31,2,IA,200,R,0,1,"NUSSLE, James Allen",N000172,1960,,0.417,-0.178,-170.09605,0.864,1161,66,,0.437,-0.011,0
104,House,15245,82,1,HI,100,D,0,1,"ABERCROMBIE, Neil",A000014,1938,,-0.432,-0.026,-355.38804,0.731,1134,171,,-0.527,0.362,1
104,House,10757,82,2,HI,100,D,0,1,"MINK, Patsy Takemoto",M000797,1927,2002,-0.513,-0.067,-261.78097,0.799,1164,103,,-0.496,-0.085,0
104,House,29511,44,7,GA,200,R,0,1,"BARR, Bob",B000169,1948,,0.632,0.218,-137.84151,0.888,1165,59,,0.563,0.287,0
104,House,29339,44,2,GA,100,D,0,1,"BISHOP, Sanford Dixon, Jr.",B000490,1947,,-0.287,0.447,-373.52081,0.71534,1115,162,,-0.337,0.461,0
104,House,29512,44,8,GA,200,R,0,1,"CHAMBLISS, Saxby",C000286,1943,,0.423,0.205,-118.91207,0.903,1170,46,,0.397,0.378,1
104,House,29340,44,3,GA,200,R,0,1,"COLLINS, Michael Allen (Mac)",C000640,1944,2018,0.536,0.324,-123.18277,0.9,1166,59,,0.519,0.332,0
104,House,29342,44,9,GA,100,D,0,1,"DEAL, John Nathan",D000168,1942,,-0.036,0.393,-106.41152,0.672,268,44,,-0.027,0.539,0
104,House,99342,44,9,GA,200,R,0,2,"DEAL, John Nathan",D000168,1942,,0.581,0.139,-205.76039,0.797,905,86,,0.358,0.01,0
104,House,14627,44,6,GA,200,R,0,1,"GINGRICH, Newton Leroy",G000225,1943,,0.377,-0.257,-8.35422,0.918,98,1,,0.432,-0.083,0
104,House,29338,44,1,GA,200,R,0,1,"KINGSTON, Jack",K000220,1955,,0.54,0.302,-235.14218,0.817,1163,92,,0.369,-0.041,0
104,House,15431,44,5,GA,100,D,0,1,"LEWIS, John R.",L000287,1940,2020,-0.589,-0.221,-175.9718,0.85731,1143,78,,-0.61,-0.199,0
104,House,29341,44,4,GA,200,R,0,1,"LINDER, John Elmer",L000321,1942,,0.559,-0.008,-151.21905,0.878,1159,68,,0.441,0.018,0
104,House,29344,44,11,GA,100,D,0,1,"McKINNEY, Cynthia Ann",M000523,1955,,-0.533,-0.583,-186.33777,0.843,1091,84,,-0.552,-0.256,0
104,House,29513,44,10,GA,200,R,0,1,"NORWOOD, Charles W., Jr.",N000159,1941,2007,0.533,0.469,-114.97856,0.905,1148,46,,0.501,0.302,0
104,House,15006,43,9,FL,200,R,0,1,"BILIRAKIS, Michael",B000463,1930,,0.382,-0.219,-209.53877,0.835,1159,88,,0.345,-0.196,0
104,House,29328,43,3,FL,100,D,0,1,"BROWN, Corrine",B000911,1946,,-0.429,0.192,-247.87993,0.801,1120,105,,-0.475,0.251,0
104,House,29332,43,12,FL,200,R,0,1,"CANADY, Charles Terrance",C000107,1954,,0.382,0.031,-182.70306,0.855,1168,72,,0.348,-0.032,0
104,House,29335,43,20,FL,100,D,0,1,"DEUTSCH, Peter R.",D000275,1957,,-0.324,-0.115,-340.40547,0.743,1145,151,,-0.296,-0.188,0
104,House,29336,43,21,FL,200,R,0,1,"DIAZ-BALART, Lincoln",D000299,1954,2025,0.243,-0.105,-378.54374,0.721,1156,137,,0.165,-0.073,0
104,House,29510,43,16,FL,200,R,0,1,"FOLEY, Mark A.",F000238,1954,,0.311,-0.381,-247.25943,0.809,1165,106,,0.352,-0.474,0
104,House,29329,43,4,FL,200,R,0,1,"FOWLER, Tillie Kidd",F000328,1942,2005,0.329,-0.209,-208.25041,0.831,1122,83,,0.314,-0.26,1
104,House,10588,43,11,FL,100,D,0,1,"GIBBONS, Sam Melville",G000153,1920,2012,-0.233,0.17,-457.82537,0.632,999,208,,-0.435,0.015,0
104,House,15605,43,14,FL,200,R,0,1,"GOSS, Porter J.",G000336,1938,,0.421,-0.394,-207.42103,0.837,1165,84,,0.417,-0.477,0
104,House,29337,43,23,FL,100,D,0,1,"HASTINGS, Alcee Lamar",H000324,1936,2021,-0.564,0.157,-245.27615,0.80596,1137,118,,-0.599,0.31,0
104,House,15609,43,19,FL,100,D,0,1,"JOHNSTON, Harry A., II",J000187,1931,2021,-0.372,-0.376,-293.91807,0.76,1070,113,,-0.435,-0.524,0
104,House,14842,43,8,FL,200,R,0,1,"McCOLLUM, Ira William, Jr. (Bill)",M000350,1944,,0.377,-0.101,-186.86057,0.851,1156,76,,0.358,-0.037,0
104,House,29334,43,17,FL,100,D,0,1,"MEEK, Carrie P.",M000628,1926,2021,-0.483,0.12,-252.2904,0.794,1096,120,,-0.541,0.284,0
104,House,29331,43,7,FL,200,R,0,1,"MICA, John L.",M000689,1943,,0.453,0.137,-161.82894,0.87,1165,67,,0.46,-0.004,0
104,House,29333,43,13,FL,200,R,0,1,"MILLER, Daniel",M000720,1942,,0.453,-0.494,-193.84605,0.846,1162,75,,0.435,-0.488,0
104,House,29111,43,2,FL,100,D,0,1,"PETERSON, Douglas Brian (Pete)",P000259,1935,,-0.261,0.417,-322.95705,0.721,986,139,,-0.26,0.387,1
104,House,15634,43,18,FL,200,R,0,1,"ROS-LEHTINEN, Ileana",R000435,1952,,0.244,-0.225,-328.37201,0.74666,1124,126,,0.2,-0.238,0
104,House,39508,43,1,FL,200,R,0,1,"SCARBOROUGH, Charles Joseph",S000106,1963,,0.672,-0.433,-322.10359,0.749,1114,133,,0.88,-0.381,1
104,House,14860,43,22,FL,200,R,0,1,"SHAW, Eugene Clay, Jr.",S000303,1939,2013,0.3,-0.142,-205.73564,0.837,1155,92,,0.34,-0.435,0
104,House,15627,43,6,FL,200,R,0,1,"STEARNS, Clifford Bundy",S000822,1941,,0.554,-0.075,-212.13356,0.834,1171,88,,0.64,-0.12,0
104,House,29330,43,5,FL,100,D,0,1,"THURMAN, Karen L.",T000253,1951,,-0.304,0.273,-377.87037,0.717,1136,176,,-0.279,0.281,0
104,House,29509,43,15,FL,200,R,0,1,"WELDON, David Joseph",W000267,1953,,0.471,0.146,-158.79488,0.872,1164,68,,0.415,-0.013,0
104,House,13047,43,10,FL,200,R,0,1,"YOUNG, Charles William (Bill)",Y000031,1930,2013,0.325,-0.112,-176.59069,0.841,1023,75,,0.325,-0.174,0
104,House,29327,11,1,DE,200,R,0,1,"CASTLE, Michael Newbold",C000243,1939,,0.229,-0.7,-249.66585,0.809,1175,92,,0.221,-0.647,0
104,House,29109,1,3,CT,100,D,0,1,"DeLAURO, Rosa L.",D000216,1943,,-0.414,-0.107,-233.71941,0.81879,1169,95,,-0.382,-0.16,1
104,House,29110,1,5,CT,200,R,0,1,"FRANKS, Gary A.",F000348,1953,,0.273,-0.519,-280.22444,0.787,1171,108,,0.247,-0.404,0
104,House,14825,1,2,CT,100,D,0,1,"GEJDENSON, Samuel",G000120,1948,,-0.416,-0.486,-258.10027,0.798,1144,104,,-0.431,-0.105,0
104,House,15028,1,6,CT,200,R,0,1,"JOHNSON, Nancy Lee",J000163,1935,,0.122,-0.513,-374.75809,0.722,1149,161,,0.161,-0.588,0
104,House,14877,1,1,CT,100,D,0,1,"KENNELLY, Barbara Bailey",K000118,1936,,-0.346,-0.13,-299.04837,0.771,1152,126,,-0.322,-0.064,0
104,House,15449,1,4,CT,200,R,0,1,"SHAYS, Christopher H.",S001144,1945,,0.129,-0.992,-411.12622,0.705,1176,177,,0.145,-0.989,0
104,House,29108,62,4,CO,200,R,0,1,"ALLARD, A. Wayne",A000109,1943,,0.572,-0.121,-233.64796,0.816,1152,80,,0.57,-0.072,0
104,House,15419,62,5,CO,200,R,0,1,"HEFLEY, Joel M.",H000444,1935,,0.591,0.13,-372.88335,0.726,1167,129,,0.895,0.149,1
104,House,29326,62,3,CO,200,R,0,1,"McINNIS, Scott",M000477,1953,,0.391,-0.083,-225.21434,0.821,1141,98,,0.454,-0.349,0
104,House,15058,62,6,CO,200,R,0,1,"SCHAEFER, Daniel",S000109,1936,2006,0.479,-0.123,-157.02062,0.874,1166,67,,0.542,0.122,0
104,House,14051,62,1,CO,100,D,0,1,"SCHROEDER, Patricia Scott",S000142,1940,2023,-0.225,-0.974,-531.48232,0.626,1135,235,,-0.551,-0.46,1
104,House,15443,62,2,CO,100,D,0,1,"SKAGGS, David Evans",S000462,1943,,-0.355,-0.187,-324.52399,0.757,1164,151,,-0.363,-0.215,0
104,House,29310,71,10,CA,200,R,0,1,"BAKER, William P.",B000078,1940,,0.533,0.024,-158.02333,0.873,1163,66,,0.621,0.044,0
104,House,29316,71,30,CA,100,D,0,1,"BECERRA, Xavier",B000287,1958,,-0.512,-0.283,-169.45409,0.84693,1020,75,,-0.631,-0.403,0
104,House,14405,71,24,CA,100,D,0,1,"BEILENSON, Anthony Charles",B000318,1932,2017,-0.44,-0.605,-322.22108,0.758,1161,131,,-0.422,-0.834,0
104,House,15005,71,26,CA,100,D,0,1,"BERMAN, Howard Lawrence",B000410,1941,,-0.404,-0.286,-241.96983,0.799,1080,91,,-0.405,-0.344,0
104,House,29508,71,49,CA,200,R,0,1,"BILBRAY, Brian P.",B000461,1951,,0.392,-0.376,-285.90749,0.778,1139,136,,0.305,-0.483,0
104,House,29507,71,44,CA,200,R,0,1,"BONO, Sonny",B000622,1935,1998,0.375,0.001,-173.51035,0.857,1122,59,,0.371,-0.101,0
104,House,10573,71,42,CA,100,D,0,1,"BROWN, George Edward, Jr.",B000918,1920,1999,-0.506,-0.028,-230.3467,0.808,1083,97,,-0.501,-0.03,0
104,House,29323,71,43,CA,200,R,0,1,"CALVERT, Ken",C000059,1953,,0.339,0.276,-123.28556,0.89707,1135,46,,0.353,0.195,0
104,House,15600,71,15,CA,200,R,0,2,"CAMPBELL, Thomas J.",C000100,1952,,0.256,-0.907,-191.05431,0.622,402,97,,0.313,-0.95,0
104,House,15635,71,18,CA,100,D,0,1,"CONDIT, Gary Adrian",C000670,1948,,-0.103,0.3,-572.86275,0.607,1148,297,,-0.077,0.391,0
104,House,15601,71,47,CA,200,R,0,1,"COX, Charles Christopher",C000830,1952,,0.54,-0.236,-126.00894,0.893,1114,45,,0.617,-0.169,0
104,House,29107,71,51,CA,200,R,0,1,"CUNNINGHAM, Randall (Duke)",C000994,1941,,0.411,0.001,-162.74657,0.87,1165,71,,0.428,-0.109,1
104,House,13011,71,9,CA,100,D,0,1,"DELLUMS, Ronald V.",D000222,1935,2018,-0.644,-0.646,-141.41162,0.884,1148,58,,-0.661,-0.556,1
104,House,14620,71,32,CA,100,D,0,1,"DIXON, Julian Carey",D000373,1934,2000,-0.458,-0.076,-264.75063,0.794,1147,114,,-0.442,-0.023,0
104,House,29105,71,20,CA,100,D,0,1,"DOOLEY, Calvin M.",D000424,1954,,-0.19,0.103,-466.6077,0.663,1136,221,,-0.17,0.256,0
104,House,29104,71,4,CA,200,R,0,1,"DOOLITTLE, John Taylor",D000429,1950,,0.519,0.156,-138.36312,0.888,1162,53,,0.573,0.358,0
104,House,14414,71,46,CA,200,R,0,1,"DORNAN, Robert Kenneth",D000435,1933,,0.49,-0.111,-158.12659,0.866,1101,57,,0.522,0.12,1
104,House,14813,71,28,CA,200,R,0,1,"DREIER, David Timothy",D000492,1952,,0.478,-0.084,-116.46836,0.904,1160,38,,0.491,0.046,0
104,House,29312,71,14,CA,100,D,0,1,"ESHOO, Anna Georges",E000215,1942,,-0.379,-0.372,-245.68171,0.80972,1164,96,,-0.373,-0.4,0
104,House,29313,71,17,CA,100,D,0,1,"FARR, Sam",F000030,1941,,-0.455,-0.219,-250.75634,0.804,1151,99,,-0.395,-0.151,0
104,House,14624,71,3,CA,100,D,0,1,"FAZIO, Victor Herbert, Jr.",F000053,1942,2022,-0.455,0.36,-324.83839,0.749,1126,153,,-0.42,0.439,0
104,House,29325,71,50,CA,100,D,0,1,"FILNER, Bob",F000116,1942,2025,-0.652,0.002,-219.65979,0.821,1115,94,,-0.588,-0.053,0
104,House,15413,71,23,CA,200,R,0,1,"GALLEGLY, Elton W.",G000021,1944,,0.402,-0.1,-127.2439,0.891,1102,45,,0.377,-0.024,0
104,House,29318,71,36,CA,100,D,0,1,"HARMAN, Jane L.",H000213,1945,,-0.262,-0.12,-481.24057,0.633,1054,244,,-0.197,-0.048,1
104,House,15420,71,2,CA,200,R,0,1,"HERGER, Walter William (Wally)",H000528,1945,,0.551,0.117,-150.55299,0.878,1154,54,,0.572,0.277,0
104,House,29320,71,38,CA,200,R,0,1,"HORN, John Stephen (Steve)",H000789,1931,2011,0.167,-0.651,-334.1015,0.75,1163,150,,0.182,-0.637,0
104,House,14835,71,52,CA,200,R,0,1,"HUNTER, Duncan Lee",H000981,1948,,0.47,0.02,-172.43389,0.857,1116,73,,0.441,0.407,1
104,House,29322,71,41,CA,200,R,0,1,"KIM, Jay C.",K000181,1939,,0.39,-0.084,-135.96293,0.891,1176,52,,0.455,0.002,0
104,House,14837,71,12,CA,100,D,0,1,"LANTOS, Thomas Peter",L000090,1928,2008,-0.376,-0.033,-213.54633,0.821,1082,71,,-0.424,-0.174,0
104,House,14644,71,40,CA,200,R,0,1,"LEWIS, Charles Jeremy (Jerry)",L000274,1934,2021,0.348,-0.101,-236.8893,0.812,1135,94,,0.271,0.1,0
104,House,29504,71,16,CA,100,D,0,1,"LOFGREN, Zoe",L000397,1947,,-0.397,-0.404,-300.76897,0.76846,1142,109,,-0.412,-0.507,0
104,House,14879,71,31,CA,100,D,0,1,"MART√çNEZ, Matthew G.",M000206,1929,2011,-0.341,0.106,-467.04271,0.649,1080,189,,-0.383,0.161,0
104,House,14649,71,5,CA,100,D,0,1,"MATSUI, Robert T.",M000249,1941,2005,-0.404,-0.03,-274.6543,0.786,1143,108,,-0.403,0.095,0
104,House,29315,71,25,CA,200,R,0,1,"McKEON, Howard P. (Buck)",M000508,1938,,0.396,0.208,-134.69798,0.891,1167,52,,0.433,0.145,1
104,House,29586,71,37,CA,100,D,0,2,"MILLENDER-McDONALD, Juanita",M000714,1938,2007,-0.438,-0.16,-65.74794,0.786,273,28,,-0.505,0.008,0
104,House,14256,71,7,CA,100,D,0,1,"MILLER, George",M000725,1945,,-0.552,-0.398,-224.48596,0.817,1111,104,,-0.521,-0.448,0
104,House,14257,71,15,CA,100,D,0,1,"MINETA, Norman Y.",M000794,1931,2022,-0.479,-0.01,-132.44878,0.81,630,57,,-0.482,-0.111,0
104,House,14040,71,27,CA,200,R,0,1,"MOORHEAD, Carlos John",M000926,1922,2011,0.465,-0.119,-136.16871,0.889,1157,51,,0.441,0.072,0
104,House,15051,71,48,CA,200,R,0,1,"PACKARD, Ronald C.",P000005,1931,,0.419,0.152,-169.80307,0.864,1159,75,,0.374,0.16,0
104,House,15448,71,8,CA,100,D,0,1,"PELOSI, Nancy",P000197,1940,,-0.489,-0.18,-200.68969,0.83514,1114,75,,-0.483,-0.395,0
104,House,29311,71,11,CA,200,R,0,1,"POMBO, Richard William",P000419,1961,,0.461,0.469,-209.61191,0.834,1158,88,,0.66,0.603,0
104,House,29505,71,19,CA,200,R,0,1,"RADANOVICH, George P.",R000004,1955,,0.484,0.18,-144.25747,0.879,1118,56,,0.508,0.079,0
104,House,29103,71,1,CA,200,R,0,1,"RIGGS, Frank D.",R000252,1950,2023,0.333,-0.28,-225.16501,0.819,1128,101,,0.283,-0.131,0
104,House,15621,71,45,CA,200,R,0,1,"ROHRABACHER, Dana",R000409,1947,,0.626,-0.417,-239.47801,0.81491,1170,98,,0.702,-0.439,0
104,House,29317,71,33,CA,100,D,0,1,"ROYBAL-ALLARD, Lucille",R000486,1941,,-0.469,-0.171,-176.84425,0.8586,1160,67,,-0.53,-0.421,0
104,House,29321,71,39,CA,200,R,0,1,"ROYCE, Edward Randall",R000487,1951,,0.657,-0.353,-234.88377,0.81769,1167,106,,0.758,-0.555,0
104,House,29506,71,22,CA,200,R,0,1,"SEASTRAND, Andrea",S000213,1941,,0.536,0,-128.18693,0.894,1139,47,,0.538,-0.05,0
104,House,14053,71,13,CA,100,D,0,1,"STARK, Fortney Hillman (Pete), Jr.",S000810,1931,2020,-0.631,-0.605,-169.63105,0.851,1052,76,,-0.609,-0.745,0
104,House,14669,71,21,CA,200,R,0,1,"THOMAS, William Marshall",T000188,1941,,0.371,-0.277,-235.27016,0.817,1164,101,,0.314,-0.235,0
104,House,15070,71,34,CA,100,D,0,1,"TORRES, Esteban Edward",T000316,1930,2022,-0.487,0.012,-252.15535,0.793,1089,96,,-0.461,-0.067,0
104,House,29319,71,37,CA,100,D,0,1,"TUCKER, Walter R., III",T000405,1957,,-0.479,0.291,-129.62107,0.779,518,52,,-0.509,0.328,0
104,House,29106,71,35,CA,100,D,0,1,"WATERS, Maxine",W000187,1938,,-0.656,-0.094,-213.99071,0.82336,1101,86,,-0.681,-0.193,0
104,House,14280,71,29,CA,100,D,0,1,"WAXMAN, Henry Arnold",W000215,1939,,-0.473,-0.343,-198.6052,0.832,1081,81,,-0.486,-0.51,0
104,House,29309,71,6,CA,100,D,0,1,"WOOLSEY, Lynn C.",W000738,1937,,-0.556,-0.529,-192.68934,0.848,1165,81,,-0.481,-0.41,0
104,House,29502,61,6,AZ,200,R,0,1,"HAYWORTH, John D., Jr.",H000413,1958,,0.559,-0.018,-155.27815,0.876,1174,62,,0.545,-0.104,0
104,House,15105,61,5,AZ,200,R,0,1,"KOLBE, James Thomas",K000306,1942,2022,0.351,-0.534,-273.00951,0.791,1166,121,,0.365,-0.55,0
104,House,29101,61,2,AZ,100,D,0,1,"PASTOR, Ed",P000099,1943,2018,-0.421,0.12,-308.39102,0.766,1155,125,,-0.43,0.149,0
104,House,29500,61,1,AZ,200,R,0,1,"SALMON, Matthew James",S000018,1958,,0.673,-0.272,-183.69785,0.854,1165,69,,0.63,-0.23,0
104,House,29501,61,4,AZ,200,R,0,1,"SHADEGG, John B.",S000275,1949,,0.749,0.008,-182.32074,0.856,1170,71,,0.742,-0.009,0
104,House,14454,61,3,AZ,200,R,0,1,"STUMP, Robert Lee",S001044,1927,2003,0.703,0.203,-174.08674,0.862,1174,71,,0.744,0.325,1
104,House,29307,42,4,AR,200,R,0,1,"DICKEY, Jay W., Jr.",D000312,1939,2017,0.391,0.22,-135.68612,0.885,1113,52,,0.413,0.266,0
104,House,29306,42,3,AR,200,R,0,1,"HUTCHINSON, Timothy",H001015,1949,,0.419,0.072,-183.95565,0.853,1159,74,,0.406,0.018,0
104,House,29305,42,1,AR,100,D,0,1,"LINCOLN, Blanche Lambert",L000035,1960,,-0.166,0.178,-475.18329,0.611,966,227,,-0.167,0.203,0
104,House,14058,42,2,AR,100,D,0,1,"THORNTON, Raymond Hoyt (Ray), Jr.",T000243,1928,2016,-0.306,0.635,-374.27015,0.71,1092,166,,-0.293,0.425,0
104,House,29301,41,6,AL,200,R,0,1,"BACHUS, Spencer T., III",B000013,1947,,0.387,0.228,-168.01838,0.865,1156,63,,0.373,0.114,0
104,House,11000,41,4,AL,100,D,0,1,"BEVILL, Tom",B000431,1921,2005,-0.213,0.976,-368.06915,0.722,1129,152,,-0.196,0.719,0
104,House,15632,41,3,AL,100,D,0,1,"BROWDER, John Glen",B000897,1943,,-0.165,0.826,-335.94095,0.743,1130,136,,-0.162,0.792,1
104,House,15090,41,1,AL,200,R,0,1,"CALLAHAN, Herbert Leon (Sonny)",C000052,1932,2021,0.373,0.202,-159.83386,0.869,1139,67,,0.36,0.365,0
104,House,29100,41,5,AL,100,D,0,1,"CRAMER, Robert E. (Bud), Jr.",C000868,1947,,-0.132,0.612,-384.87664,0.718,1163,157,,-0.145,0.66,0
104,House,29300,41,2,AL,200,R,0,1,"EVERETT, Robert Terry",E000268,1937,2024,0.414,0.528,-182.00891,0.855,1164,78,,0.407,0.65,1
104,House,29302,41,7,AL,100,D,0,1,"HILLIARD, Earl Frederick",H000621,1942,,-0.555,0.569,-313.02522,0.755,1116,137,,-0.563,0.555,0
104,House,14066,81,1,AK,200,R,0,1,"YOUNG, Donald Edwin",Y000033,1933,2022,0.283,0.022,-205.47811,0.82453,1065,77,,0.273,0.227,0
105,House,29584,68,1,WY,200,R,0,1,"CUBIN, Barbara L.",C000962,1946,,0.501,0.345,-146.1532,0.836,818,62,,0.541,0.193,0
105,House,15083,56,1,WV,100,D,0,1,"MOLLOHAN, Alan Bowlby",M000844,1943,,-0.292,0.657,-344.70834,0.679,890,159,,-0.261,0.514,0
105,House,14448,56,3,WV,100,D,0,1,"RAHALL, Nick Joe, II",R000011,1949,,-0.306,0.45,-406.61965,0.645,928,185,,-0.285,0.396,0
105,House,15077,56,2,WV,100,D,0,1,"WISE, Robert Ellsworth, Jr.",W000654,1948,,-0.32,0.253,-237.0349,0.77,905,110,,-0.311,0.15,0
105,House,39315,25,5,WI,100,D,0,1,"BARRETT, Thomas M.",B000177,1953,,-0.38,-0.507,-286.35976,0.738,944,133,,-0.438,-0.366,0
105,House,29770,25,8,WI,100,D,0,1,"JOHNSON, Jay W.",J000149,1943,2009,-0.321,0.114,-280.30327,0.741,934,132,,-0.323,0.145,0
105,House,29769,25,3,WI,100,D,0,1,"KIND, Ron",K000188,1963,,-0.26,-0.08,-301.31528,0.72526,938,147,,-0.304,-0.306,0
105,House,15082,25,4,WI,100,D,0,1,"KLECZKA, Gerald Daniel",K000259,1943,2017,-0.322,-0.093,-316.72465,0.711,930,139,,-0.275,-0.006,0
105,House,29150,25,2,WI,200,R,0,1,"KLUG, Scott L.",K000274,1953,,0.258,-0.713,-265.13912,0.744,898,137,,0.369,-0.786,0
105,House,29583,25,1,WI,200,R,0,1,"NEUMANN, Mark W.",N000054,1954,,0.667,-0.431,-308.63542,0.71,903,120,,0.647,-0.314,0
105,House,12036,25,7,WI,100,D,0,1,"OBEY, David Ross",O000007,1938,,-0.45,-0.063,-324.52235,0.703,920,155,,-0.471,0.033,0
105,House,14675,25,6,WI,200,R,0,1,"PETRI, Thomas Evert",P000265,1940,,0.379,-0.367,-352.25035,0.687,939,159,,0.488,-0.585,0
105,House,14657,25,9,WI,200,R,0,1,"SENSENBRENNER, Frank James, Jr.",S000244,1943,,0.638,-0.579,-305.38655,0.71984,929,154,,0.726,-0.688,0
105,House,14413,73,6,WA,100,D,0,1,"DICKS, Norman DeValois",D000327,1940,,-0.312,0.11,-264.56249,0.751,926,111,,-0.286,-0.034,0
105,House,39312,73,8,WA,200,R,0,1,"DUNN, Jennifer Blackburn",D000549,1941,2007,0.384,-0.261,-159.72966,0.842,930,65,,0.42,-0.153,0
105,House,29580,73,4,WA,200,R,0,1,"HASTINGS, Richard Norman (Doc)",H000329,1941,,0.416,0.411,-121.81517,0.877,932,45,,0.47,0.206,0
105,House,15613,73,7,WA,100,D,0,1,"McDERMOTT, James A.",M000404,1936,,-0.666,-0.197,-193.07916,0.807,899,78,,-0.732,-0.291,0
105,House,29578,73,2,WA,200,R,0,1,"METCALF, Jack",M000669,1927,2007,0.384,-0.169,-254.48113,0.76,929,119,,0.328,-0.117,0
105,House,29581,73,5,WA,200,R,0,1,"NETHERCUTT, George R., Jr.",N000051,1944,2024,0.357,0.08,-165.20746,0.837,929,60,,0.404,0.052,0
105,House,29768,73,9,WA,100,D,0,1,"SMITH, Adam",S000510,1965,,-0.291,-0.166,-282.96505,0.73742,929,132,,-0.281,-0.085,1
105,House,29579,73,3,WA,200,R,0,1,"SMITH, Linda",S000587,1950,,0.349,0.002,-238.97516,0.769,910,107,,0.299,0.089,0
105,House,29577,73,1,WA,200,R,0,1,"WHITE, Richard Alan (Rick)",W000391,1953,,0.374,-0.446,-194.51246,0.808,911,88,,0.357,-0.398,0
105,House,29147,6,1,VT,328,I,0,1,"SANDERS, Bernard",S000033,1941,,-0.543,-0.421,-218.42751,0.78784,916,102,,-0.473,-0.437,0
105,House,15003,40,1,VA,200,R,0,1,"BATEMAN, Herbert Harvell",B000229,1928,2000,0.242,0.191,-169.72667,0.821,860,69,,0.275,0.061,1
105,House,14802,40,7,VA,200,R,0,1,"BLILEY, Thomas Jerome, Jr.",B000556,1932,2023,0.382,-0.13,-151.59315,0.849,928,64,,0.378,0.022,0
105,House,15010,40,9,VA,100,D,0,1,"BOUCHER, Frederick C.",B000657,1946,,-0.265,0.189,-265.72323,0.741,885,107,,-0.253,0.036,0
105,House,29576,40,11,VA,200,R,0,1,"DAVIS, Thomas M., III",D000136,1949,,0.282,-0.404,-248.20421,0.766,931,112,,0.235,-0.349,0
105,House,29767,40,5,VA,100,D,0,1,"GOODE, Virgil H., Jr.",G000280,1946,,0.118,0.993,-381.08968,0.664,930,163,,0.08,0.997,0
105,House,39308,40,6,VA,200,R,0,1,"GOODLATTE, Robert William",G000289,1952,,0.496,-0.002,-176.64981,0.82917,943,67,,0.41,0.039,0
105,House,29149,40,8,VA,100,D,0,1,"MORAN, James P.",M000933,1945,,-0.302,-0.203,-378.71692,0.659,907,173,,-0.264,-0.25,0
105,House,15437,40,2,VA,100,D,0,1,"PICKETT, Owen Bradford",P000326,1930,2010,-0.149,0.555,-444.10677,0.619,925,202,,-0.175,0.57,1
105,House,39307,40,3,VA,100,D,0,1,"SCOTT, Robert C.",S000185,1947,,-0.45,-0.003,-307.68086,0.71959,935,137,,-0.461,0.164,0
105,House,15060,40,4,VA,100,D,0,1,"SISISKY, Norman",S000453,1927,2001,-0.122,0.453,-286.51569,0.736,934,118,,-0.146,0.376,1
105,House,14869,40,10,VA,200,R,0,1,"WOLF, Frank Rudolph",W000672,1939,,0.284,-0.213,-208.44702,0.8,933,82,,0.307,-0.111,0
105,House,29766,67,3,UT,200,R,0,1,"CANNON, Christopher B.",C000116,1950,2024,0.596,0.017,-184.86959,0.813,893,67,,0.572,-0.051,0
105,House,29765,67,2,UT,200,R,0,1,"COOK, Merrill",C000722,1946,,0.364,-0.059,-178.51983,0.826,936,81,,0.349,-0.132,0
105,House,14829,67,1,UT,200,R,0,1,"HANSEN, James Vear",H000172,1932,2018,0.496,0.143,-145.20959,0.852,906,57,,0.424,0.195,1
105,House,13002,49,7,TX,200,R,0,1,"ARCHER, William Reynolds, Jr.",A000215,1928,,0.496,0.2,-143.46644,0.854,910,58,,0.502,-0.105,0
105,House,15125,49,26,TX,200,R,0,1,"ARMEY, Richard Keith",A000217,1940,,0.635,-0.089,-147.91812,0.851,920,57,,0.522,-0.095,0
105,House,15085,49,6,TX,200,R,0,1,"BARTON, Joe Linus",B000213,1949,,0.528,0.047,-204.71676,0.79635,899,79,,0.55,0.164,0
105,House,29574,49,25,TX,100,D,0,1,"BENTSEN, Kenneth E., Jr.",B000400,1959,,-0.292,0.116,-247.1092,0.769,939,112,,-0.283,-0.003,0
105,House,39302,49,23,TX,200,R,0,1,"BONILLA, Henry",B000617,1954,,0.4,0.136,-258.11694,0.748,887,99,,0.362,0.109,0
105,House,29760,49,8,TX,200,R,0,1,"BRADY, Kevin Patrick",B000755,1955,,0.52,0.239,-154.67234,0.84525,920,63,,0.482,0.306,0
105,House,15093,49,19,TX,200,R,0,1,"COMBEST, Larry Ed",C000653,1945,,0.458,0.555,-130.63658,0.869,930,60,,0.461,0.437,0
105,House,15094,49,22,TX,200,R,0,1,"DeLAY, Thomas Dale",D000217,1947,,0.593,0.059,-153.34792,0.846,917,69,,0.545,0.031,0
105,House,29571,49,10,TX,100,D,0,1,"DOGGETT, Lloyd Alton, II",D000399,1946,,-0.403,-0.33,-322.38405,0.70889,937,143,,-0.438,-0.459,0
105,House,29144,49,11,TX,100,D,0,1,"EDWARDS, Thomas Chester (Chet)",E000063,1951,,-0.226,0.5,-285.20081,0.735,925,128,,-0.282,0.358,0
105,House,14626,49,24,TX,100,D,0,1,"FROST, Jonas Martin",F000392,1942,,-0.316,0.354,-237.00682,0.77,908,102,,-0.318,0.234,0
105,House,10520,49,20,TX,100,D,0,1,"GONZ√ÅLEZ, Henry B.",G000272,1916,2000,-0.538,0.558,-89.4612,0.749,310,41,,-0.389,-0.036,0
105,House,29762,49,12,TX,200,R,0,1,"GRANGER, Kay",G000377,1943,,0.403,0.243,-170.56745,0.83044,918,59,,0.347,0.018,1
105,House,39304,49,29,TX,100,D,0,1,"GREEN, Raymond Eugene (Gene)",G000410,1947,,-0.324,0.453,-307.34712,0.71311,909,145,,-0.313,0.378,0
105,House,14828,49,4,TX,100,D,0,1,"HALL, Ralph Moody",H000067,1923,2019,0.096,0.995,-357.72363,0.683,937,167,,0.103,0.995,0
105,House,29763,49,15,TX,100,D,0,1,"HINOJOSA, Rub√©n",H000636,1940,,-0.34,0.235,-211.03748,0.794,915,83,,-0.341,0.219,0
105,House,29573,49,18,TX,100,D,0,1,"JACKSON LEE, Sheila",J000032,1950,,-0.459,0.121,-230.36834,0.77828,919,103,,-0.439,-0.122,0
105,House,39305,49,30,TX,100,D,0,1,"JOHNSON, Eddie Bernice",J000126,1934,2023,-0.485,0.198,-248.91255,0.76183,915,121,,-0.481,0.243,0
105,House,29143,49,3,TX,200,R,0,1,"JOHNSON, Sam",J000174,1930,2020,0.61,0.277,-158.05354,0.83491,876,69,,0.588,0.183,0
105,House,29761,49,9,TX,100,D,0,1,"LAMPSON, Nicholas V.",L000043,1945,,-0.179,0.186,-281.80031,0.738,928,127,,-0.305,0.084,0
105,House,15049,49,27,TX,100,D,0,1,"ORTIZ, Solomon P.",O000107,1937,,-0.272,0.712,-253.76554,0.757,911,104,,-0.233,0.579,1
105,House,14290,49,14,TX,200,R,0,1,"PAUL, Ronald Ernest",P000583,1935,,0.863,-0.505,-499.21933,0.585,932,208,,0.955,-0.297,0
105,House,29764,49,16,TX,100,D,0,1,"REYES, Silvestre",R000170,1944,,-0.321,0.304,-235.57275,0.767,887,106,,-0.323,0.34,1
105,House,29771,49,28,TX,100,D,2,2,"RODRIGUEZ, Ciro D.",R000568,1946,,-0.349,0.238,-214.05953,0.781,865,83,,-0.365,0.215,1
105,House,29757,49,1,TX,100,D,0,1,"SANDLIN, Max A.",S000044,1952,,-0.25,0.546,-270.18907,0.749,934,118,,-0.234,0.458,0
105,House,29759,49,5,TX,200,R,0,1,"SESSIONS, Pete",S000250,1955,,0.585,0.171,-162.89627,0.83995,934,71,,0.596,0.41,0
105,House,15445,49,21,TX,200,R,0,1,"SMITH, Lamar Seeligson",S000583,1947,,0.425,0.061,-128.6981,0.86998,924,46,,0.359,0.11,0
105,House,14664,49,17,TX,100,D,0,1,"STENHOLM, Charles Walter",S000851,1938,2023,0.019,1,-366.31193,0.674,927,173,,-0.076,0.997,0
105,House,39303,49,28,TX,100,D,1,1,"TEJEDA, Frank",T000113,1945,1997,-0.277,0.961,,,,,,,,1
105,House,29572,49,13,TX,200,R,0,1,"THORNBERRY, William McClellan (Mac)",T000238,1958,,0.525,0.313,-180.19643,0.82505,937,75,,0.523,0.067,1
105,House,29758,49,2,TX,100,D,0,1,"TURNER, Jim",T000424,1946,,-0.185,0.606,-283.00305,0.737,929,128,,-0.16,0.557,1
105,House,29569,54,7,TN,200,R,0,1,"BRYANT, Ed",B000996,1948,,0.442,0.25,-141.84607,0.859,932,65,,0.467,0.22,0
105,House,15450,54,5,TN,100,D,0,1,"CLEMENT, Robert Nelson",C000503,1943,,-0.216,0.327,-266.0633,0.748,916,108,,-0.234,0.309,0
105,House,15455,54,2,TN,200,R,0,1,"DUNCAN, John J., Jr.",D000533,1947,,0.604,-0.476,-299.53333,0.72737,941,139,,0.545,-0.345,0
105,House,29756,54,9,TN,100,D,0,1,"FORD, Harold, Jr.",F000262,1970,,-0.359,0.311,-247.62247,0.754,876,109,,-0.433,0.143,0
105,House,15100,54,6,TN,100,D,0,1,"GORDON, Barton Jennings",G000309,1949,,-0.204,0.286,-275.77838,0.742,925,111,,-0.199,0.277,0
105,House,29568,54,4,TN,200,R,0,1,"HILLEARY, Van",H000615,1959,,0.543,0.449,-266.3715,0.752,935,119,,0.672,0.297,1
105,House,29755,54,1,TN,200,R,0,1,"JENKINS, William Lewis",J000082,1936,,0.396,0.349,-121.56178,0.877,930,50,,0.351,0.314,0
105,House,15628,54,8,TN,100,D,0,1,"TANNER, John S.",T000038,1944,,-0.182,0.648,-299.11426,0.722,917,136,,-0.176,0.456,0
105,House,29567,54,3,TN,200,R,0,1,"WAMP, Zachary Paul",W000119,1957,,0.428,0.072,-269.25095,0.747,922,119,,0.511,-0.141,0
105,House,29754,37,1,SD,200,R,0,1,"THUNE, John",T000250,1961,,0.433,0.225,-179.25103,0.82705,944,71,,0.371,0.295,0
105,House,39301,48,6,SC,100,D,0,1,"CLYBURN, James Enos",C000537,1940,,-0.466,0.246,-252.3191,0.76126,925,112,,-0.49,0.375,0
105,House,29566,48,3,SC,200,R,0,1,"GRAHAM, Lindsey O.",G000359,1955,,0.366,-0.277,-220.94204,0.78547,915,100,,0.432,0.185,1
105,House,39300,48,4,SC,200,R,0,1,"INGLIS, Robert Durden",I000023,1959,,0.518,-0.058,-160.48557,0.838,909,77,,0.536,-0.144,0
105,House,29565,48,1,SC,200,R,0,1,"SANFORD, Mark",S000051,1960,,0.686,-0.728,-397.17739,0.65212,929,168,,0.74,-0.673,0
105,House,13042,48,2,SC,200,R,0,1,"SPENCE, Floyd Davidson",S000718,1928,2001,0.32,0.185,-129.76198,0.871,938,42,,0.389,0.342,1
105,House,15064,48,5,SC,100,D,0,1,"SPRATT, John McKee, Jr.",S000749,1942,2024,-0.256,0.255,-236.65816,0.77,907,94,,-0.285,0.219,1
105,House,29564,5,1,RI,100,D,0,1,"KENNEDY, Patrick Joseph",K000113,1967,,-0.409,-0.062,-243.1586,0.769,924,117,,-0.442,-0.089,1
105,House,29753,5,2,RI,100,D,0,1,"WEYGAND, Robert A.",W000315,1948,,-0.33,0.183,-252.34418,0.761,923,125,,-0.329,0.123,0
105,House,15008,14,3,PA,100,D,0,1,"BORSKI, Robert Anthony, Jr.",B000644,1948,,-0.416,0.406,-293.64979,0.727,923,154,,-0.425,0.449,0
105,House,29777,14,1,PA,100,D,2,2,"BRADY, Robert A.",B001227,1945,,-0.484,0.225,-58.35813,0.81003,277,25,,-0.535,0.229,1
105,House,14808,14,14,PA,100,D,0,1,"COYNE, William Joseph",C000846,1936,2013,-0.494,-0.119,-190.81743,0.816,941,88,,-0.496,-0.131,0
105,House,29561,14,18,PA,100,D,0,1,"DOYLE, Michael F.",D000482,1953,,-0.331,0.099,-361.06897,0.67568,921,173,,-0.232,0.367,0
105,House,29563,14,21,PA,200,R,0,1,"ENGLISH, Philip Sheridan",E000187,1956,,0.251,0.053,-424.60289,0.634,933,162,,0.272,-0.229,0
105,House,29559,14,2,PA,100,D,0,1,"FATTAH, Chaka",F000043,1956,,-0.472,-0.054,-198.76049,0.799,888,76,,-0.474,-0.175,0
105,House,14823,14,1,PA,100,D,1,1,"FOGLIETTA, Thomas Michael",F000235,1928,2004,-0.506,-0.057,-97.94808,0.771,377,43,,-0.515,0.073,0
105,House,29560,14,13,PA,200,R,0,1,"FOX, Jon D.",F000332,1947,2018,0.199,-0.368,-362.49622,0.679,938,150,,0.229,-0.414,0
105,House,15026,14,17,PA,200,R,0,1,"GEKAS, George William",G000121,1930,2021,0.426,-0.295,-197.82825,0.806,917,83,,0.34,-0.068,0
105,House,14288,14,19,PA,200,R,0,1,"GOODLING, William Franklin",G000291,1927,2017,0.336,-0.494,-256.73083,0.755,914,115,,0.405,-0.067,0
105,House,29397,14,8,PA,200,R,0,1,"GREENWOOD, James Charles",G000439,1951,,0.225,-0.632,-223.0707,0.78,900,93,,0.244,-0.813,0
105,House,29396,14,6,PA,100,D,0,1,"HOLDEN, Thomas Timothy (Tim)",H000712,1957,,-0.233,0.608,-277.29049,0.744,936,121,,-0.202,0.486,0
105,House,15104,14,11,PA,100,D,0,1,"KANJORSKI, Paul E.",K000008,1937,,-0.303,0.364,-354.16579,0.686,940,169,,-0.336,0.301,0
105,House,29395,14,4,PA,100,D,0,1,"KLINK, Ronald",K000270,1951,,-0.31,0.526,-337.02239,0.695,926,155,,-0.282,0.484,0
105,House,29562,14,20,PA,100,D,0,1,"MASCARA, Frank R.",M000212,1930,2011,-0.271,0.467,-250.43188,0.767,945,102,,-0.248,0.389,0
105,House,10607,14,10,PA,200,R,0,1,"McDADE, Joseph Michael",M000399,1931,2017,0.093,-0.355,-255.86129,0.72,778,119,,0.219,-0.083,0
105,House,29399,14,15,PA,100,D,0,1,"McHALE, Paul F., Jr.",M000466,1950,,-0.242,-0.002,-277.72705,0.744,938,115,,-0.247,-0.041,1
105,House,14072,14,12,PA,100,D,0,1,"MURTHA, John Patrick, Jr.",M001120,1932,2010,-0.265,0.569,-365.57819,0.671,916,152,,-0.203,0.452,0
105,House,29751,14,5,PA,200,R,0,1,"PETERSON, John",P000263,1938,,0.34,0.24,-119.53758,0.879,929,41,,0.373,0.193,0
105,House,29752,14,16,PA,200,R,0,1,"PITTS, Joseph R.",P000373,1939,,0.538,0.012,-151.03755,0.852,942,63,,0.446,-0.02,0
105,House,14052,14,9,PA,200,R,0,1,"SHUSTER, E. G. (Bud)",S000394,1932,2023,0.416,0.144,-163.93064,0.834,901,59,,0.407,0.04,0
105,House,15447,14,7,PA,200,R,0,1,"WELDON, Wayne Curtis (Curt)",W000268,1947,,0.232,-0.324,-190.58246,0.805,879,81,,0.243,-0.291,1
105,House,29588,72,3,OR,100,D,0,1,"BLUMENAUER, Earl",B000574,1948,,-0.426,-0.626,-218.4351,0.78804,917,84,,-0.393,-0.523,0
105,House,15410,72,4,OR,100,D,0,1,"DeFAZIO, Peter Anthony",D000191,1947,,-0.427,-0.002,-411.06409,0.63653,910,201,,-0.599,0.144,0
105,House,29394,72,1,OR,100,D,0,1,"FURSE, Elizabeth",F000434,1936,2021,-0.457,-0.438,-206.10892,0.784,847,90,,-0.564,-0.535,0
105,House,29750,72,5,OR,100,D,0,1,"HOOLEY, Darlene",H000762,1939,,-0.315,-0.075,-243.47216,0.772,939,114,,-0.322,-0.265,0
105,House,15063,72,2,OR,200,R,0,1,"SMITH, Robert Freeman",S000607,1931,2020,0.396,-0.203,-133.22043,0.855,852,59,,0.342,0.195,0
105,House,29555,53,2,OK,200,R,0,1,"COBURN, Thomas Allen",C000560,1948,2020,0.782,0.055,-220.8113,0.78,889,88,,0.732,0.152,0
105,House,29392,53,5,OK,200,R,0,1,"ISTOOK, Ernest James, Jr.",I000047,1950,,0.492,0.129,-150.88089,0.843,885,55,,0.549,0.145,0
105,House,29554,53,1,OK,200,R,0,1,"LARGENT, Steve",L000096,1954,,0.617,-0.033,-232.26249,0.771,892,95,,0.613,-0.061,0
105,House,29393,53,6,OK,200,R,0,1,"LUCAS, Frank D.",L000491,1960,,0.361,0.452,-151.12096,0.85178,942,56,,0.411,0.32,0
105,House,29749,53,3,OK,200,R,0,1,"WATKINS, Wesley Wade",W000194,1938,,0.368,0.374,-145.25675,0.854,917,53,,0.362,0.295,0
105,House,29556,53,4,OK,200,R,0,1,"WATTS, Julius Caesar, Jr. (J. C.)",W000210,1957,,0.406,0.286,-237.58114,0.775,931,97,,0.448,0.185,1
105,House,29137,24,8,OH,200,R,0,1,"BOEHNER, John Andrew",B000589,1949,,0.513,0.04,-134.28724,0.865,929,48,,0.421,0.163,0
105,House,29389,24,13,OH,100,D,0,1,"BROWN, Sherrod",B000944,1952,,-0.425,-0.097,-222.62284,0.78424,916,103,,-0.481,-0.18,0
105,House,29550,24,1,OH,200,R,0,1,"CHABOT, Steve",C000266,1953,,0.542,-0.137,-276.95694,0.74573,944,123,,0.571,-0.438,0
105,House,15604,24,5,OH,200,R,0,1,"GILLMOR, Paul Eugene",G000210,1939,2007,0.254,0.106,-244.3274,0.767,919,105,,0.332,-0.118,0
105,House,14632,24,3,OH,100,D,0,1,"HALL, Tony Patrick",H000074,1942,,-0.28,0.155,-328.69405,0.696,906,160,,-0.226,0.254,0
105,House,29136,24,7,OH,200,R,0,1,"HOBSON, David Lee",H000666,1936,2024,0.315,-0.229,-188.68087,0.818,942,83,,0.369,-0.4,0
105,House,15029,24,9,OH,100,D,0,1,"KAPTUR, Marcia Carolyn (Marcy)",K000009,1946,,-0.343,0.133,-296.5472,0.71199,873,146,,-0.356,0.363,0
105,House,15030,24,12,OH,200,R,0,1,"KASICH, John Richard",K000016,1952,,0.314,0.013,-189.50384,0.813,913,85,,0.459,-0.314,1
105,House,29748,24,10,OH,100,D,0,1,"KUCINICH, Dennis",K000336,1946,,-0.582,0.024,-529.76506,0.569,940,238,,-0.437,0.365,0
105,House,29553,24,19,OH,200,R,0,1,"LaTOURETTE, Steven C.",L000553,1954,2016,0.211,-0.063,-232.86269,0.777,923,99,,0.213,-0.251,0
105,House,29552,24,18,OH,200,R,0,1,"NEY, Robert William",N000081,1954,,0.269,0.116,-240.13417,0.77,921,104,,0.257,0.012,0
105,House,14875,24,4,OH,200,R,0,1,"OXLEY, Michael Garver",O000163,1944,2016,0.382,-0.093,-168.71499,0.828,894,75,,0.296,0.021,0
105,House,29386,24,2,OH,200,R,0,1,"PORTMAN, Robert Jones (Rob)",P000449,1955,,0.371,-0.208,-168.38159,0.83357,925,66,,0.388,-0.295,0
105,House,29390,24,15,OH,200,R,0,1,"PRYCE, Deborah D.",P000555,1951,,0.32,-0.329,-165.9906,0.818,824,77,,0.355,-0.406,0
105,House,14045,24,16,OH,200,R,0,1,"REGULA, Ralph Straus",R000141,1924,2017,0.221,-0.223,-192.83235,0.815,943,81,,0.254,-0.131,0
105,House,15442,24,14,OH,100,D,0,1,"SAWYER, Thomas Charles",S000094,1945,2023,-0.377,-0.114,-195.81055,0.811,935,72,,-0.382,-0.132,0
105,House,12030,24,11,OH,100,D,0,1,"STOKES, Louis",S000948,1925,2015,-0.578,-0.312,-200.16879,0.795,874,93,,-0.477,-0.268,0
105,House,29747,24,6,OH,100,D,0,1,"STRICKLAND, Ted",S001004,1941,,-0.384,0.404,-312.8722,0.715,932,139,,-0.329,0.194,0
105,House,15121,24,17,OH,100,D,0,1,"TRAFICANT, James A., Jr.",T000350,1941,2014,-0.082,0.071,-573.65754,0.541,935,290,,0.075,0.275,0
105,House,15000,13,5,NY,100,D,0,1,"ACKERMAN, Gary Leonard",A000022,1942,,-0.429,-0.165,-168.33955,0.824,872,60,,-0.426,-0.249,0
105,House,15007,13,23,NY,200,R,0,1,"BOEHLERT, Sherwood Louis",B000586,1936,2021,0.103,-0.718,-216.16538,0.794,938,84,,0.116,-0.652,0
105,House,15603,13,17,NY,100,D,0,1,"ENGEL, Eliot Lance",E000179,1947,,-0.408,-0.093,-199.23979,0.80062,896,89,,-0.42,-0.282,0
105,House,15412,13,6,NY,100,D,1,1,"FLAKE, Floyd Harold",F000184,1945,,-0.455,-0.092,-156.05249,0.69,420,60,,-0.318,0.015,0
105,House,29542,13,1,NY,200,R,0,1,"FORBES, Michael Patrick",F000257,1952,,0.109,-0.112,-376.83356,0.645,859,172,,0.069,-0.07,0
105,House,29773,13,13,NY,200,R,2,2,"FOSSELLA, Vito John",F000440,1965,,0.426,-0.336,-92.80967,0.819,466,44,,0.453,-0.225,0
105,House,14015,13,20,NY,200,R,0,1,"GILMAN, Benjamin Arthur",G000212,1922,2016,0.043,-0.425,-253.79227,0.761,929,98,,0.127,-0.653,0
105,House,29380,13,26,NY,100,D,0,1,"HINCHEY, Maurice Dunlea",H000627,1938,2017,-0.575,-0.007,-206.01927,0.798,912,92,,-0.573,-0.069,0
105,House,15423,13,31,NY,200,R,0,1,"HOUGHTON, Amory, Jr.",H000814,1926,2020,0.154,-0.281,-277.11099,0.728,874,105,,0.129,-0.355,0
105,House,29544,13,19,NY,200,R,0,1,"KELLY, Sue W.",K000078,1936,,0.231,-0.564,-210.32776,0.799,937,80,,0.202,-0.638,0
105,House,29375,13,3,NY,200,R,0,1,"KING, Peter T.",K000210,1944,,0.259,-0.03,-284.7859,0.73452,923,122,,0.195,0.084,0
105,House,14248,13,29,NY,100,D,0,1,"LaFALCE, John Joseph",L000556,1939,2025,-0.357,0.112,-328.63302,0.698,915,161,,-0.429,0.377,0
105,House,29374,13,2,NY,200,R,0,1,"LAZIO, Enrico A. (Rick)",L000155,1958,,0.216,-0.588,-209.60343,0.797,924,83,,0.204,-0.528,0
105,House,15612,13,18,NY,100,D,0,1,"LOWEY, Nita M.",L000480,1937,2025,-0.389,-0.152,-213.78115,0.79345,924,98,,-0.419,-0.375,0
105,House,29379,13,14,NY,100,D,0,1,"MALONEY, Carolyn Bosher",M000087,1946,,-0.387,-0.285,-218.60534,0.7883,919,93,,-0.406,-0.152,0
105,House,15107,13,7,NY,100,D,0,1,"MANTON, Thomas J.",M000117,1932,2006,-0.361,0.382,-243.56531,0.758,877,99,,-0.306,0.255,0
105,House,29744,13,4,NY,100,D,0,1,"McCARTHY, Carolyn",M000309,1944,,-0.294,-0.04,-291.04512,0.732,933,132,,-0.263,-0.209,0
105,House,39316,13,24,NY,200,R,0,1,"McHUGH, John Michael",M000472,1948,,0.225,-0.063,-226.60188,0.782,920,96,,0.188,0.001,1
105,House,15614,13,21,NY,100,D,0,1,"McNULTY, Michael Robert",M000590,1947,,-0.369,0.369,-334.00076,0.677,855,177,,-0.489,0.382,0
105,House,29776,13,6,NY,100,D,2,2,"MEEKS, Gregory W.",M001137,1953,,-0.416,-0.063,-81.16363,0.79865,361,33,,-0.575,-0.416,0
105,House,15639,13,13,NY,200,R,1,1,"MOLINARI, Susan",M000843,1958,,0.256,-0.5,-40.13964,0.837,226,17,,0.255,-0.423,0
105,House,29377,13,8,NY,100,D,0,1,"NADLER, Jerrold Lewis",N000002,1947,,-0.507,-0.478,-170.90915,0.82739,902,73,,-0.497,-0.581,0
105,House,15050,13,11,NY,100,D,0,1,"OWENS, Major Robert Odell",O000159,1936,2013,-0.569,-0.516,-165.62441,0.831,895,62,,-0.577,-0.569,0
105,House,15618,13,27,NY,200,R,0,1,"PAXON, L. William",P000148,1954,,0.472,-0.167,-130.39858,0.866,904,51,,0.508,0.114,0
105,House,29381,13,30,NY,200,R,0,1,"QUINN, John Francis (Jack)",Q000016,1951,,0.198,-0.223,-204.51146,0.798,905,76,,0.172,-0.164,0
105,House,13035,13,15,NY,100,D,0,1,"RANGEL, Charles B.",R000053,1930,,-0.514,-0.341,-195.44075,0.794,848,86,,-0.497,-0.303,0
105,House,14858,13,9,NY,100,D,0,1,"SCHUMER, Charles Ellis (Chuck)",S000148,1950,,-0.355,-0.419,-175.44841,0.80801,823,70,,-0.346,-0.342,0
105,House,29134,13,16,NY,100,D,0,1,"SERRANO, Jos√© E.",S000248,1943,,-0.491,-0.377,-188.7161,0.81345,914,82,,-0.484,-0.439,0
105,House,15444,13,28,NY,100,D,0,1,"SLAUGHTER, Louise McIntosh",S000480,1929,2018,-0.465,-0.104,-205.45786,0.7961,901,97,,-0.49,-0.042,0
105,House,14662,13,22,NY,200,R,0,1,"SOLOMON, Gerald Brooks Hunt",S000675,1930,2001,0.492,-0.333,-174.68578,0.825,910,68,,0.516,0.2,0
105,House,15072,13,10,NY,100,D,0,1,"TOWNS, Edolphus",T000326,1934,,-0.519,-0.132,-232.62882,0.757,834,102,,-0.514,-0.163,0
105,House,29378,13,12,NY,100,D,0,1,"VEL√ÅZQUEZ, Nydia M.",V000081,1953,,-0.547,-0.367,-200.84901,0.79958,898,93,,-0.566,-0.404,0
105,House,15630,13,25,NY,200,R,0,1,"WALSH, James T.",W000099,1947,,0.208,-0.19,-207.67884,0.8,932,83,,0.19,-0.166,0
105,House,29537,65,1,NV,200,R,0,1,"ENSIGN, John Eric",E000194,1958,,0.508,-0.464,-503.15542,0.582,931,197,,0.689,-0.725,0
105,House,29739,65,2,NV,200,R,0,1,"GIBBONS, James A.",G000152,1944,,0.484,-0.088,-304.94107,0.718,920,122,,0.514,-0.31,1
105,House,29772,66,3,NM,200,R,2,2,"REDMOND, William Thomas",R000567,1954,,0.3,0.317,-143.05772,0.839,817,55,,0.301,0.279,1
105,House,15055,66,3,NM,100,D,1,1,"RICHARDSON, Bill",R000229,1947,2023,-0.321,0.227,,,,,,-0.328,-0.23,0
105,House,15624,66,1,NM,200,R,1,1,"SCHIFF, Steven Harvey",S000125,1947,1998,0.196,-0.261,-20.21905,0.683,53,9,,0.116,-0.169,0
105,House,14861,66,2,NM,200,R,0,1,"SKEEN, Joseph Richard",S000463,1927,2003,0.301,0.034,-172.59274,0.833,944,65,,0.275,0.107,0
105,House,29779,66,1,NM,200,R,2,2,"WILSON, Heather",W000789,1960,,0.247,-0.027,-50.12575,0.794,217,18,,0.305,-0.034,0
105,House,29132,12,1,NJ,100,D,0,1,"ANDREWS, Robert Ernest",A000210,1957,,-0.297,-0.119,-305.38415,0.702,862,141,,-0.381,-0.058,0
105,House,29371,12,7,NJ,200,R,0,1,"FRANKS, Robert Douglas",F000349,1951,2010,0.259,-0.836,-221.95074,0.788,933,93,,0.252,-0.79,0
105,House,29541,12,11,NJ,200,R,0,1,"FRELINGHUYSEN, Rodney P.",F000372,1946,,0.292,-0.262,-256.97186,0.76059,939,115,,0.259,-0.686,0
105,House,29539,12,2,NJ,200,R,0,1,"LoBIONDO, Frank A.",L000554,1946,,0.211,-0.224,-407.89285,0.64856,942,173,,0.252,-0.348,0
105,House,29373,12,13,NJ,100,D,0,1,"MENENDEZ, Robert",M000639,1954,,-0.366,-0.126,-256.95192,0.75837,929,124,,-0.391,0.018,0
105,House,15454,12,6,NJ,100,D,0,1,"PALLONE, Frank, Jr.",P000034,1951,,-0.402,-0.161,-261.25677,0.75417,926,140,,-0.465,0.076,0
105,House,29743,12,12,NJ,200,R,0,1,"PAPPAS, Michael James",P000049,1960,,0.361,-0.319,-223.74331,0.789,946,106,,0.361,-0.319,1
105,House,29741,12,8,NJ,100,D,0,1,"PASCRELL, William J., Jr.",P000096,1937,2024,-0.369,-0.004,-312.04728,0.7147,929,157,,-0.313,0.166,0
105,House,15619,12,10,NJ,100,D,0,1,"PAYNE, Donald Milford",P000149,1934,2012,-0.592,-0.547,-155.00723,0.835,860,61,,-0.602,-0.58,0
105,House,29742,12,9,NJ,100,D,0,1,"ROTHMAN, Steven",R000462,1952,,-0.352,-0.092,-224.78452,0.783,918,107,,-0.301,-0.206,0
105,House,14855,12,5,NJ,200,R,0,1,"ROUKEMA, Margaret Scafati",R000465,1929,2014,0.162,-0.701,-280.66822,0.738,922,117,,0.182,-0.643,0
105,House,15112,12,3,NJ,200,R,0,1,"SAXTON, Hugh James",S000097,1943,,0.238,-0.378,-224.75787,0.785,929,110,,0.234,-0.283,1
105,House,14863,12,4,NJ,200,R,0,1,"SMITH, Christopher Henry",S000522,1953,,0.181,-0.172,-248.47764,0.76354,921,120,,0.222,-0.283,0
105,House,29538,4,2,NH,200,R,0,1,"BASS, Charles Foster",B000220,1952,,0.331,-0.556,-208.47388,0.801,939,83,,0.354,-0.671,0
105,House,29740,4,1,NH,200,R,0,1,"SUNUNU, John E.",S001078,1964,,0.473,-0.52,-203.09621,0.805,934,80,,0.497,-0.383,0
105,House,29129,35,3,NE,200,R,0,1,"BARRETT, William E.",B000179,1929,2016,0.379,-0.073,-197.36149,0.808,927,84,,0.284,0.06,0
105,House,14605,35,1,NE,200,R,0,1,"BEREUTER, Douglas Kent",B000403,1939,,0.231,-0.347,-254.05737,0.761,928,112,,0.237,-0.109,0
105,House,29536,35,2,NE,200,R,0,1,"CHRISTENSEN, Jon Lynn",C000377,1963,,0.521,-0.038,-177.42529,0.821,901,81,,0.499,-0.093,0
105,House,29384,36,1,ND,100,D,0,1,"POMEROY, Earl Ralph, III",P000422,1952,,-0.266,0.339,-262.53892,0.747,902,105,,-0.271,0.309,0
105,House,15402,47,10,NC,200,R,0,1,"BALLENGER, Cass",B000104,1926,2015,0.464,-0.145,-161.27939,0.837,905,72,,0.434,0.003,0
105,House,29548,47,5,NC,200,R,0,1,"BURR, Richard M.",B001135,1955,,0.435,-0.07,-173.53955,0.82638,910,87,,0.442,0.027,0
105,House,29382,47,1,NC,100,D,0,1,"CLAYTON, Eva M.",C000494,1934,,-0.459,-0.032,-208.18429,0.792,893,92,,-0.444,0.05,0
105,House,15092,47,6,NC,200,R,0,1,"COBLE, Howard",C000556,1931,2015,0.52,-0.081,-209.41614,0.797,924,90,,0.619,-0.036,0
105,House,29745,47,2,NC,100,D,0,1,"ETHERIDGE, Bobby R.",E000226,1941,,-0.288,0.288,-233.84405,0.777,929,92,,-0.28,0.325,0
105,House,14233,47,8,NC,100,D,0,1,"HEFNER, Willie Gathrel (Bill)",H000448,1930,2009,-0.264,0.609,-279.3889,0.713,825,139,,-0.39,0.392,0
105,House,29546,47,3,NC,200,R,0,1,"JONES, Walter Beaman, Jr.",J000255,1943,2019,0.244,-0.362,-392.5885,0.65742,936,187,,0.603,0.203,1
105,House,29746,47,7,NC,100,D,0,1,"McINTYRE, Mike",M000485,1956,,-0.148,0.56,-289.47588,0.732,926,137,,-0.124,0.579,1
105,House,29549,47,9,NC,200,R,0,1,"MYRICK, Sue",M001134,1941,,0.56,0.027,-156.80879,0.843,916,70,,0.541,0.03,0
105,House,15438,47,4,NC,100,D,0,1,"PRICE, David Eugene",P000523,1940,,-0.343,-0.03,-216.91503,0.79275,934,94,,-0.287,0.015,0
105,House,29135,47,11,NC,200,R,0,1,"TAYLOR, Charles Hart",T000067,1941,,0.488,0.116,-150.8078,0.841,868,60,,0.451,0.174,0
105,House,29383,47,12,NC,100,D,0,1,"WATT, Melvin L.",W000207,1945,,-0.526,-0.155,-251.72412,0.764,937,114,,-0.51,-0.16,0
105,House,29738,64,1,MT,200,R,0,1,"HILL, Rick",H000605,1946,,0.424,0.587,-232.85765,0.777,924,103,,0.402,0.321,0
105,House,95617,46,4,MS,200,R,0,1,"PARKER, Michael (Mike)",P000066,1949,,0.341,0.239,-170.94901,0.82,863,66,,0.331,0.148,0
105,House,29734,46,3,MS,200,R,0,1,"PICKERING, Charles W. (Chip), Jr.",P000323,1963,,0.342,0.325,-116.48771,0.878,897,45,,0.4,0.391,0
105,House,15637,46,5,MS,100,D,0,1,"TAYLOR, Gary Eugene (Gene)",T000074,1953,,-0.045,0.893,-566.71209,0.544,931,267,,-0.02,1,1
105,House,29368,46,2,MS,100,D,0,1,"THOMPSON, Bennie",T000193,1948,,-0.519,0.391,-249.90508,0.75963,909,120,,-0.488,0.451,0
105,House,29534,46,1,MS,200,R,0,1,"WICKER, Roger F.",W000437,1951,,0.377,0.341,-171.39297,0.8307,924,67,,0.378,0.447,0
105,House,29735,34,7,MO,200,R,0,1,"BLUNT, Roy",B000575,1950,,0.398,0.18,-170.22891,0.83208,926,70,,0.448,0.122,0
105,House,12009,34,1,MO,100,D,0,1,"CLAY, William Lacy, Sr.",C000488,1931,,-0.49,-0.872,-289.7106,0.707,834,116,,-0.553,0,0
105,House,29370,34,6,MO,100,D,0,1,"DANNER, Patsy Ann (Pat)",D000046,1934,,-0.186,0.529,-349.62563,0.686,927,158,,-0.137,0.493,0
105,House,29736,34,8,MO,200,R,0,1,"EMERSON, Jo Ann",E000172,1950,,0.269,0.274,-177.94763,0.828,940,69,,0.35,0.397,0
105,House,14421,34,3,MO,100,D,0,1,"GEPHARDT, Richard Andrew",G000132,1941,,-0.416,0.245,-251.17635,0.741,839,132,,-0.511,0.291,0
105,House,29737,34,9,MO,200,R,0,1,"HULSHOF, Kenny",H000948,1958,,0.363,0.281,-280.17435,0.741,936,117,,0.405,-0.028,0
105,House,29535,34,5,MO,100,D,0,1,"McCARTHY, Karen",M000316,1947,2010,-0.344,-0.225,-226.56424,0.781,916,104,,-0.337,-0.255,0
105,House,14451,34,4,MO,100,D,0,1,"SKELTON, Isaac Newton, IV (Ike)",S000465,1931,2013,-0.172,0.724,-260.24524,0.752,915,103,,-0.173,0.629,1
105,House,29369,34,2,MO,200,R,0,1,"TALENT, James Matthes",T000024,1956,,0.364,0.098,-187.03864,0.817,928,78,,0.487,-0.059,1
105,House,29532,33,1,MN,200,R,0,1,"GUTKNECHT, Gilbert W.",G000536,1951,,0.552,0.342,-294.33268,0.73,934,118,,0.438,0.023,0
105,House,29533,33,6,MN,100,D,0,1,"LUTHER, William Paul",L000521,1945,,-0.306,-0.381,-278.46099,0.74,924,129,,-0.296,-0.344,0
105,House,29366,33,2,MN,100,D,0,1,"MINGE, David R.",M000795,1942,,-0.213,-0.131,-424.57557,0.637,940,180,,-0.253,-0.014,0
105,House,14265,33,8,MN,100,D,0,1,"OBERSTAR, James Louis",O000006,1934,2014,-0.553,0.304,-371.12592,0.663,903,173,,-0.513,0.598,0
105,House,29127,33,7,MN,100,D,0,1,"PETERSON, Collin Clark",P000258,1944,,-0.148,0.712,-406.67833,0.6476,936,175,,-0.136,0.81,0
105,House,29126,33,3,MN,200,R,0,1,"RAMSTAD, James (Jim)",R000033,1946,2020,0.316,-0.683,-428.92273,0.635,946,164,,0.282,-0.875,0
105,House,14656,33,5,MN,100,D,0,1,"SABO, Martin Olav",S000005,1938,2016,-0.516,-0.317,-382.93809,0.664,935,177,,-0.483,0.026,0
105,House,14458,33,4,MN,100,D,0,1,"VENTO, Bruce Frank",V000087,1940,2000,-0.472,-0.376,-202.52982,0.806,938,101,,-0.503,-0.359,0
105,House,29363,23,5,MI,100,D,0,1,"BARCIA, James A.",B000134,1952,,-0.184,0.547,-322.38803,0.704,920,151,,-0.184,0.581,0
105,House,14407,23,10,MI,100,D,0,1,"BONIOR, David Edward",B000619,1945,,-0.547,-0.006,-244.38599,0.767,922,110,,-0.583,0.242,0
105,House,29124,23,4,MI,200,R,0,1,"CAMP, David Lee",C000071,1953,,0.385,-0.048,-189.83681,0.817,940,76,,0.393,-0.172,0
105,House,10713,23,14,MI,100,D,0,1,"CONYERS, John, Jr.",C000714,1929,2019,-0.658,-0.512,-220.43016,0.7732,857,76,,-0.741,-0.672,0
105,House,2605,23,16,MI,100,D,0,1,"DINGELL, John David, Jr.",D000355,1926,2019,-0.448,0.313,-332.25229,0.689,892,145,,-0.402,0.25,0
105,House,29362,23,3,MI,200,R,0,1,"EHLERS, Vernon James",E000092,1934,2017,0.316,-0.622,-287.82156,0.733,927,130,,0.325,-0.546,0
105,House,29361,23,2,MI,200,R,0,1,"HOEKSTRA, Peter",H000676,1953,,0.516,-0.262,-214.60346,0.793,926,95,,0.57,-0.448,0
105,House,14430,23,9,MI,100,D,0,1,"KILDEE, Dale Edward",K000172,1929,2021,-0.385,0.011,-329.76015,0.705,945,144,,-0.281,0.271,0
105,House,29733,23,15,MI,100,D,0,1,"KILPATRICK, Carolyn Cheeks",K000180,1945,,-0.491,-0.172,-189.6489,0.81,902,80,,-0.502,-0.199,0
105,House,29365,23,11,MI,200,R,0,1,"KNOLLENBERG, Joseph",K000288,1933,2018,0.366,-0.053,-167.63821,0.837,942,74,,0.333,-0.032,0
105,House,15033,23,12,MI,100,D,0,1,"LEVIN, Sander Martin",L000263,1931,,-0.379,-0.091,-196.38065,0.81128,939,89,,-0.369,-0.17,0
105,House,29531,23,13,MI,100,D,0,1,"RIVERS, Lynn Nancy",R000281,1956,,-0.383,-0.453,-242.7571,0.773,943,116,,-0.351,-0.466,0
105,House,29364,23,7,MI,200,R,0,1,"SMITH, Nick H.",S000597,1934,,0.505,-0.229,-265.80346,0.75,926,119,,0.462,-0.32,0
105,House,29732,23,8,MI,100,D,0,1,"STABENOW, Deborah Ann",S000770,1950,,-0.343,-0.019,-225.33139,0.78421,927,99,,-0.314,-0.111,0
105,House,29360,23,1,MI,100,D,0,1,"STUPAK, Bart T.",S001045,1952,,-0.396,0.701,-331.58139,0.698,922,160,,-0.44,0.694,0
105,House,15446,23,6,MI,200,R,0,1,"UPTON, Frederick Stephen",U000031,1953,,0.32,-0.355,-264.38966,0.75573,944,130,,0.329,-0.616,0
105,House,29728,2,1,ME,100,D,0,1,"ALLEN, Thomas H.",A000357,1945,,-0.4,-0.105,-207.09106,0.801,934,84,,-0.406,-0.1,1
105,House,29528,2,2,ME,100,D,0,1,"BALDACCI, John Elias",B000081,1955,,-0.333,-0.001,-227.68069,0.784,937,88,,-0.347,-0.054,0
105,House,29356,52,6,MD,200,R,0,1,"BARTLETT, Roscoe Gardner",B000208,1926,,0.493,-0.091,-183.14768,0.823,940,85,,0.578,0.1,1
105,House,15408,52,3,MD,100,D,0,1,"CARDIN, Benjamin Louis",C000141,1943,,-0.32,-0.224,-235.74929,0.7733,917,110,,-0.301,-0.275,0
105,House,29587,52,7,MD,100,D,0,1,"CUMMINGS, Elijah Eugene",C000984,1951,2019,-0.438,-0.148,-188.02172,0.81748,933,76,,-0.423,-0.232,0
105,House,29529,52,2,MD,200,R,0,1,"EHRLICH, Robert L., Jr.",E000093,1957,,0.36,-0.366,-218.04217,0.79,924,91,,0.409,-0.46,0
105,House,29122,52,1,MD,200,R,0,1,"GILCHREST, Wayne Thomas",G000180,1946,,0.204,-0.563,-217.80142,0.791,930,83,,0.213,-0.511,0
105,House,14873,52,5,MD,100,D,0,1,"HOYER, Steny Hamilton",H000874,1939,,-0.381,0.122,-266.02239,0.7503,926,119,,-0.35,0.062,0
105,House,15434,52,8,MD,200,R,0,1,"MORELLA, Constance A.",M000941,1931,,-0.018,-0.893,-245.51184,0.766,922,99,,-0.016,-1,0
105,House,29355,52,4,MD,100,D,0,1,"WYNN, Albert Russell",W000784,1951,,-0.38,0.038,-233.37346,0.777,924,91,,-0.369,-0.001,0
105,House,29731,3,10,MA,100,D,0,1,"DELAHUNT, Bill",D000210,1941,2024,-0.495,-0.293,-220.96247,0.788,928,97,,-0.518,-0.443,0
105,House,14824,3,4,MA,100,D,0,1,"FRANK, Barney",F000339,1940,,-0.499,-0.534,-248.32989,0.761,909,108,,-0.524,-0.635,0
105,House,15427,3,8,MA,100,D,0,1,"KENNEDY, Joseph Patrick, II",K000110,1952,,-0.413,-0.453,-206.03815,0.798,915,86,,-0.419,-0.521,0
105,House,14435,3,7,MA,100,D,0,1,"MARKEY, Edward John",M000133,1946,,-0.516,-0.469,-195.03471,0.80241,886,84,,-0.502,-0.443,0
105,House,29729,3,3,MA,100,D,0,1,"McGOVERN, James P.",M000312,1959,,-0.538,-0.341,-192.24805,0.81252,926,92,,-0.47,-0.401,0
105,House,29358,3,5,MA,100,D,0,1,"MEEHAN, Martin Thomas",M000627,1956,,-0.39,-0.539,-235.2201,0.77,901,98,,-0.45,-0.433,1
105,House,14039,3,9,MA,100,D,0,1,"MOAKLEY, John Joseph",M000834,1927,2001,-0.418,-0.054,-221.16797,0.767,833,88,,-0.412,0.06,0
105,House,15616,3,2,MA,100,D,0,1,"NEAL, Richard Edmund",N000015,1949,,-0.417,-0.106,-222.24089,0.78119,900,81,,-0.41,-0.018,0
105,House,29123,3,1,MA,100,D,0,1,"OLVER, John Walter",O000085,1936,2023,-0.577,-0.207,-179.57007,0.824,930,74,,-0.58,-0.201,0
105,House,29730,3,6,MA,100,D,0,1,"TIERNEY, John F.",T000266,1951,,-0.488,-0.433,-200.23377,0.807,932,93,,-0.483,-0.389,0
105,House,15401,45,6,LA,200,R,0,1,"BAKER, Richard Hugh",B000072,1948,,0.423,0.022,-119.04417,0.876,899,42,,0.368,0.383,0
105,House,29726,45,5,LA,200,R,0,1,"COOKSEY, John",C000735,1941,2022,0.334,0.014,-161.65012,0.832,877,60,,0.401,0.108,0
105,House,29120,45,2,LA,100,D,0,1,"JEFFERSON, William Jennings",J000070,1947,,-0.424,0.242,-232.86342,0.762,857,100,,-0.457,0.253,0
105,House,29727,45,7,LA,100,D,0,1,"JOHN, Christopher",J000110,1960,,-0.12,0.735,-251.06469,0.753,885,101,,-0.128,0.664,0
105,House,14469,45,1,LA,200,R,0,1,"LIVINGSTON, Robert Linlithgow, Jr.",L000371,1943,,0.326,0.109,-175.48683,0.825,915,64,,0.327,0.087,0
105,House,15451,45,4,LA,200,R,0,1,"McCRERY, James O., III",M000388,1949,,0.362,0.08,-134.73397,0.858,883,51,,0.352,0.076,0
105,House,94679,45,3,LA,200,R,0,1,"TAUZIN, Wilbert Joseph (Billy)",T000058,1943,,0.341,0.16,-132.76767,0.863,901,57,,0.326,0.183,0
105,House,29353,51,6,KY,100,D,0,1,"BAESLER, Henry Scott (Scotty)",B000028,1941,,-0.155,0.28,-294.49385,0.726,919,136,,-0.151,0.329,0
105,House,15406,51,4,KY,200,R,0,1,"BUNNING, James Paul David",B001066,1931,2017,0.521,-0.049,-151.07875,0.85,930,65,,0.345,0.304,0
105,House,29352,51,2,KY,200,R,0,1,"LEWIS, Ron",L000293,1946,,0.418,0.417,-120.02878,0.878,926,55,,0.419,0.408,1
105,House,29725,51,3,KY,200,R,0,1,"NORTHUP, Anne Meagher",N000143,1948,,0.335,-0.035,-158.01794,0.845,938,56,,0.319,-0.031,0
105,House,14854,51,5,KY,200,R,0,1,"ROGERS, Harold Dallas (Hal)",R000395,1937,,0.333,0.152,-147.37137,0.85418,935,61,,0.307,0.276,0
105,House,29525,51,1,KY,200,R,0,1,"WHITFIELD, Wayne Edward (Ed)",W000413,1943,,0.303,0.182,-214.17359,0.793,924,87,,0.347,0.097,0
105,House,29722,32,1,KS,200,R,0,1,"MORAN, Jerry",M000934,1954,,0.414,0.219,-252.948,0.76516,945,110,,0.433,0.247,0
105,House,29723,32,2,KS,200,R,0,1,"RYUN, Jim",R000566,1947,,0.547,0.267,-134.14893,0.866,930,43,,0.54,0.157,1
105,House,29724,32,3,KS,200,R,0,1,"SNOWBARGER, Vincent K.",S000662,1949,,0.522,0.165,-134.01355,0.866,933,43,,0.526,0.102,0
105,House,29524,32,4,KS,200,R,0,1,"TIAHRT, Todd",T000260,1951,,0.449,0.341,-175.11156,0.829,932,69,,0.594,0.261,0
105,House,15014,22,6,IN,200,R,0,1,"BURTON, Danny Lee",B001149,1938,,0.585,-0.026,-157.82789,0.839,900,75,,0.491,0.247,0
105,House,29350,22,5,IN,200,R,0,1,"BUYER, Stephen Earle",B001203,1958,,0.435,0.192,-187.31896,0.809,884,66,,0.371,0.128,1
105,House,29720,22,10,IN,100,D,0,1,"CARSON, Julia May",C000191,1938,2007,-0.464,-0.156,-217.92181,0.775,853,88,,-0.47,-0.205,0
105,House,10732,22,9,IN,100,D,0,1,"HAMILTON, Lee Herbert",H000114,1931,,-0.171,-0.053,-378.32495,0.666,931,163,,-0.2,0.195,0
105,House,29520,22,8,IN,200,R,0,1,"HOSTETTLER, John Nathan",H000807,1961,,0.705,0.077,-240.35907,0.773,935,110,,0.673,-0.105,1
105,House,29518,22,2,IN,200,R,0,1,"McINTOSH, David Martin",M000481,1958,,0.576,0.008,-198.61239,0.796,871,82,,0.666,-0.147,0
105,House,29719,22,7,IN,200,R,0,1,"PEASE, Edward Allan",P000171,1951,,0.413,-0.129,-197.56731,0.811,943,77,,0.386,-0.085,0
105,House,29117,22,3,IN,100,D,0,1,"ROEMER, Timothy John",R000385,1956,,-0.165,0.229,-354.41058,0.685,937,171,,-0.164,0.255,0
105,House,29519,22,4,IN,200,R,0,1,"SOUDER, Mark Edward",S001143,1950,2022,0.435,-0.011,-242.4945,0.765,905,100,,0.507,-0.227,0
105,House,15124,22,1,IN,100,D,0,1,"VISCLOSKY, Peter",V000108,1949,,-0.402,0.244,-361.15317,0.67733,927,180,,-0.359,0.334,0
105,House,29716,21,5,IL,100,D,0,1,"BLAGOJEVICH, Rod R.",B000518,1956,,-0.317,-0.188,-228.25657,0.78,920,101,,-0.321,-0.203,1
105,House,15453,21,12,IL,100,D,0,1,"COSTELLO, Jerry Francis",C000794,1949,,-0.317,0.657,-322.49282,0.705,923,166,,-0.298,0.553,0
105,House,12041,21,8,IL,200,R,0,1,"CRANE, Philip Miller",C000873,1930,2014,0.739,0.023,-171.60486,0.825,892,76,,0.698,-0.115,0
105,House,29717,21,7,IL,100,D,0,1,"DAVIS, Danny K.",D000096,1941,,-0.487,-0.266,-234.87188,0.77404,917,106,,-0.501,-0.499,0
105,House,15023,21,17,IL,100,D,0,1,"EVANS, Lane Allen",E000250,1951,2014,-0.454,-0.181,-242.96161,0.772,941,99,,-0.42,-0.155,1
105,House,29115,21,15,IL,200,R,0,1,"EWING, Thomas W.",E000282,1935,,0.361,-0.094,-178.60494,0.823,917,66,,0.316,-0.116,0
105,House,15098,21,13,IL,200,R,0,1,"FAWELL, Harris W.",F000049,1929,2021,0.332,-0.616,-242.04828,0.764,899,96,,0.311,-0.702,0
105,House,29348,21,4,IL,100,D,0,1,"GUTI√âRREZ, Luis V.",G000535,1953,,-0.487,-0.26,-264.38068,0.74691,906,124,,-0.48,-0.26,0
105,House,15417,21,14,IL,200,R,0,1,"HASTERT, John Dennis",H000323,1942,,0.443,-0.122,-139.97775,0.86,931,54,,0.422,0.024,0
105,House,14239,21,6,IL,200,R,0,1,"HYDE, Henry John",H001022,1924,2007,0.312,-0.18,-192.29921,0.811,918,82,,0.346,-0.045,0
105,House,29585,21,2,IL,100,D,0,1,"JACKSON, Jesse L., Jr.",J000283,1965,,-0.538,-0.513,-182.92468,0.824,946,73,,-0.539,-0.702,0
105,House,29517,21,18,IL,200,R,0,1,"LaHOOD, Ray H.",L000552,1945,,0.246,-0.076,-261.69236,0.757,942,97,,0.253,-0.043,0
105,House,15036,21,3,IL,100,D,0,1,"LIPINSKI, William Oliver",L000342,1937,,-0.176,0.3,-418.94785,0.622,883,186,,-0.146,0.328,0
105,House,29349,21,16,IL,200,R,0,1,"MANZULLO, Donald A.",M001138,1944,,0.51,0,-194.90362,0.811,930,81,,0.557,-0.123,0
105,House,14677,21,10,IL,200,R,0,1,"PORTER, John Edward",P000444,1935,2022,0.217,-0.604,-219.99818,0.787,917,97,,0.241,-0.781,0
105,House,15620,21,19,IL,100,D,0,1,"POSHARD, Glenn",P000452,1945,,-0.211,0.392,-297.12423,0.696,820,140,,-0.318,0.471,0
105,House,29346,21,1,IL,100,D,0,1,"RUSH, Bobby L.",R000515,1946,,-0.479,-0.203,-214.92571,0.78673,896,107,,-0.493,-0.362,0
105,House,29718,21,20,IL,200,R,0,1,"SHIMKUS, John M.",S000364,1958,,0.375,0.154,-155.95192,0.84653,936,56,,0.323,0.092,0
105,House,29516,21,11,IL,200,R,0,1,"WELLER, Gerald C. (Jerry)",W000273,1957,,0.288,0.2,-321.19546,0.709,935,116,,0.304,0.083,0
105,House,10421,21,9,IL,100,D,0,1,"YATES, Sidney Richard",Y000013,1909,2000,-0.494,-0.494,-171.34838,0.783,700,75,,-0.535,-0.591,0
105,House,29514,63,1,ID,200,R,0,1,"CHENOWETH-HAGE, Helen P.",C000345,1938,2006,0.797,0.526,-295.07046,0.724,913,112,,0.676,0.428,0
105,House,29345,63,2,ID,200,R,0,1,"CRAPO, Michael Dean",C000880,1951,,0.504,0.293,-224.44159,0.78331,919,80,,0.414,0.154,0
105,House,29721,31,3,IA,100,D,0,1,"BOSWELL, Leonard L.",B000652,1934,2018,-0.238,0.289,-337.79239,0.698,941,145,,-0.177,0.225,0
105,House,29521,31,4,IA,200,R,0,1,"GANSKE, Greg",G000041,1949,,0.239,-0.3,-276.51547,0.743,931,113,,0.283,-0.385,0
105,House,29522,31,5,IA,200,R,0,1,"LATHAM, Thomas",L000111,1948,,0.302,0.308,-153.31177,0.85,942,61,,0.336,0.052,0
105,House,14432,31,1,IA,200,R,0,1,"LEACH, James Albert Smith",L000169,1942,2024,0.141,-0.79,-267.14861,0.748,920,119,,0.123,-0.543,0
105,House,29118,31,2,IA,200,R,0,1,"NUSSLE, James Allen",N000172,1960,,0.417,-0.178,-241.40046,0.772,933,94,,0.382,-0.04,0
105,House,15245,82,1,HI,100,D,0,1,"ABERCROMBIE, Neil",A000014,1938,,-0.432,-0.026,-320.20869,0.709,931,136,,-0.413,0.142,1
105,House,10757,82,2,HI,100,D,0,1,"MINK, Patsy Takemoto",M000797,1927,2002,-0.513,-0.067,-247.12548,0.767,931,103,,-0.549,-0.01,0
105,House,29511,44,7,GA,200,R,0,1,"BARR, Bob",B000169,1948,,0.632,0.218,-176.84772,0.826,923,83,,0.692,0.091,0
105,House,29339,44,2,GA,100,D,0,1,"BISHOP, Sanford Dixon, Jr.",B000490,1947,,-0.287,0.447,-315.60626,0.71248,931,146,,-0.254,0.511,0
105,House,29512,44,8,GA,200,R,0,1,"CHAMBLISS, Saxby",C000286,1943,,0.423,0.205,-128.30131,0.871,928,48,,0.384,0.321,1
105,House,29340,44,3,GA,200,R,0,1,"COLLINS, Michael Allen (Mac)",C000640,1944,2018,0.536,0.324,-170.20322,0.829,910,69,,0.536,0.107,0
105,House,99342,44,9,GA,200,R,0,1,"DEAL, John Nathan",D000168,1942,,0.581,0.139,-181.06684,0.823,928,87,,0.542,0.048,0
105,House,14627,44,6,GA,200,R,0,1,"GINGRICH, Newton Leroy",G000225,1943,,0.377,-0.257,-12.38816,0.905,124,2,,0.501,-0.133,0
105,House,29338,44,1,GA,200,R,0,1,"KINGSTON, Jack",K000220,1955,,0.54,0.302,-241.36332,0.771,930,94,,0.531,-0.074,0
105,House,15431,44,5,GA,100,D,0,1,"LEWIS, John R.",L000287,1940,2020,-0.589,-0.221,-185.93922,0.80637,864,89,,-0.663,0.044,0
105,House,29341,44,11,GA,200,R,0,1,"LINDER, John Elmer",L000321,1942,,0.559,-0.008,-158.95449,0.84,912,61,,0.447,-0.01,0
105,House,29344,44,4,GA,100,D,0,1,"McKINNEY, Cynthia Ann",M000523,1955,,-0.533,-0.583,-256.06745,0.753,901,115,,-0.47,-0.725,1
105,House,29513,44,10,GA,200,R,0,1,"NORWOOD, Charles W., Jr.",N000159,1941,2007,0.533,0.469,-136.38893,0.86,904,56,,0.516,0.364,0
105,House,15006,43,9,FL,200,R,0,1,"BILIRAKIS, Michael",B000463,1930,,0.382,-0.219,-177.5141,0.826,928,69,,0.363,-0.114,0
105,House,29713,43,2,FL,100,D,0,1,"BOYD, F. Allen, Jr.",B000716,1945,,-0.181,0.414,-314.35074,0.716,940,140,,-0.172,0.315,1
105,House,29328,43,3,FL,100,D,0,1,"BROWN, Corrine",B000911,1946,,-0.429,0.192,-223.89692,0.777,887,91,,-0.428,0.01,0
105,House,29332,43,12,FL,200,R,0,1,"CANADY, Charles Terrance",C000107,1954,,0.382,0.031,-142.31817,0.859,937,56,,0.381,0.126,0
105,House,29714,43,11,FL,100,D,0,1,"DAVIS, Jim",D000114,1957,,-0.278,0.025,-321.35688,0.707,928,153,,-0.301,0.103,0
105,House,29335,43,20,FL,100,D,0,1,"DEUTSCH, Peter R.",D000275,1957,,-0.324,-0.115,-332.28982,0.689,893,162,,-0.374,0.025,0
105,House,29336,43,21,FL,200,R,0,1,"DIAZ-BALART, Lincoln",D000299,1954,2025,0.243,-0.105,-243.60495,0.764,906,98,,0.21,-0.106,0
105,House,29510,43,16,FL,200,R,0,1,"FOLEY, Mark A.",F000238,1954,,0.311,-0.381,-211.27691,0.795,919,109,,0.363,-0.421,0
105,House,29329,43,4,FL,200,R,0,1,"FOWLER, Tillie Kidd",F000328,1942,2005,0.329,-0.209,-185.26801,0.815,904,78,,0.393,-0.205,1
105,House,15605,43,14,FL,200,R,0,1,"GOSS, Porter J.",G000336,1938,,0.421,-0.394,-163.03433,0.831,881,69,,0.456,-0.347,0
105,House,29337,43,23,FL,100,D,0,1,"HASTINGS, Alcee Lamar",H000324,1936,2021,-0.564,0.157,-245.34497,0.7518,860,103,,-0.594,0.175,0
105,House,14842,43,8,FL,200,R,0,1,"McCOLLUM, Ira William, Jr. (Bill)",M000350,1944,,0.377,-0.101,-176.4908,0.825,916,79,,0.437,-0.082,0
105,House,29334,43,17,FL,100,D,0,1,"MEEK, Carrie P.",M000628,1926,2021,-0.483,0.12,-254.12357,0.751,888,112,,-0.468,0.107,0
105,House,29331,43,7,FL,200,R,0,1,"MICA, John L.",M000689,1943,,0.453,0.137,-152.78342,0.846,914,60,,0.401,0.146,0
105,House,29333,43,13,FL,200,R,0,1,"MILLER, Daniel",M000720,1942,,0.453,-0.494,-205.35501,0.801,927,87,,0.485,-0.612,0
105,House,15634,43,18,FL,200,R,0,1,"ROS-LEHTINEN, Ileana",R000435,1952,,0.244,-0.225,-233.69261,0.76997,894,92,,0.246,-0.182,0
105,House,39508,43,1,FL,200,R,0,1,"SCARBOROUGH, Charles Joseph",S000106,1963,,0.672,-0.433,-244.66723,0.757,877,112,,0.768,-0.416,1
105,House,14860,43,22,FL,200,R,0,1,"SHAW, Eugene Clay, Jr.",S000303,1939,2013,0.3,-0.142,-192.47433,0.814,935,82,,0.306,-0.28,0
105,House,15627,43,6,FL,200,R,0,1,"STEARNS, Clifford Bundy",S000822,1941,,0.554,-0.075,-219.94689,0.79,931,99,,0.645,0.171,0
105,House,29330,43,5,FL,100,D,0,1,"THURMAN, Karen L.",T000253,1951,,-0.304,0.273,-275.2526,0.746,941,135,,-0.355,0.285,0
105,House,29509,43,15,FL,200,R,0,1,"WELDON, David Joseph",W000267,1953,,0.471,0.146,-143.89003,0.851,889,71,,0.485,0.104,0
105,House,29715,43,19,FL,100,D,0,1,"WEXLER, Robert",W000314,1961,,-0.392,-0.193,-252.35341,0.755,899,113,,-0.369,-0.163,0
105,House,13047,43,10,FL,200,R,0,1,"YOUNG, Charles William (Bill)",Y000031,1930,2013,0.325,-0.112,-153.97291,0.833,840,57,,0.302,0.033,0
105,House,29327,11,1,DE,200,R,0,1,"CASTLE, Michael Newbold",C000243,1939,,0.229,-0.7,-240.9838,0.773,938,98,,0.166,-0.708,0
105,House,29109,1,3,CT,100,D,0,1,"DeLAURO, Rosa L.",D000216,1943,,-0.414,-0.107,-201.82185,0.80641,938,97,,-0.479,-0.089,0
105,House,14825,1,2,CT,100,D,0,1,"GEJDENSON, Samuel",G000120,1948,,-0.416,-0.486,-248.57833,0.766,932,118,,-0.456,-0.079,0
105,House,15028,1,6,CT,200,R,0,1,"JOHNSON, Nancy Lee",J000163,1935,,0.122,-0.513,-277.23625,0.744,936,117,,0.106,-0.724,0
105,House,14877,1,1,CT,100,D,0,1,"KENNELLY, Barbara Bailey",K000118,1936,,-0.346,-0.13,-207.3617,0.782,842,94,,-0.379,-0.158,0
105,House,29712,1,5,CT,100,D,0,1,"MALONEY, James H.",M000090,1948,,-0.244,-0.053,-313.08007,0.715,935,138,,-0.262,-0.053,1
105,House,15449,1,4,CT,200,R,0,1,"SHAYS, Christopher H.",S001144,1945,,0.129,-0.992,-277.35308,0.745,943,144,,0.13,-0.992,0
105,House,29710,62,1,CO,100,D,0,1,"DeGETTE, Diana",D000197,1957,,-0.431,-0.308,-177.67543,0.82455,921,73,,-0.461,-0.424,0
105,House,15419,62,5,CO,200,R,0,1,"HEFLEY, Joel M.",H000444,1935,,0.591,0.13,-285.81835,0.736,934,124,,0.663,0.153,1
105,House,29326,62,3,CO,200,R,0,1,"McINNIS, Scott",M000477,1953,,0.391,-0.083,-169.48239,0.828,897,73,,0.402,-0.095,0
105,House,15058,62,6,CO,200,R,0,1,"SCHAEFER, Daniel",S000109,1936,2006,0.479,-0.123,-162.35026,0.838,916,64,,0.485,0.251,0
105,House,29711,62,4,CO,200,R,0,1,"SCHAFFER, Robert W.",S000112,1962,,0.638,0.77,-299.73592,0.728,944,128,,0.732,0.622,0
105,House,15443,62,2,CO,100,D,0,1,"SKAGGS, David Evans",S000462,1943,,-0.355,-0.187,-247.70814,0.756,887,100,,-0.404,-0.367,0
105,House,29316,71,30,CA,100,D,0,1,"BECERRA, Xavier",B000287,1958,,-0.512,-0.283,-177.38198,0.81632,874,78,,-0.592,-0.159,0
105,House,15005,71,26,CA,100,D,0,1,"BERMAN, Howard Lawrence",B000410,1941,,-0.404,-0.286,-204.9316,0.786,850,82,,-0.363,-0.429,0
105,House,29508,71,49,CA,200,R,0,1,"BILBRAY, Brian P.",B000461,1951,,0.392,-0.376,-308.04722,0.718,929,147,,0.3,-0.51,0
105,House,29775,71,44,CA,200,R,2,2,"BONO, Mary",B001228,1961,,0.353,-0.218,-78.56314,0.796,344,32,,0.4,-0.133,1
105,House,29507,71,44,CA,200,R,1,1,"BONO, Sonny",B000622,1935,1998,0.375,0.001,-93.68341,0.825,488,36,,0.395,0.197,0
105,House,10573,71,42,CA,100,D,0,1,"BROWN, George Edward, Jr.",B000918,1920,1999,-0.506,-0.028,-255.23315,0.751,892,124,,-0.524,0.027,0
105,House,29323,71,43,CA,200,R,0,1,"CALVERT, Ken",C000059,1953,,0.339,0.276,-131.99866,0.86768,930,46,,0.347,0.151,0
105,House,15600,71,15,CA,200,R,0,1,"CAMPBELL, Thomas J.",C000100,1952,,0.256,-0.907,-471.55309,0.607,944,210,,0.321,-0.947,0
105,House,29774,71,22,CA,100,D,2,2,"CAPPS, Lois",C001036,1938,,-0.389,-0.227,-84.8961,0.797,374,32,,-0.311,-0.257,0
105,House,29706,71,22,CA,100,D,1,1,"CAPPS, Walter Holden",C000134,1934,1997,-0.351,-0.241,-86.87711,0.815,424,32,,-0.351,-0.253,0
105,House,15635,71,18,CA,100,D,0,1,"CONDIT, Gary Adrian",C000670,1948,,-0.103,0.3,-460.96043,0.611,936,218,,-0.139,0.447,0
105,House,15601,71,47,CA,200,R,0,1,"COX, Charles Christopher",C000830,1952,,0.54,-0.236,-181.94272,0.814,883,81,,0.574,-0.345,0
105,House,29107,71,51,CA,200,R,0,1,"CUNNINGHAM, Randall (Duke)",C000994,1941,,0.411,0.001,-159.52791,0.837,898,57,,0.408,0.226,0
105,House,13011,71,9,CA,100,D,1,1,"DELLUMS, Ronald V.",D000222,1935,2018,-0.644,-0.646,-102.79672,0.809,485,44,,-0.561,-0.785,1
105,House,14620,71,32,CA,100,D,0,1,"DIXON, Julian Carey",D000373,1934,2000,-0.458,-0.076,-213.80539,0.784,878,93,,-0.388,-0.239,0
105,House,29105,71,20,CA,100,D,0,1,"DOOLEY, Calvin M.",D000424,1954,,-0.19,0.103,-346.0798,0.688,926,155,,-0.239,0.079,0
105,House,29104,71,4,CA,200,R,0,1,"DOOLITTLE, John Taylor",D000429,1950,,0.519,0.156,-184.64637,0.816,906,76,,0.614,0.371,0
105,House,14813,71,28,CA,200,R,0,1,"DREIER, David Timothy",D000492,1952,,0.478,-0.084,-184.90673,0.82,934,76,,0.423,0.023,0
105,House,29312,71,14,CA,100,D,0,1,"ESHOO, Anna Georges",E000215,1942,,-0.379,-0.372,-231.6657,0.77718,919,101,,-0.432,-0.409,0
105,House,29313,71,17,CA,100,D,0,1,"FARR, Sam",F000030,1941,,-0.455,-0.219,-221.9345,0.778,882,98,,-0.453,-0.118,0
105,House,14624,71,3,CA,100,D,0,1,"FAZIO, Victor Herbert, Jr.",F000053,1942,2022,-0.455,0.36,-284.32455,0.735,923,145,,-0.473,0.393,0
105,House,29325,71,50,CA,100,D,0,1,"FILNER, Bob",F000116,1942,2025,-0.652,0.002,-212.00086,0.794,920,87,,-0.692,0.033,0
105,House,15413,71,23,CA,200,R,0,1,"GALLEGLY, Elton W.",G000021,1944,,0.402,-0.1,-164.68308,0.836,919,64,,0.315,0.012,0
105,House,29318,71,36,CA,100,D,0,1,"HARMAN, Jane L.",H000213,1945,,-0.262,-0.12,-293.86786,0.692,798,131,,-0.289,-0.073,1
105,House,15420,71,2,CA,200,R,0,1,"HERGER, Walter William (Wally)",H000528,1945,,0.551,0.117,-157.22309,0.841,905,63,,0.577,0.23,0
105,House,29320,71,38,CA,200,R,0,1,"HORN, John Stephen (Steve)",H000789,1931,2011,0.167,-0.651,-250.66998,0.767,943,109,,0.185,-0.699,0
105,House,14835,71,52,CA,200,R,0,1,"HUNTER, Duncan Lee",H000981,1948,,0.47,0.02,-184.52868,0.814,896,77,,0.493,0.275,1
105,House,29322,71,41,CA,200,R,0,1,"KIM, Jay C.",K000181,1939,,0.39,-0.084,-190.92159,0.816,938,91,,0.295,-0.054,0
105,House,14837,71,12,CA,100,D,0,1,"LANTOS, Thomas Peter",L000090,1928,2008,-0.376,-0.033,-179.03264,0.819,895,78,,-0.396,-0.195,0
105,House,29778,71,9,CA,100,D,2,2,"LEE, Barbara",L000551,1946,,-0.676,-0.582,-42.91858,0.88334,346,17,,-0.749,-0.508,0
105,House,14644,71,40,CA,200,R,0,1,"LEWIS, Charles Jeremy (Jerry)",L000274,1934,2021,0.348,-0.101,-235.20126,0.774,916,102,,0.272,-0.064,0
105,House,29504,71,16,CA,100,D,0,1,"LOFGREN, Zoe",L000397,1947,,-0.397,-0.404,-243.1308,0.7693,927,99,,-0.399,-0.492,0
105,House,14879,71,31,CA,100,D,0,1,"MART√çNEZ, Matthew G.",M000206,1929,2011,-0.341,0.106,-361.61701,0.66,870,159,,-0.42,0.426,0
105,House,14649,71,5,CA,100,D,0,1,"MATSUI, Robert T.",M000249,1941,2005,-0.404,-0.03,-215.60373,0.793,928,81,,-0.361,-0.101,0
105,House,29315,71,25,CA,200,R,0,1,"McKEON, Howard P. (Buck)",M000508,1938,,0.396,0.208,-148.30847,0.853,934,55,,0.441,0.178,1
105,House,29586,71,37,CA,100,D,0,1,"MILLENDER-McDONALD, Juanita",M000714,1938,2007,-0.438,-0.16,-183.21015,0.818,910,74,,-0.478,-0.128,0
105,House,14256,71,7,CA,100,D,0,1,"MILLER, George",M000725,1945,,-0.552,-0.398,-197.13848,0.797,869,94,,-0.628,-0.321,0
105,House,15051,71,48,CA,200,R,0,1,"PACKARD, Ronald C.",P000005,1931,,0.419,0.152,-157.51418,0.844,928,61,,0.347,0.185,0
105,House,15448,71,8,CA,100,D,0,1,"PELOSI, Nancy",P000197,1940,,-0.489,-0.18,-168.49143,0.8277,891,66,,-0.545,-0.318,0
105,House,29311,71,11,CA,200,R,0,1,"POMBO, Richard William",P000419,1961,,0.461,0.469,-252.38864,0.76,918,102,,0.635,0.452,0
105,House,29505,71,19,CA,200,R,0,1,"RADANOVICH, George P.",R000004,1955,,0.484,0.18,-158.92734,0.837,892,66,,0.544,0.105,0
105,House,29103,71,1,CA,200,R,0,1,"RIGGS, Frank D.",R000252,1950,2023,0.333,-0.28,-176.69156,0.805,815,71,,0.372,-0.153,0
105,House,29708,71,27,CA,200,R,0,1,"ROGAN, James E.",R000386,1957,,0.475,-0.088,-186.99061,0.813,904,79,,0.505,-0.098,0
105,House,15621,71,45,CA,200,R,0,1,"ROHRABACHER, Dana",R000409,1947,,0.626,-0.417,-244.03143,0.77114,939,104,,0.732,-0.449,0
105,House,29317,71,33,CA,100,D,0,1,"ROYBAL-ALLARD, Lucille",R000486,1941,,-0.469,-0.171,-154.71505,0.84397,912,54,,-0.491,-0.288,0
105,House,29321,71,39,CA,200,R,0,1,"ROYCE, Edward Randall",R000487,1951,,0.657,-0.353,-236.31834,0.77018,905,112,,0.817,-0.54,0
105,House,29709,71,46,CA,100,D,0,1,"SANCHEZ, Loretta",S000030,1960,,-0.367,0.025,-247.46586,0.759,896,121,,-0.334,-0.011,1
105,House,29707,71,24,CA,100,D,0,1,"SHERMAN, Brad",S000344,1954,,-0.344,-0.137,-322.51858,0.70826,935,152,,-0.25,-0.196,0
105,House,14053,71,13,CA,100,D,0,1,"STARK, Fortney Hillman (Pete), Jr.",S000810,1931,2020,-0.631,-0.605,-185.09404,0.803,843,93,,-0.607,-0.61,0
105,House,29705,71,10,CA,100,D,0,1,"TAUSCHER, Ellen O'Kane",T000057,1951,2019,-0.308,-0.169,-287.65164,0.735,935,141,,-0.28,-0.18,1
105,House,14669,71,21,CA,200,R,0,1,"THOMAS, William Marshall",T000188,1941,,0.371,-0.277,-208.99002,0.799,933,92,,0.338,-0.268,0
105,House,15070,71,34,CA,100,D,0,1,"TORRES, Esteban Edward",T000316,1930,2022,-0.487,0.012,-184.7534,0.798,818,74,,-0.525,-0.14,0
105,House,29106,71,35,CA,100,D,0,1,"WATERS, Maxine",W000187,1938,,-0.656,-0.094,-220.85539,0.77915,885,91,,-0.656,-0.149,0
105,House,14280,71,29,CA,100,D,0,1,"WAXMAN, Henry Arnold",W000215,1939,,-0.473,-0.343,-173.01592,0.825,897,79,,-0.509,-0.43,0
105,House,29309,71,6,CA,100,D,0,1,"WOOLSEY, Lynn C.",W000738,1937,,-0.556,-0.529,-188.51546,0.816,927,81,,-0.511,-0.347,0
105,House,29502,61,6,AZ,200,R,0,1,"HAYWORTH, John D., Jr.",H000413,1958,,0.559,-0.018,-161.79662,0.842,944,71,,0.52,-0.127,0
105,House,15105,61,5,AZ,200,R,0,1,"KOLBE, James Thomas",K000306,1942,2022,0.351,-0.534,-292.15627,0.73,928,130,,0.328,-0.627,0
105,House,29101,61,2,AZ,100,D,0,1,"PASTOR, Ed",P000099,1943,2018,-0.421,0.12,-300.1821,0.727,941,116,,-0.368,0.016,0
105,House,29500,61,1,AZ,200,R,0,1,"SALMON, Matthew James",S000018,1958,,0.673,-0.272,-220.20783,0.788,922,91,,0.729,-0.299,0
105,House,29501,61,4,AZ,200,R,0,1,"SHADEGG, John B.",S000275,1949,,0.749,0.008,-192.90188,0.813,931,68,,0.731,-0.026,0
105,House,14454,61,3,AZ,200,R,0,1,"STUMP, Robert Lee",S001044,1927,2003,0.703,0.203,-176.8264,0.829,945,76,,0.681,0.308,1
105,House,29702,42,1,AR,100,D,0,1,"BERRY, Robert Marion",B000420,1942,2023,-0.293,0.956,-367.33058,0.674,931,166,,-0.3,0.804,0
105,House,29307,42,4,AR,200,R,0,1,"DICKEY, Jay W., Jr.",D000312,1939,2017,0.391,0.22,-205.43657,0.8,923,80,,0.387,0.129,0
105,House,29704,42,3,AR,200,R,0,1,"HUTCHINSON, Asa",H001014,1950,,0.358,0.133,-194.43802,0.808,913,85,,0.355,0.032,0
105,House,29703,42,2,AR,100,D,0,1,"SNYDER, Victor F.",S000672,1947,,-0.268,0.055,-273.15426,0.748,941,122,,-0.279,0.053,1
105,House,29701,41,4,AL,200,R,0,1,"ADERHOLT, Robert",A000055,1965,,0.405,0.467,-146.14711,0.85629,942,61,,0.406,0.56,0
105,House,29301,41,6,AL,200,R,0,1,"BACHUS, Spencer T., III",B000013,1947,,0.387,0.228,-214.33865,0.796,939,83,,0.361,0.111,0
105,House,15090,41,1,AL,200,R,0,1,"CALLAHAN, Herbert Leon (Sonny)",C000052,1932,2021,0.373,0.202,-147.85898,0.85,907,58,,0.358,0.215,0
105,House,29100,41,5,AL,100,D,0,1,"CRAMER, Robert E. (Bud), Jr.",C000868,1947,,-0.132,0.612,-276.68973,0.744,935,118,,-0.123,0.56,0
105,House,29300,41,2,AL,200,R,0,1,"EVERETT, Robert Terry",E000268,1937,2024,0.414,0.528,-146.55103,0.855,939,52,,0.417,0.564,1
105,House,29302,41,7,AL,100,D,0,1,"HILLIARD, Earl Frederick",H000621,1942,,-0.555,0.569,-273.44606,0.733,879,121,,-0.529,0.386,0
105,House,29700,41,3,AL,200,R,0,1,"RILEY, Robert",R000258,1944,,0.433,0.692,-126.77845,0.866,880,50,,0.447,0.579,1
105,House,14066,81,1,AK,200,R,0,1,"YOUNG, Donald Edwin",Y000033,1933,2022,0.283,0.022,-194.03671,0.77826,774,85,,0.319,0.187,0
106,House,29584,68,1,WY,200,R,0,1,"CUBIN, Barbara L.",C000962,1946,,0.501,0.345,-157.35533,0.829,838,60,,0.509,0.318,0
106,House,15083,56,1,WV,100,D,0,1,"MOLLOHAN, Alan Bowlby",M000844,1943,,-0.292,0.657,-330.05164,0.661,798,135,,-0.197,0.495,0
106,House,14448,56,3,WV,100,D,0,1,"RAHALL, Nick Joe, II",R000011,1949,,-0.306,0.45,-332.58176,0.679,859,138,,-0.301,0.539,0
106,House,15077,56,2,WV,100,D,0,1,"WISE, Robert Ellsworth, Jr.",W000654,1948,,-0.32,0.253,-244.34648,0.718,738,112,,-0.238,0.341,0
106,House,29940,25,2,WI,100,D,0,1,"BALDWIN, Tammy",B001230,1962,,-0.488,-0.13,-187.75403,0.80055,844,94,,-0.526,-0.414,0
106,House,39315,25,5,WI,100,D,0,1,"BARRETT, Thomas M.",B000177,1953,,-0.38,-0.507,-241.57378,0.757,868,113,,-0.451,-0.519,0
106,House,29941,25,8,WI,200,R,0,1,"GREEN, Mark",G000545,1960,,0.456,-0.294,-226.45812,0.769,864,102,,0.452,-0.22,0
106,House,29769,25,3,WI,100,D,0,1,"KIND, Ron",K000188,1963,,-0.26,-0.08,-327.38185,0.6843,863,141,,-0.286,-0.252,0
106,House,15082,25,4,WI,100,D,0,1,"KLECZKA, Gerald Daniel",K000259,1943,2017,-0.322,-0.093,-263.47143,0.736,860,117,,-0.327,-0.093,0
106,House,12036,25,7,WI,100,D,0,1,"OBEY, David Ross",O000007,1938,,-0.45,-0.063,-322.37663,0.685,852,129,,-0.478,0.069,0
106,House,14675,25,6,WI,200,R,0,1,"PETRI, Thomas Evert",P000265,1940,,0.379,-0.367,-310.0551,0.7,870,144,,0.518,-0.442,0
106,House,29939,25,1,WI,200,R,0,1,"RYAN, Paul D.",R000570,1970,,0.556,-0.25,-229.70399,0.76772,869,98,,0.527,-0.287,0
106,House,14657,25,9,WI,200,R,0,1,"SENSENBRENNER, Frank James, Jr.",S000244,1943,,0.638,-0.579,-298.31077,0.70831,865,126,,0.818,-0.482,0
106,House,29938,73,3,WA,100,D,0,1,"BAIRD, Brian",B001229,1956,,-0.342,0.257,-285.46747,0.718,863,131,,-0.41,0.27,0
106,House,14413,73,6,WA,100,D,0,1,"DICKS, Norman DeValois",D000327,1940,,-0.312,0.11,-192.39912,0.795,840,69,,-0.319,-0.049,0
106,House,39312,73,8,WA,200,R,0,1,"DUNN, Jennifer Blackburn",D000549,1941,2007,0.384,-0.261,-173.04292,0.813,835,76,,0.384,-0.274,0
106,House,29580,73,4,WA,200,R,0,1,"HASTINGS, Richard Norman (Doc)",H000329,1941,,0.416,0.411,-119.16722,0.87,859,43,,0.461,0.253,0
106,House,29937,73,1,WA,100,D,0,1,"INSLEE, Jay Robert",I000026,1951,,-0.33,-0.194,-286.64654,0.72,873,135,,-0.294,-0.275,0
106,House,15613,73,7,WA,100,D,0,1,"McDERMOTT, James A.",M000404,1936,,-0.666,-0.197,-167.10203,0.797,736,82,,-0.736,-0.08,0
106,House,29578,73,2,WA,200,R,0,1,"METCALF, Jack",M000669,1927,2007,0.384,-0.169,-261.19792,0.73,829,116,,0.464,-0.203,0
106,House,29581,73,5,WA,200,R,0,1,"NETHERCUTT, George R., Jr.",N000051,1944,2024,0.357,0.08,-170.22626,0.818,845,70,,0.374,0.078,0
106,House,29768,73,9,WA,100,D,0,1,"SMITH, Adam",S000510,1965,,-0.291,-0.166,-317.09159,0.67041,793,129,,-0.212,-0.139,1
106,House,29147,6,1,VT,328,I,0,1,"SANDERS, Bernard",S000033,1941,,-0.543,-0.421,-179.86852,0.80928,850,71,,-0.532,-0.552,0
106,House,15003,40,1,VA,200,R,0,1,"BATEMAN, Herbert Harvell",B000229,1928,2000,0.242,0.191,-192.7989,0.775,755,68,,0.306,-0.028,1
106,House,14802,40,7,VA,200,R,0,1,"BLILEY, Thomas Jerome, Jr.",B000556,1932,2023,0.382,-0.13,-163.19284,0.823,839,61,,0.369,0.103,0
106,House,15010,40,9,VA,100,D,0,1,"BOUCHER, Frederick C.",B000657,1946,,-0.265,0.189,-287.42793,0.703,814,136,,-0.221,0.159,0
106,House,29576,40,11,VA,200,R,0,1,"DAVIS, Thomas M., III",D000136,1949,,0.282,-0.404,-192.51401,0.798,852,81,,0.279,-0.41,0
106,House,29767,40,5,VA,100,D,0,1,"GOODE, Virgil H., Jr.",G000280,1946,,0.118,0.993,-198.00414,0.645,452,88,,0.211,0.977,0
106,House,99767,40,5,VA,328,I,0,1,"GOODE, Virgil H., Jr.",G000280,1946,,0.583,0.541,-87.54051,0.81,416,34,,0.51,0.381,0
106,House,39308,40,6,VA,200,R,0,1,"GOODLATTE, Robert William",G000289,1952,,0.496,-0.002,-153.30777,0.83461,848,54,,0.502,0.176,0
106,House,29149,40,8,VA,100,D,0,1,"MORAN, James P.",M000933,1945,,-0.302,-0.203,-297.57434,0.701,838,133,,-0.254,-0.179,0
106,House,15437,40,2,VA,100,D,0,1,"PICKETT, Owen Bradford",P000326,1930,2010,-0.149,0.555,-422.76963,0.604,839,195,,-0.199,0.653,1
106,House,39307,40,3,VA,100,D,0,1,"SCOTT, Robert C.",S000185,1947,,-0.45,-0.003,-243.98347,0.75174,855,90,,-0.452,0.017,0
106,House,15060,40,4,VA,100,D,0,1,"SISISKY, Norman",S000453,1927,2001,-0.122,0.453,-291.94008,0.713,862,133,,-0.14,0.378,1
106,House,14869,40,10,VA,200,R,0,1,"WOLF, Frank Rudolph",W000672,1939,,0.284,-0.213,-201.41309,0.792,866,74,,0.235,-0.048,0
106,House,29766,67,3,UT,200,R,0,1,"CANNON, Christopher B.",C000116,1950,2024,0.596,0.017,-146.85028,0.841,849,53,,0.607,0.046,0
106,House,29765,67,2,UT,200,R,0,1,"COOK, Merrill",C000722,1946,,0.364,-0.059,-185.58431,0.774,726,85,,0.394,-0.01,0
106,House,14829,67,1,UT,200,R,0,1,"HANSEN, James Vear",H000172,1932,2018,0.496,0.143,-168.31968,0.817,832,71,,0.386,0.287,0
106,House,13002,49,7,TX,200,R,0,1,"ARCHER, William Reynolds, Jr.",A000215,1928,,0.496,0.2,-184.60665,0.796,808,72,,0.605,-0.07,0
106,House,15125,49,26,TX,200,R,0,1,"ARMEY, Richard Keith",A000217,1940,,0.635,-0.089,-145.02825,0.845,860,52,,0.538,0.006,0
106,House,15085,49,6,TX,200,R,0,1,"BARTON, Joe Linus",B000213,1949,,0.528,0.047,-194.11098,0.77994,781,78,,0.579,0.234,0
106,House,29574,49,25,TX,100,D,0,1,"BENTSEN, Kenneth E., Jr.",B000400,1959,,-0.292,0.116,-210.40807,0.782,856,81,,-0.302,0.107,0
106,House,39302,49,23,TX,200,R,0,1,"BONILLA, Henry",B000617,1954,,0.4,0.136,-199.24953,0.792,855,83,,0.39,0.158,0
106,House,29760,49,8,TX,200,R,0,1,"BRADY, Kevin Patrick",B000755,1955,,0.52,0.239,-159.35131,0.82813,845,68,,0.481,0.072,0
106,House,15093,49,19,TX,200,R,0,1,"COMBEST, Larry Ed",C000653,1945,,0.458,0.555,-138.31184,0.85,851,56,,0.469,0.287,0
106,House,15094,49,22,TX,200,R,0,1,"DeLAY, Thomas Dale",D000217,1947,,0.593,0.059,-136.3329,0.851,842,53,,0.592,0.059,0
106,House,29571,49,10,TX,100,D,0,1,"DOGGETT, Lloyd Alton, II",D000399,1946,,-0.403,-0.33,-279.69185,0.7248,869,124,,-0.423,-0.555,0
106,House,29144,49,11,TX,100,D,0,1,"EDWARDS, Thomas Chester (Chet)",E000063,1951,,-0.226,0.5,-272.78138,0.726,852,132,,-0.293,0.295,0
106,House,14626,49,24,TX,100,D,0,1,"FROST, Jonas Martin",F000392,1942,,-0.316,0.354,-189.60036,0.796,832,71,,-0.316,0.204,0
106,House,29943,49,20,TX,100,D,0,1,"GONZALEZ, Charles A.",G000544,1945,,-0.347,0.262,-184.14047,0.809,868,61,,-0.376,-0.002,0
106,House,29762,49,12,TX,200,R,0,1,"GRANGER, Kay",G000377,1943,,0.403,0.243,-161.15641,0.82294,827,60,,0.347,-0.019,0
106,House,39304,49,29,TX,100,D,0,1,"GREEN, Raymond Eugene (Gene)",G000410,1947,,-0.324,0.453,-300.58398,0.69526,827,125,,-0.307,0.42,0
106,House,14828,49,4,TX,100,D,0,1,"HALL, Ralph Moody",H000067,1923,2019,0.096,0.995,-374.00008,0.651,870,157,,0.081,0.927,0
106,House,29763,49,15,TX,100,D,0,1,"HINOJOSA, Rub√©n",H000636,1940,,-0.34,0.235,-147.5323,0.831,799,38,,-0.329,0.062,0
106,House,29573,49,18,TX,100,D,0,1,"JACKSON LEE, Sheila",J000032,1950,,-0.459,0.121,-176.43344,0.80513,814,76,,-0.445,0.039,0
106,House,39305,49,30,TX,100,D,0,1,"JOHNSON, Eddie Bernice",J000126,1934,2023,-0.485,0.198,-184.74518,0.80362,845,83,,-0.472,0.103,0
106,House,29143,49,3,TX,200,R,0,1,"JOHNSON, Sam",J000174,1930,2020,0.61,0.277,-155.53126,0.83134,842,66,,0.662,0.101,0
106,House,29761,49,9,TX,100,D,0,1,"LAMPSON, Nicholas V.",L000043,1945,,-0.179,0.186,-235.85651,0.763,870,97,,-0.298,0.352,0
106,House,15049,49,27,TX,100,D,0,1,"ORTIZ, Solomon P.",O000107,1937,,-0.272,0.712,-215.64106,0.777,854,76,,-0.239,0.582,1
106,House,14290,49,14,TX,200,R,0,1,"PAUL, Ronald Ernest",P000583,1935,,0.863,-0.505,-494.42665,0.556,842,211,,0.935,-0.354,0
106,House,29764,49,16,TX,100,D,0,1,"REYES, Silvestre",R000170,1944,,-0.321,0.304,-180.90129,0.801,814,62,,-0.301,0.21,1
106,House,29771,49,28,TX,100,D,0,1,"RODRIGUEZ, Ciro D.",R000568,1946,,-0.349,0.238,-173.06955,0.816,849,49,,-0.356,0.095,1
106,House,29757,49,1,TX,100,D,0,1,"SANDLIN, Max A.",S000044,1952,,-0.25,0.546,-241.65967,0.754,856,109,,-0.225,0.497,0
106,House,29759,49,5,TX,200,R,0,1,"SESSIONS, Pete",S000250,1955,,0.585,0.171,-153.51537,0.83704,863,54,,0.575,0.052,0
106,House,15445,49,21,TX,200,R,0,1,"SMITH, Lamar Seeligson",S000583,1947,,0.425,0.061,-120.90625,0.86784,853,29,,0.406,0.178,0
106,House,14664,49,17,TX,100,D,0,1,"STENHOLM, Charles Walter",S000851,1938,2023,0.019,1,-365.23599,0.657,868,160,,-0.103,0.995,0
106,House,29572,49,13,TX,200,R,0,1,"THORNBERRY, William McClellan (Mac)",T000238,1958,,0.525,0.313,-151.37573,0.83963,866,59,,0.471,0.335,1
106,House,29758,49,2,TX,100,D,0,1,"TURNER, Jim",T000424,1946,,-0.185,0.606,-228.96539,0.764,852,97,,-0.191,0.539,1
106,House,29569,54,7,TN,200,R,0,1,"BRYANT, Ed",B000996,1948,,0.442,0.25,-140.2119,0.851,867,57,,0.43,0.144,0
106,House,15450,54,5,TN,100,D,0,1,"CLEMENT, Robert Nelson",C000503,1943,,-0.216,0.327,-224.70496,0.769,854,77,,-0.212,0.396,0
106,House,15455,54,2,TN,200,R,0,1,"DUNCAN, John J., Jr.",D000533,1947,,0.604,-0.476,-379.73305,0.64304,860,158,,0.603,-0.096,0
106,House,29756,54,9,TN,100,D,0,1,"FORD, Harold, Jr.",F000262,1970,,-0.359,0.311,-235.27671,0.756,840,104,,-0.391,0.268,0
106,House,15100,54,6,TN,100,D,0,1,"GORDON, Barton Jennings",G000309,1949,,-0.204,0.286,-263.57853,0.73,839,113,,-0.181,0.385,0
106,House,29568,54,4,TN,200,R,0,1,"HILLEARY, Van",H000615,1959,,0.543,0.449,-223.19738,0.766,836,100,,0.558,0.308,1
106,House,29755,54,1,TN,200,R,0,1,"JENKINS, William Lewis",J000082,1936,,0.396,0.349,-151.13713,0.836,843,59,,0.369,0.344,0
106,House,15628,54,8,TN,100,D,0,1,"TANNER, John S.",T000038,1944,,-0.182,0.648,-290.74245,0.712,856,135,,-0.179,0.532,0
106,House,29567,54,3,TN,200,R,0,1,"WAMP, Zachary Paul",W000119,1957,,0.428,0.072,-231.43605,0.764,859,114,,0.475,-0.026,0
106,House,29754,37,1,SD,200,R,0,1,"THUNE, John",T000250,1961,,0.433,0.225,-198.70803,0.79643,873,83,,0.33,0.138,0
106,House,39301,48,6,SC,100,D,0,1,"CLYBURN, James Enos",C000537,1940,,-0.466,0.246,-208.33121,0.78286,851,88,,-0.5,0.273,0
106,House,29936,48,4,SC,200,R,0,1,"DeMINT, James W.",D000595,1951,,0.7,-0.102,-134.90572,0.852,841,54,,0.653,-0.052,0
106,House,29566,48,3,SC,200,R,0,1,"GRAHAM, Lindsey O.",G000359,1955,,0.366,-0.277,-227.19232,0.75979,827,102,,0.49,0.023,1
106,House,29565,48,1,SC,200,R,0,1,"SANFORD, Mark",S000051,1960,,0.686,-0.728,-409.55304,0.61974,856,170,,0.935,-0.353,0
106,House,13042,48,2,SC,200,R,0,1,"SPENCE, Floyd Davidson",S000718,1928,2001,0.32,0.185,-140.65362,0.845,835,69,,0.373,0.232,1
106,House,15064,48,5,SC,100,D,0,1,"SPRATT, John McKee, Jr.",S000749,1942,2024,-0.256,0.255,-212.29733,0.774,827,90,,-0.279,0.278,1
106,House,29564,5,1,RI,100,D,0,1,"KENNEDY, Patrick Joseph",K000113,1967,,-0.409,-0.062,-165.62751,0.817,821,58,,-0.434,-0.159,1
106,House,29753,5,2,RI,100,D,0,1,"WEYGAND, Robert A.",W000315,1948,,-0.33,0.183,-208.38731,0.776,823,96,,-0.324,0.185,0
106,House,15008,14,3,PA,100,D,0,1,"BORSKI, Robert Anthony, Jr.",B000644,1948,,-0.416,0.406,-239.1672,0.752,841,134,,-0.447,0.512,0
106,House,29777,14,1,PA,100,D,0,1,"BRADY, Robert A.",B001227,1945,,-0.484,0.225,-191.90678,0.79662,844,89,,-0.502,0.205,1
106,House,14808,14,14,PA,100,D,0,1,"COYNE, William Joseph",C000846,1936,2013,-0.494,-0.119,-138.26861,0.851,857,50,,-0.484,-0.34,0
106,House,29561,14,18,PA,100,D,0,1,"DOYLE, Michael F.",D000482,1953,,-0.331,0.099,-267.75338,0.72897,847,123,,-0.245,0.299,0
106,House,29563,14,21,PA,200,R,0,1,"ENGLISH, Philip Sheridan",E000187,1956,,0.251,0.053,-385.91432,0.635,851,146,,0.241,0.056,0
106,House,29559,14,2,PA,100,D,0,1,"FATTAH, Chaka",F000043,1956,,-0.472,-0.054,-150.48357,0.829,801,64,,-0.528,-0.16,0
106,House,15026,14,17,PA,200,R,0,1,"GEKAS, George William",G000121,1930,2021,0.426,-0.295,-181.72012,0.808,851,84,,0.337,0.077,0
106,House,14288,14,19,PA,200,R,0,1,"GOODLING, William Franklin",G000291,1927,2017,0.336,-0.494,-267.39511,0.728,841,141,,0.423,-0.185,0
106,House,29397,14,8,PA,200,R,0,1,"GREENWOOD, James Charles",G000439,1951,,0.225,-0.632,-183.28658,0.794,795,81,,0.21,-0.759,0
106,House,29934,14,13,PA,100,D,0,1,"HOEFFEL, Joseph M.",H001031,1950,,-0.338,-0.198,-177.78855,0.815,869,69,,-0.33,-0.163,0
106,House,29396,14,6,PA,100,D,0,1,"HOLDEN, Thomas Timothy (Tim)",H000712,1957,,-0.233,0.608,-253.22187,0.742,848,98,,-0.209,0.468,0
106,House,15104,14,11,PA,100,D,0,1,"KANJORSKI, Paul E.",K000008,1937,,-0.303,0.364,-256.75139,0.738,846,112,,-0.318,0.366,0
106,House,29395,14,4,PA,100,D,0,1,"KLINK, Ronald",K000270,1951,,-0.31,0.526,-233.13281,0.715,695,111,,-0.365,0.423,0
106,House,29562,14,20,PA,100,D,0,1,"MASCARA, Frank R.",M000212,1930,2011,-0.271,0.467,-207.82435,0.784,855,89,,-0.257,0.49,0
106,House,14072,14,12,PA,100,D,0,1,"MURTHA, John Patrick, Jr.",M001120,1932,2010,-0.265,0.569,-305.45295,0.695,839,119,,-0.204,0.523,0
106,House,29751,14,5,PA,200,R,0,1,"PETERSON, John",P000263,1938,,0.34,0.24,-126.67975,0.846,758,48,,0.348,0.31,0
106,House,29752,14,16,PA,200,R,0,1,"PITTS, Joseph R.",P000373,1939,,0.538,0.012,-137.3635,0.853,861,51,,0.537,0.053,1
106,House,29933,14,10,PA,200,R,0,1,"SHERWOOD, Don",S001146,1941,,0.329,-0.005,-195.9398,0.795,853,83,,0.266,0.015,0
106,House,14052,14,9,PA,200,R,0,1,"SHUSTER, E. G. (Bud)",S000394,1932,2023,0.416,0.144,-177.98254,0.797,786,76,,0.34,0.131,0
106,House,29935,14,15,PA,200,R,0,1,"TOOMEY, Patrick Joseph",T000461,1961,,0.624,-0.378,-216.58732,0.77714,859,89,,0.631,-0.3,0
106,House,15447,14,7,PA,200,R,0,1,"WELDON, Wayne Curtis (Curt)",W000268,1947,,0.232,-0.324,-197.14611,0.783,807,94,,0.23,-0.109,1
106,House,29588,72,3,OR,100,D,0,1,"BLUMENAUER, Earl",B000574,1948,,-0.426,-0.626,-186.18632,0.80204,844,85,,-0.396,-0.536,0
106,House,15410,72,4,OR,100,D,0,1,"DeFAZIO, Peter Anthony",D000191,1947,,-0.427,-0.002,-377.53368,0.6373,838,188,,-0.603,0.148,0
106,House,29750,72,5,OR,100,D,0,1,"HOOLEY, Darlene",H000762,1939,,-0.315,-0.075,-251.44525,0.743,846,121,,-0.343,-0.045,0
106,House,29932,72,2,OR,200,R,0,1,"WALDEN, Greg",W000791,1957,,0.333,-0.011,-174.66742,0.81734,866,65,,0.379,-0.066,0
106,House,29931,72,1,OR,100,D,0,1,"WU, David",W000793,1955,,-0.37,0.031,-343.13198,0.668,852,160,,-0.372,-0.037,0
106,House,29555,53,2,OK,200,R,0,1,"COBURN, Thomas Allen",C000560,1948,2020,0.782,0.055,-265.45214,0.721,813,107,,0.853,0.262,0
106,House,29392,53,5,OK,200,R,0,1,"ISTOOK, Ernest James, Jr.",I000047,1950,,0.492,0.129,-164.99107,0.821,837,60,,0.508,0.064,0
106,House,29554,53,1,OK,200,R,0,1,"LARGENT, Steve",L000096,1954,,0.617,-0.033,-174.72762,0.804,799,75,,0.638,-0.074,0
106,House,29393,53,6,OK,200,R,0,1,"LUCAS, Frank D.",L000491,1960,,0.361,0.452,-109.00391,0.87762,835,38,,0.368,0.37,0
106,House,29749,53,3,OK,200,R,0,1,"WATKINS, Wesley Wade",W000194,1938,,0.368,0.374,-131.95962,0.854,838,54,,0.369,0.453,0
106,House,29556,53,4,OK,200,R,0,1,"WATTS, Julius Caesar, Jr. (J. C.)",W000210,1957,,0.406,0.286,-128.83851,0.854,814,48,,0.44,0.196,1
106,House,29137,24,8,OH,200,R,0,1,"BOEHNER, John Andrew",B000589,1949,,0.513,0.04,-164.3047,0.824,849,73,,0.471,-0.063,0
106,House,29389,24,13,OH,100,D,0,1,"BROWN, Sherrod",B000944,1952,,-0.425,-0.097,-209.18506,0.77532,822,100,,-0.516,-0.227,0
106,House,29550,24,1,OH,200,R,0,1,"CHABOT, Steve",C000266,1953,,0.542,-0.137,-248.86814,0.75122,870,118,,0.669,-0.334,0
106,House,15604,24,5,OH,200,R,0,1,"GILLMOR, Paul Eugene",G000210,1939,2007,0.254,0.106,-183.56026,0.804,841,67,,0.279,0.034,0
106,House,14632,24,3,OH,100,D,0,1,"HALL, Tony Patrick",H000074,1942,,-0.28,0.155,-267.36273,0.726,836,129,,-0.259,0.294,0
106,House,29136,24,7,OH,200,R,0,1,"HOBSON, David Lee",H000666,1936,2024,0.315,-0.229,-188.91352,0.804,867,90,,0.301,-0.149,0
106,House,29930,24,11,OH,100,D,0,1,"JONES, Stephanie Tubbs",J000284,1949,2008,-0.521,-0.059,-134.06537,0.846,799,51,,-0.517,-0.239,0
106,House,15029,24,9,OH,100,D,0,1,"KAPTUR, Marcia Carolyn (Marcy)",K000009,1946,,-0.343,0.133,-241.15461,0.74654,825,113,,-0.361,0.117,0
106,House,15030,24,12,OH,200,R,0,1,"KASICH, John Richard",K000016,1952,,0.314,0.013,-241.17526,0.729,762,106,,0.531,-0.303,1
106,House,29748,24,10,OH,100,D,0,1,"KUCINICH, Dennis",K000336,1946,,-0.582,0.024,-411.53144,0.621,865,178,,-0.578,0.325,0
106,House,29553,24,19,OH,200,R,0,1,"LaTOURETTE, Steven C.",L000553,1954,2016,0.211,-0.063,-205.52357,0.784,844,87,,0.216,-0.188,0
106,House,29552,24,18,OH,200,R,0,1,"NEY, Robert William",N000081,1954,,0.269,0.116,-190.95994,0.8,858,79,,0.266,0.27,0
106,House,14875,24,4,OH,200,R,0,1,"OXLEY, Michael Garver",O000163,1944,2016,0.382,-0.093,-163.73889,0.817,810,69,,0.4,-0.126,0
106,House,29386,24,2,OH,200,R,0,1,"PORTMAN, Robert Jones (Rob)",P000449,1955,,0.371,-0.208,-186.98249,0.805,862,91,,0.403,-0.311,0
106,House,29390,24,15,OH,200,R,0,1,"PRYCE, Deborah D.",P000555,1951,,0.32,-0.329,-179.13179,0.8,805,87,,0.354,-0.43,0
106,House,14045,24,16,OH,200,R,0,1,"REGULA, Ralph Straus",R000141,1924,2017,0.221,-0.223,-189.95666,0.804,870,82,,0.263,-0.125,0
106,House,15442,24,14,OH,100,D,0,1,"SAWYER, Thomas Charles",S000094,1945,2023,-0.377,-0.114,-136.04526,0.854,861,41,,-0.401,-0.128,0
106,House,29747,24,6,OH,100,D,0,1,"STRICKLAND, Ted",S001004,1941,,-0.384,0.404,-282.67054,0.716,847,147,,-0.387,0.534,0
106,House,15121,24,17,OH,100,D,0,1,"TRAFICANT, James A., Jr.",T000350,1941,2014,-0.082,0.071,-459.68733,0.591,873,249,,0.034,0.33,0
106,House,15000,13,5,NY,100,D,0,1,"ACKERMAN, Gary Leonard",A000022,1942,,-0.429,-0.165,-132.11088,0.843,772,45,,-0.442,-0.292,0
106,House,15007,13,23,NY,200,R,0,1,"BOEHLERT, Sherwood Louis",B000586,1936,2021,0.103,-0.718,-185.16757,0.807,865,72,,0.098,-0.612,0
106,House,29925,13,7,NY,100,D,0,1,"CROWLEY, Joseph",C001038,1962,,-0.412,-0.07,-225.04763,0.76375,835,94,,-0.413,0.138,0
106,House,15603,13,17,NY,100,D,0,1,"ENGEL, Eliot Lance",E000179,1947,,-0.408,-0.093,-169.23058,0.80674,788,60,,-0.425,-0.2,0
106,House,29542,13,1,NY,200,R,0,1,"FORBES, Michael Patrick",F000257,1952,,0.109,-0.112,-65.2249,0.748,225,31,,0.084,-0.283,0
106,House,99542,13,1,NY,100,D,0,1,"FORBES, Michael Patrick",F000257,1952,,-0.167,0.179,-235.07588,0.67,586,112,,-0.166,0.186,0
106,House,29773,13,13,NY,200,R,0,1,"FOSSELLA, Vito John",F000440,1965,,0.426,-0.336,-196.77398,0.786,817,92,,0.411,-0.342,0
106,House,14015,13,20,NY,200,R,0,1,"GILMAN, Benjamin Arthur",G000212,1922,2016,0.043,-0.425,-226.14455,0.766,848,85,,0.098,-0.53,0
106,House,29380,13,26,NY,100,D,0,1,"HINCHEY, Maurice Dunlea",H000627,1938,2017,-0.575,-0.007,-183.66824,0.8,825,79,,-0.556,0.061,0
106,House,15423,13,31,NY,200,R,0,1,"HOUGHTON, Amory, Jr.",H000814,1926,2020,0.154,-0.281,-222.4977,0.756,794,84,,0.182,-0.468,0
106,House,29544,13,19,NY,200,R,0,1,"KELLY, Sue W.",K000078,1936,,0.231,-0.564,-227.46062,0.771,873,108,,0.204,-0.628,0
106,House,29375,13,3,NY,200,R,0,1,"KING, Peter T.",K000210,1944,,0.259,-0.03,-265.44894,0.73014,844,114,,0.179,-0.094,0
106,House,14248,13,29,NY,100,D,0,1,"LaFALCE, John Joseph",L000556,1939,2025,-0.357,0.112,-273.27797,0.725,850,121,,-0.394,0.336,0
106,House,29374,13,2,NY,200,R,0,1,"LAZIO, Enrico A. (Rick)",L000155,1958,,0.216,-0.588,-199.61431,0.764,743,97,,0.221,-0.55,0
106,House,15612,13,18,NY,100,D,0,1,"LOWEY, Nita M.",L000480,1937,2025,-0.389,-0.152,-169.84221,0.81475,829,71,,-0.409,-0.31,0
106,House,29379,13,14,NY,100,D,0,1,"MALONEY, Carolyn Bosher",M000087,1946,,-0.387,-0.285,-178.69187,0.80858,841,80,,-0.365,-0.27,0
106,House,29744,13,4,NY,100,D,0,1,"McCARTHY, Carolyn",M000309,1944,,-0.294,-0.04,-193.59483,0.795,845,80,,-0.28,-0.1,0
106,House,39316,13,24,NY,200,R,0,1,"McHUGH, John Michael",M000472,1948,,0.225,-0.063,-205.81921,0.785,852,98,,0.205,-0.021,1
106,House,15614,13,21,NY,100,D,0,1,"McNULTY, Michael Robert",M000590,1947,,-0.369,0.369,-240.65421,0.735,783,116,,-0.406,0.292,0
106,House,29776,13,6,NY,100,D,0,1,"MEEKS, Gregory W.",M001137,1953,,-0.416,-0.063,-176.93757,0.80463,814,73,,-0.503,-0.225,0
106,House,29377,13,8,NY,100,D,0,1,"NADLER, Jerrold Lewis",N000002,1947,,-0.507,-0.478,-150.56322,0.83644,843,65,,-0.54,-0.642,0
106,House,15050,13,11,NY,100,D,0,1,"OWENS, Major Robert Odell",O000159,1936,2013,-0.569,-0.516,-112.61461,0.867,791,37,,-0.552,-0.571,0
106,House,29381,13,30,NY,200,R,0,1,"QUINN, John Francis (Jack)",Q000016,1951,,0.198,-0.223,-212.53347,0.771,816,92,,0.133,-0.156,0
106,House,13035,13,15,NY,100,D,0,1,"RANGEL, Charles B.",R000053,1930,,-0.514,-0.341,-146.23115,0.825,760,60,,-0.458,-0.371,0
106,House,29928,13,27,NY,200,R,0,1,"REYNOLDS, Thomas M.",R000569,1950,,0.349,0.009,-150.75448,0.839,859,54,,0.312,0.013,0
106,House,29134,13,16,NY,100,D,0,1,"SERRANO, Jos√© E.",S000248,1943,,-0.491,-0.377,-180.335,0.80085,812,74,,-0.444,-0.434,0
106,House,15444,13,28,NY,100,D,0,1,"SLAUGHTER, Louise McIntosh",S000480,1929,2018,-0.465,-0.104,-187.69126,0.79272,808,86,,-0.516,0.015,0
106,House,29927,13,22,NY,200,R,0,1,"SWEENEY, John E.",S001149,1955,,0.249,0.036,-318.54504,0.688,852,117,,0.287,0.018,0
106,House,15072,13,10,NY,100,D,0,1,"TOWNS, Edolphus",T000326,1934,,-0.519,-0.132,-187.60172,0.79,797,71,,-0.503,-0.229,0
106,House,29378,13,12,NY,100,D,0,1,"VEL√ÅZQUEZ, Nydia M.",V000081,1953,,-0.547,-0.367,-176.78681,0.81142,846,74,,-0.535,-0.246,0
106,House,15630,13,25,NY,200,R,0,1,"WALSH, James T.",W000099,1947,,0.208,-0.19,-184.13593,0.808,862,76,,0.183,-0.167,0
106,House,29926,13,9,NY,100,D,0,1,"WEINER, Anthony D.",W000792,1964,,-0.408,-0.371,-147.08613,0.838,835,56,,-0.423,-0.361,0
106,House,29922,65,1,NV,100,D,0,1,"BERKLEY, Shelley",B001231,1951,,-0.302,0.024,-246.36071,0.753,868,99,,-0.273,-0.083,0
106,House,29739,65,2,NV,200,R,0,1,"GIBBONS, James A.",G000152,1944,,0.484,-0.088,-323.31298,0.689,869,120,,0.447,0.065,1
106,House,14861,66,2,NM,200,R,0,1,"SKEEN, Joseph Richard",S000463,1927,2003,0.301,0.034,-149.02575,0.843,872,60,,0.305,0.156,0
106,House,29924,66,3,NM,100,D,0,1,"UDALL, Thomas (Tom)",U000039,1948,,-0.453,0.161,-246.55385,0.74796,849,126,,-0.453,0.248,0
106,House,29779,66,1,NM,200,R,0,1,"WILSON, Heather",W000789,1960,,0.247,-0.027,-205.66996,0.788,865,81,,0.231,-0.034,1
106,House,29132,12,1,NJ,100,D,0,1,"ANDREWS, Robert Ernest",A000210,1957,,-0.297,-0.119,-271.92011,0.729,860,115,,-0.327,-0.098,1
106,House,29371,12,7,NJ,200,R,0,1,"FRANKS, Robert Douglas",F000349,1951,2010,0.259,-0.836,-200.24616,0.763,742,94,,0.266,-0.689,0
106,House,29541,12,11,NJ,200,R,0,1,"FRELINGHUYSEN, Rodney P.",F000372,1946,,0.292,-0.262,-281.63213,0.72292,868,149,,0.19,-0.672,0
106,House,29923,12,12,NJ,100,D,0,1,"HOLT, Rush",H001032,1948,,-0.463,-0.33,-267.43406,0.735,869,124,,-0.373,-0.219,0
106,House,29539,12,2,NJ,200,R,0,1,"LoBIONDO, Frank A.",L000554,1946,,0.211,-0.224,-475.40524,0.57937,871,173,,0.225,-0.154,0
106,House,29373,12,13,NJ,100,D,0,1,"MENENDEZ, Robert",M000639,1954,,-0.366,-0.126,-195.25835,0.79646,858,83,,-0.364,-0.084,0
106,House,15454,12,6,NJ,100,D,0,1,"PALLONE, Frank, Jr.",P000034,1951,,-0.402,-0.161,-247.4399,0.74511,841,120,,-0.463,0.138,0
106,House,29741,12,8,NJ,100,D,0,1,"PASCRELL, William J., Jr.",P000096,1937,2024,-0.369,-0.004,-263.65059,0.73197,845,130,,-0.311,0.098,0
106,House,15619,12,10,NJ,100,D,0,1,"PAYNE, Donald Milford",P000149,1934,2012,-0.592,-0.547,-134.71253,0.85,831,56,,-0.619,-0.635,0
106,House,29742,12,9,NJ,100,D,0,1,"ROTHMAN, Steven",R000462,1952,,-0.352,-0.092,-226.86452,0.766,850,96,,-0.35,-0.031,0
106,House,14855,12,5,NJ,200,R,0,1,"ROUKEMA, Margaret Scafati",R000465,1929,2014,0.162,-0.701,-233.19066,0.759,846,112,,0.272,-0.634,0
106,House,15112,12,3,NJ,200,R,0,1,"SAXTON, Hugh James",S000097,1943,,0.238,-0.378,-216.81995,0.777,861,82,,0.195,-0.261,1
106,House,14863,12,4,NJ,200,R,0,1,"SMITH, Christopher Henry",S000522,1953,,0.181,-0.172,-253.69247,0.74351,856,118,,0.156,-0.203,0
106,House,29538,4,2,NH,200,R,0,1,"BASS, Charles Foster",B000220,1952,,0.331,-0.556,-200.51247,0.793,864,91,,0.343,-0.566,0
106,House,29740,4,1,NH,200,R,0,1,"SUNUNU, John E.",S001078,1964,,0.473,-0.52,-192.98321,0.797,850,81,,0.615,-0.391,0
106,House,29129,35,3,NE,200,R,0,1,"BARRETT, William E.",B000179,1929,2016,0.379,-0.073,-177.32922,0.815,866,87,,0.342,-0.016,0
106,House,14605,35,1,NE,200,R,0,1,"BEREUTER, Douglas Kent",B000403,1939,,0.231,-0.347,-240.04457,0.754,850,104,,0.241,-0.303,0
106,House,29921,35,2,NE,200,R,0,1,"TERRY, Lee Raymond",T000459,1962,,0.426,-0.067,-179.57102,0.814,871,83,,0.471,-0.148,0
106,House,29384,36,1,ND,100,D,0,1,"POMEROY, Earl Ralph, III",P000422,1952,,-0.266,0.339,-277.53934,0.721,848,122,,-0.302,0.28,0
106,House,15402,47,10,NC,200,R,0,1,"BALLENGER, Cass",B000104,1926,2015,0.464,-0.145,-149.66558,0.839,853,58,,0.444,0.004,0
106,House,29548,47,5,NC,200,R,0,1,"BURR, Richard M.",B001135,1955,,0.435,-0.07,-166.04275,0.82083,841,67,,0.404,0.073,0
106,House,29382,47,1,NC,100,D,0,1,"CLAYTON, Eva M.",C000494,1934,,-0.459,-0.032,-183.16204,0.804,839,69,,-0.435,-0.055,0
106,House,15092,47,6,NC,200,R,0,1,"COBLE, Howard",C000556,1931,2015,0.52,-0.081,-208.73319,0.775,819,94,,0.638,-0.022,0
106,House,29745,47,2,NC,100,D,0,1,"ETHERIDGE, Bobby R.",E000226,1941,,-0.288,0.288,-216.05631,0.779,863,102,,-0.271,0.285,0
106,House,29929,47,8,NC,200,R,0,1,"HAYES, Robert (Robin)",H001029,1945,,0.351,0.388,-176.59885,0.816,868,82,,0.37,0.299,1
106,House,29546,47,3,NC,200,R,0,1,"JONES, Walter Beaman, Jr.",J000255,1943,2019,0.244,-0.362,-438.72473,0.60041,860,200,,0.564,0.275,1
106,House,29746,47,7,NC,100,D,0,1,"McINTYRE, Mike",M000485,1956,,-0.148,0.56,-260.8986,0.736,850,115,,-0.119,0.704,1
106,House,29549,47,9,NC,200,R,0,1,"MYRICK, Sue",M001134,1941,,0.56,0.027,-176.52589,0.802,799,73,,0.533,-0.206,0
106,House,15438,47,4,NC,100,D,0,1,"PRICE, David Eugene",P000523,1940,,-0.343,-0.03,-171.22967,0.81946,860,70,,-0.314,0.046,0
106,House,29135,47,11,NC,200,R,0,1,"TAYLOR, Charles Hart",T000067,1941,,0.488,0.116,-151.44741,0.83,815,67,,0.529,0.348,0
106,House,29383,47,12,NC,100,D,0,1,"WATT, Melvin L.",W000207,1945,,-0.526,-0.155,-208.9434,0.782,849,80,,-0.495,-0.301,0
106,House,29738,64,1,MT,200,R,0,1,"HILL, Rick",H000605,1946,,0.424,0.587,-250.10942,0.747,858,98,,0.476,0.512,0
106,House,29734,46,3,MS,200,R,0,1,"PICKERING, Charles W. (Chip), Jr.",P000323,1963,,0.342,0.325,-130.23186,0.859,855,47,,0.396,0.352,0
106,House,29920,46,4,MS,100,D,0,1,"SHOWS, Clifford Ronald",S001147,1947,,-0.092,0.996,-277.78253,0.721,848,117,,-0.091,0.799,0
106,House,15637,46,5,MS,100,D,0,1,"TAYLOR, Gary Eugene (Gene)",T000074,1953,,-0.045,0.893,-525.42743,0.542,857,242,,-0.103,0.995,1
106,House,29368,46,2,MS,100,D,0,1,"THOMPSON, Bennie",T000193,1948,,-0.519,0.391,-186.98836,0.7961,820,64,,-0.536,0.45,0
106,House,29534,46,1,MS,200,R,0,1,"WICKER, Roger F.",W000437,1951,,0.377,0.341,-174.80547,0.81626,861,62,,0.38,0.465,0
106,House,29735,34,7,MO,200,R,0,1,"BLUNT, Roy",B000575,1950,,0.398,0.18,-127.2166,0.86145,853,49,,0.447,0.216,0
106,House,12009,34,1,MO,100,D,0,1,"CLAY, William Lacy, Sr.",C000488,1931,,-0.49,-0.872,-279.54849,0.678,720,100,,-0.638,0.079,0
106,House,29370,34,6,MO,100,D,0,1,"DANNER, Patsy Ann (Pat)",D000046,1934,,-0.186,0.529,-337.97274,0.64,756,157,,-0.159,0.608,0
106,House,29736,34,8,MO,200,R,0,1,"EMERSON, Jo Ann",E000172,1950,,0.269,0.274,-167.92012,0.821,851,69,,0.284,0.42,0
106,House,14421,34,3,MO,100,D,0,1,"GEPHARDT, Richard Andrew",G000132,1941,,-0.416,0.245,-174.81788,0.805,804,63,,-0.426,0.057,0
106,House,29737,34,9,MO,200,R,0,1,"HULSHOF, Kenny",H000948,1958,,0.363,0.281,-266.06744,0.727,834,102,,0.429,0.114,0
106,House,29535,34,5,MO,100,D,0,1,"McCARTHY, Karen",M000316,1947,2010,-0.344,-0.225,-174.23528,0.812,835,64,,-0.379,-0.207,0
106,House,14451,34,4,MO,100,D,0,1,"SKELTON, Isaac Newton, IV (Ike)",S000465,1931,2013,-0.172,0.724,-227.83836,0.764,846,87,,-0.169,0.623,1
106,House,29369,34,2,MO,200,R,0,1,"TALENT, James Matthes",T000024,1956,,0.364,0.098,-143.03099,0.837,803,53,,0.34,0.188,1
106,House,29532,33,1,MN,200,R,0,1,"GUTKNECHT, Gilbert W.",G000536,1951,,0.552,0.342,-356.97634,0.662,865,145,,0.589,0.125,0
106,House,29533,33,6,MN,100,D,0,1,"LUTHER, William Paul",L000521,1945,,-0.306,-0.381,-323.23906,0.681,841,141,,-0.374,-0.441,0
106,House,29366,33,2,MN,100,D,0,1,"MINGE, David R.",M000795,1942,,-0.213,-0.131,-350.54564,0.66,843,161,,-0.312,-0.281,0
106,House,14265,33,8,MN,100,D,0,1,"OBERSTAR, James Louis",O000006,1934,2014,-0.553,0.304,-281.35688,0.718,851,116,,-0.606,0.528,0
106,House,29127,33,7,MN,100,D,0,1,"PETERSON, Collin Clark",P000258,1944,,-0.148,0.712,-618.6637,0.48665,859,270,,-0.145,0.989,0
106,House,29126,33,3,MN,200,R,0,1,"RAMSTAD, James (Jim)",R000033,1946,2020,0.316,-0.683,-500.73334,0.564,874,189,,0.496,-0.868,0
106,House,14656,33,5,MN,100,D,0,1,"SABO, Martin Olav",S000005,1938,2016,-0.516,-0.317,-326.12395,0.683,855,145,,-0.57,0.196,0
106,House,14458,33,4,MN,100,D,0,1,"VENTO, Bruce Frank",V000087,1940,2000,-0.472,-0.376,-114.32412,0.805,528,50,,-0.539,-0.328,0
106,House,29363,23,5,MI,100,D,0,1,"BARCIA, James A.",B000134,1952,,-0.184,0.547,-318.20488,0.692,863,142,,-0.141,0.508,0
106,House,14407,23,10,MI,100,D,0,1,"BONIOR, David Edward",B000619,1945,,-0.547,-0.006,-200.07979,0.791,854,81,,-0.508,0.169,0
106,House,29124,23,4,MI,200,R,0,1,"CAMP, David Lee",C000071,1953,,0.385,-0.048,-173.16565,0.814,842,74,,0.347,-0.116,0
106,House,10713,23,14,MI,100,D,0,1,"CONYERS, John, Jr.",C000714,1929,2019,-0.658,-0.512,-130.97885,0.84845,797,49,,-0.694,-0.72,0
106,House,2605,23,16,MI,100,D,0,1,"DINGELL, John David, Jr.",D000355,1926,2019,-0.448,0.313,-317.68359,0.685,841,131,,-0.427,0.441,0
106,House,29362,23,3,MI,200,R,0,1,"EHLERS, Vernon James",E000092,1934,2017,0.316,-0.622,-275.15261,0.728,867,136,,0.338,-0.567,0
106,House,29361,23,2,MI,200,R,0,1,"HOEKSTRA, Peter",H000676,1953,,0.516,-0.262,-206.32142,0.787,863,95,,0.584,-0.3,0
106,House,14430,23,9,MI,100,D,0,1,"KILDEE, Dale Edward",K000172,1929,2021,-0.385,0.011,-248.43515,0.752,873,102,,-0.332,0.228,0
106,House,29733,23,15,MI,100,D,0,1,"KILPATRICK, Carolyn Cheeks",K000180,1945,,-0.491,-0.172,-139.74362,0.845,831,52,,-0.496,-0.216,0
106,House,29365,23,11,MI,200,R,0,1,"KNOLLENBERG, Joseph",K000288,1933,2018,0.366,-0.053,-177.13779,0.815,867,74,,0.336,0.074,0
106,House,15033,23,12,MI,100,D,0,1,"LEVIN, Sander Martin",L000263,1931,,-0.379,-0.091,-153.81568,0.83709,865,50,,-0.377,-0.15,0
106,House,29531,23,13,MI,100,D,0,1,"RIVERS, Lynn Nancy",R000281,1956,,-0.383,-0.453,-261.17698,0.734,843,109,,-0.403,-0.489,0
106,House,29364,23,7,MI,200,R,0,1,"SMITH, Nick H.",S000597,1934,,0.505,-0.229,-217.78579,0.772,841,103,,0.494,-0.196,0
106,House,29732,23,8,MI,100,D,0,1,"STABENOW, Deborah Ann",S000770,1950,,-0.343,-0.019,-227.06353,0.76701,856,101,,-0.281,-0.043,0
106,House,29360,23,1,MI,100,D,0,1,"STUPAK, Bart T.",S001045,1952,,-0.396,0.701,-294.54448,0.692,801,139,,-0.466,0.7,0
106,House,15446,23,6,MI,200,R,0,1,"UPTON, Frederick Stephen",U000031,1953,,0.32,-0.355,-242.95538,0.75731,874,129,,0.291,-0.502,0
106,House,29728,2,1,ME,100,D,0,1,"ALLEN, Thomas H.",A000357,1945,,-0.4,-0.105,-141.1197,0.849,861,50,,-0.406,-0.106,1
106,House,29528,2,2,ME,100,D,0,1,"BALDACCI, John Elias",B000081,1955,,-0.333,-0.001,-198.27665,0.794,859,77,,-0.343,0.071,0
106,House,29356,52,6,MD,200,R,0,1,"BARTLETT, Roscoe Gardner",B000208,1926,,0.493,-0.091,-185.44639,0.808,869,82,,0.526,0.06,1
106,House,15408,52,3,MD,100,D,0,1,"CARDIN, Benjamin Louis",C000141,1943,,-0.32,-0.224,-166.96167,0.82391,862,57,,-0.344,-0.198,0
106,House,29587,52,7,MD,100,D,0,1,"CUMMINGS, Elijah Eugene",C000984,1951,2019,-0.438,-0.148,-125.0388,0.86215,843,43,,-0.45,-0.201,0
106,House,29529,52,2,MD,200,R,0,1,"EHRLICH, Robert L., Jr.",E000093,1957,,0.36,-0.366,-213.47346,0.777,847,100,,0.397,-0.376,0
106,House,29122,52,1,MD,200,R,0,1,"GILCHREST, Wayne Thomas",G000180,1946,,0.204,-0.563,-190.50558,0.795,832,78,,0.198,-0.453,0
106,House,14873,52,5,MD,100,D,0,1,"HOYER, Steny Hamilton",H000874,1939,,-0.381,0.122,-199.38701,0.79091,850,73,,-0.355,0.045,0
106,House,15434,52,8,MD,200,R,0,1,"MORELLA, Constance A.",M000941,1931,,-0.018,-0.893,-251.85269,0.742,845,121,,-0.038,-0.781,0
106,House,29355,52,4,MD,100,D,0,1,"WYNN, Albert Russell",W000784,1951,,-0.38,0.038,-157.41177,0.819,789,56,,-0.381,-0.031,0
106,House,29919,3,8,MA,100,D,0,1,"CAPUANO, Michael Everett",C001037,1952,,-0.58,-0.082,-180.39705,0.81078,860,76,,-0.602,-0.139,0
106,House,29731,3,10,MA,100,D,0,1,"DELAHUNT, Bill",D000210,1941,2024,-0.495,-0.293,-170.87311,0.809,807,78,,-0.466,-0.478,0
106,House,14824,3,4,MA,100,D,0,1,"FRANK, Barney",F000339,1940,,-0.499,-0.534,-222.81861,0.764,826,94,,-0.51,-0.814,0
106,House,14435,3,7,MA,100,D,0,1,"MARKEY, Edward John",M000133,1946,,-0.516,-0.469,-166.77835,0.80925,788,74,,-0.563,-0.308,0
106,House,29729,3,3,MA,100,D,0,1,"McGOVERN, James P.",M000312,1959,,-0.538,-0.341,-156.81677,0.83331,860,72,,-0.531,-0.189,0
106,House,29358,3,5,MA,100,D,0,1,"MEEHAN, Martin Thomas",M000627,1956,,-0.39,-0.539,-168.95849,0.815,824,73,,-0.412,-0.499,1
106,House,14039,3,9,MA,100,D,0,1,"MOAKLEY, John Joseph",M000834,1927,2001,-0.418,-0.054,-185.40051,0.802,840,60,,-0.389,0.057,0
106,House,15616,3,2,MA,100,D,0,1,"NEAL, Richard Edmund",N000015,1949,,-0.417,-0.106,-187.32891,0.79532,818,75,,-0.412,0.021,0
106,House,29123,3,1,MA,100,D,0,1,"OLVER, John Walter",O000085,1936,2023,-0.577,-0.207,-170.58975,0.82,857,70,,-0.561,-0.183,0
106,House,29730,3,6,MA,100,D,0,1,"TIERNEY, John F.",T000266,1951,,-0.488,-0.433,-188.14008,0.803,858,94,,-0.528,-0.479,0
106,House,15401,45,6,LA,200,R,0,1,"BAKER, Richard Hugh",B000072,1948,,0.423,0.022,-156.91674,0.83,843,72,,0.349,0.103,0
106,House,29726,45,5,LA,200,R,0,1,"COOKSEY, John",C000735,1941,2022,0.334,0.014,-215.26961,0.757,774,83,,0.263,-0.099,0
106,House,29120,45,2,LA,100,D,0,1,"JEFFERSON, William Jennings",J000070,1947,,-0.424,0.242,-169.69362,0.795,740,61,,-0.374,0.156,0
106,House,29727,45,7,LA,100,D,0,1,"JOHN, Christopher",J000110,1960,,-0.12,0.735,-223.6659,0.766,838,86,,-0.126,0.682,0
106,House,14469,45,1,LA,200,R,1,1,"LIVINGSTON, Robert Linlithgow, Jr.",L000371,1943,,0.326,0.109,,,,,,0.349,0.227,0
106,House,15451,45,4,LA,200,R,0,1,"McCRERY, James O., III",M000388,1949,,0.362,0.08,-177.09438,0.81,841,69,,0.348,0.013,0
106,House,94679,45,3,LA,200,R,0,1,"TAUZIN, Wilbert Joseph (Billy)",T000058,1943,,0.341,0.16,-140.97844,0.846,845,53,,0.338,0.068,0
106,House,29918,45,1,LA,200,R,2,2,"VITTER, David",V000127,1961,,0.495,0.323,-166.41587,0.8,747,64,,0.392,0.087,0
106,House,29917,51,6,KY,200,R,0,1,"FLETCHER, Ernest L.",F000441,1952,,0.285,0.273,-135.76121,0.854,861,47,,0.295,0.249,0
106,House,29352,51,2,KY,200,R,0,1,"LEWIS, Ron",L000293,1946,,0.418,0.417,-120.96491,0.87,871,42,,0.391,0.431,0
106,House,29916,51,4,KY,100,D,0,1,"LUCAS, Ken",L000558,1933,,-0.058,0.721,-249.23277,0.751,871,102,,-0.067,0.744,0
106,House,29725,51,3,KY,200,R,0,1,"NORTHUP, Anne Meagher",N000143,1948,,0.335,-0.035,-154.67229,0.836,866,66,,0.321,-0.134,0
106,House,14854,51,5,KY,200,R,0,1,"ROGERS, Harold Dallas (Hal)",R000395,1937,,0.333,0.152,-137.68261,0.85285,865,51,,0.313,0.296,0
106,House,29525,51,1,KY,200,R,0,1,"WHITFIELD, Wayne Edward (Ed)",W000413,1943,,0.303,0.182,-163.97667,0.825,850,67,,0.312,0.078,0
106,House,29915,32,3,KS,100,D,0,1,"MOORE, Dennis",M001140,1945,2021,-0.267,0.159,-294.31294,0.713,869,136,,-0.234,0.033,0
106,House,29722,32,1,KS,200,R,0,1,"MORAN, Jerry",M000934,1954,,0.414,0.219,-329.71017,0.68575,874,148,,0.429,0.345,0
106,House,29723,32,2,KS,200,R,0,1,"RYUN, Jim",R000566,1947,,0.547,0.267,-133.24791,0.857,862,51,,0.577,0.173,1
106,House,29524,32,4,KS,200,R,0,1,"TIAHRT, Todd",T000260,1951,,0.449,0.341,-177.54958,0.812,853,78,,0.566,0.277,0
106,House,15014,22,6,IN,200,R,0,1,"BURTON, Danny Lee",B001149,1938,,0.585,-0.026,-152.43298,0.829,811,64,,0.583,0.211,0
106,House,29350,22,5,IN,200,R,0,1,"BUYER, Stephen Earle",B001203,1958,,0.435,0.192,-162.63894,0.823,834,76,,0.43,0.085,1
106,House,29720,22,10,IN,100,D,0,1,"CARSON, Julia May",C000191,1938,2007,-0.464,-0.156,-154.40016,0.824,797,66,,-0.467,-0.248,0
106,House,29914,22,9,IN,100,D,0,1,"HILL, Baron P.",H001030,1953,,-0.121,0.137,-357.17093,0.66,861,174,,-0.241,0.339,1
106,House,29520,22,8,IN,200,R,0,1,"HOSTETTLER, John Nathan",H000807,1961,,0.705,0.077,-245.1373,0.753,863,101,,0.772,0.01,1
106,House,29518,22,2,IN,200,R,0,1,"McINTOSH, David Martin",M000481,1958,,0.576,0.008,-170.06858,0.759,617,59,,0.467,-0.006,0
106,House,29719,22,7,IN,200,R,0,1,"PEASE, Edward Allan",P000171,1951,,0.413,-0.129,-207.12012,0.788,871,94,,0.442,-0.214,0
106,House,29117,22,3,IN,100,D,0,1,"ROEMER, Timothy John",R000385,1956,,-0.165,0.229,-319.12318,0.689,858,142,,-0.155,0.213,0
106,House,29519,22,4,IN,200,R,0,1,"SOUDER, Mark Edward",S001143,1950,2022,0.435,-0.011,-212.63692,0.78,857,100,,0.464,-0.053,0
106,House,15124,22,1,IN,100,D,0,1,"VISCLOSKY, Peter",V000108,1949,,-0.402,0.244,-331.54044,0.67795,853,163,,-0.51,0.574,0
106,House,29912,21,13,IL,200,R,0,1,"BIGGERT, Judy Borg",B001232,1937,,0.323,-0.372,-224.97909,0.772,870,123,,0.327,-0.598,0
106,House,29716,21,5,IL,100,D,0,1,"BLAGOJEVICH, Rod R.",B000518,1956,,-0.317,-0.188,-205.449,0.782,835,94,,-0.316,-0.256,1
106,House,15453,21,12,IL,100,D,0,1,"COSTELLO, Jerry Francis",C000794,1949,,-0.317,0.657,-330.92036,0.679,855,182,,-0.366,0.833,0
106,House,12041,21,8,IL,200,R,0,1,"CRANE, Philip Miller",C000873,1930,2014,0.739,0.023,-243.97476,0.736,795,117,,0.692,-0.188,0
106,House,29717,21,7,IL,100,D,0,1,"DAVIS, Danny K.",D000096,1941,,-0.487,-0.266,-140.0413,0.84593,837,56,,-0.536,-0.501,0
106,House,15023,21,17,IL,100,D,0,1,"EVANS, Lane Allen",E000250,1951,2014,-0.454,-0.181,-207.17945,0.787,864,87,,-0.439,-0.026,1
106,House,29115,21,15,IL,200,R,0,1,"EWING, Thomas W.",E000282,1935,,0.361,-0.094,-171.0891,0.813,824,78,,0.372,-0.208,0
106,House,29348,21,4,IL,100,D,0,1,"GUTI√âRREZ, Luis V.",G000535,1953,,-0.487,-0.26,-225.19273,0.75545,803,98,,-0.529,-0.07,0
106,House,15417,21,14,IL,200,R,0,1,"HASTERT, John Dennis",H000323,1942,,0.443,-0.122,-23.25587,0.898,217,9,,0.434,-0.143,0
106,House,14239,21,6,IL,200,R,0,1,"HYDE, Henry John",H001022,1924,2007,0.312,-0.18,-186.36494,0.802,845,83,,0.324,-0.167,0
106,House,29585,21,2,IL,100,D,0,1,"JACKSON, Jesse L., Jr.",J000283,1965,,-0.538,-0.513,-175.31476,0.818,873,73,,-0.627,-0.779,0
106,House,29517,21,18,IL,200,R,0,1,"LaHOOD, Ray H.",L000552,1945,,0.246,-0.076,-241.40749,0.755,857,112,,0.293,-0.194,0
106,House,15036,21,3,IL,100,D,0,1,"LIPINSKI, William Oliver",L000342,1937,,-0.176,0.3,-354.54597,0.642,801,160,,-0.199,0.33,0
106,House,29349,21,16,IL,200,R,0,1,"MANZULLO, Donald A.",M001138,1944,,0.51,0,-242.25517,0.754,858,106,,0.625,-0.105,0
106,House,29913,21,19,IL,100,D,0,1,"PHELPS, David Dwain",P000584,1947,,-0.207,0.715,-310.97656,0.699,870,137,,-0.239,0.622,0
106,House,14677,21,10,IL,200,R,0,1,"PORTER, John Edward",P000444,1935,2022,0.217,-0.604,-254.07568,0.736,828,112,,0.133,-0.825,0
106,House,29346,21,1,IL,100,D,0,1,"RUSH, Bobby L.",R000515,1946,,-0.479,-0.203,-131.72725,0.84369,775,48,,-0.507,-0.35,0
106,House,29911,21,9,IL,100,D,0,1,"SCHAKOWSKY, Janice D.",S001145,1944,,-0.602,-0.291,-167.11257,0.82037,844,62,,-0.531,-0.473,0
106,House,29718,21,20,IL,200,R,0,1,"SHIMKUS, John M.",S000364,1958,,0.375,0.154,-173.16994,0.8197,871,68,,0.342,0.158,0
106,House,29516,21,11,IL,200,R,0,1,"WELLER, Gerald C. (Jerry)",W000273,1957,,0.288,0.2,-373.9438,0.644,850,148,,0.356,-0.142,0
106,House,29514,63,1,ID,200,R,0,1,"CHENOWETH-HAGE, Helen P.",C000345,1938,2006,0.797,0.526,-238.63046,0.726,746,111,,0.872,0.49,0
106,House,29910,63,2,ID,200,R,0,1,"SIMPSON, Michael K.",S001148,1950,,0.296,0.312,-175.57945,0.81514,859,72,,0.386,0.061,0
106,House,29721,31,3,IA,100,D,0,1,"BOSWELL, Leonard L.",B000652,1934,2018,-0.238,0.289,-300.42222,0.704,857,139,,-0.181,0.265,0
106,House,29521,31,4,IA,200,R,0,1,"GANSKE, Greg",G000041,1949,,0.239,-0.3,-323.78322,0.679,837,141,,0.167,-0.305,0
106,House,29522,31,5,IA,200,R,0,1,"LATHAM, Thomas",L000111,1948,,0.302,0.308,-209.69959,0.782,854,89,,0.399,0.033,0
106,House,14432,31,1,IA,200,R,0,1,"LEACH, James Albert Smith",L000169,1942,2024,0.141,-0.79,-214.53417,0.777,852,105,,0.168,-0.576,0
106,House,29118,31,2,IA,200,R,0,1,"NUSSLE, James Allen",N000172,1960,,0.417,-0.178,-216.27759,0.778,863,102,,0.382,-0.141,0
106,House,15245,82,1,HI,100,D,0,1,"ABERCROMBIE, Neil",A000014,1938,,-0.432,-0.026,-264.58433,0.731,845,98,,-0.343,-0.199,1
106,House,10757,82,2,HI,100,D,0,1,"MINK, Patsy Takemoto",M000797,1927,2002,-0.513,-0.067,-249.95751,0.749,864,99,,-0.431,-0.197,0
106,House,29511,44,7,GA,200,R,0,1,"BARR, Bob",B000169,1948,,0.632,0.218,-210.19086,0.779,843,87,,0.639,0.253,0
106,House,29339,44,2,GA,100,D,0,1,"BISHOP, Sanford Dixon, Jr.",B000490,1947,,-0.287,0.447,-283.9766,0.71228,837,114,,-0.187,0.365,0
106,House,29512,44,8,GA,200,R,0,1,"CHAMBLISS, Saxby",C000286,1943,,0.423,0.205,-138.85637,0.851,859,62,,0.356,0.268,1
106,House,29340,44,3,GA,200,R,0,1,"COLLINS, Michael Allen (Mac)",C000640,1944,2018,0.536,0.324,-166.21418,0.822,846,70,,0.574,0.148,0
106,House,99342,44,9,GA,200,R,0,1,"DEAL, John Nathan",D000168,1942,,0.581,0.139,-205.57462,0.787,857,89,,0.418,0.06,0
106,House,29909,44,6,GA,200,R,2,2,"ISAKSON, Johnny",I000055,1944,2021,0.402,-0.011,-184.58712,0.80377,845,72,,0.3,-0.158,0
106,House,29338,44,1,GA,200,R,0,1,"KINGSTON, Jack",K000220,1955,,0.54,0.302,-189.74017,0.798,842,92,,0.522,0.144,0
106,House,15431,44,5,GA,100,D,0,1,"LEWIS, John R.",L000287,1940,2020,-0.589,-0.221,-157.80625,0.82761,834,77,,-0.566,-0.156,0
106,House,29341,44,11,GA,200,R,0,1,"LINDER, John Elmer",L000321,1942,,0.559,-0.008,-161.13737,0.827,846,67,,0.536,-0.111,0
106,House,29344,44,4,GA,100,D,0,1,"McKINNEY, Cynthia Ann",M000523,1955,,-0.533,-0.583,-251.3641,0.742,844,111,,-0.543,-0.758,1
106,House,29513,44,10,GA,200,R,0,1,"NORWOOD, Charles W., Jr.",N000159,1941,2007,0.533,0.469,-163.91778,0.822,838,68,,0.43,0.371,0
106,House,15006,43,9,FL,200,R,0,1,"BILIRAKIS, Michael",B000463,1930,,0.382,-0.219,-169.36189,0.822,864,71,,0.302,0.082,0
106,House,29713,43,2,FL,100,D,0,1,"BOYD, F. Allen, Jr.",B000716,1945,,-0.181,0.414,-288.77641,0.713,854,140,,-0.169,0.359,0
106,House,29328,43,3,FL,100,D,0,1,"BROWN, Corrine",B000911,1946,,-0.429,0.192,-166.21049,0.817,822,57,,-0.394,0.049,0
106,House,29332,43,12,FL,200,R,0,1,"CANADY, Charles Terrance",C000107,1954,,0.382,0.031,-145.90836,0.843,857,52,,0.37,0.064,0
106,House,29714,43,11,FL,100,D,0,1,"DAVIS, Jim",D000114,1957,,-0.278,0.025,-218.60968,0.775,856,97,,-0.266,0.104,0
106,House,29335,43,20,FL,100,D,0,1,"DEUTSCH, Peter R.",D000275,1957,,-0.324,-0.115,-226.72611,0.768,860,102,,-0.327,-0.131,0
106,House,29336,43,21,FL,200,R,0,1,"DIAZ-BALART, Lincoln",D000299,1954,2025,0.243,-0.105,-209.46652,0.781,846,87,,0.23,-0.145,0
106,House,29510,43,16,FL,200,R,0,1,"FOLEY, Mark A.",F000238,1954,,0.311,-0.381,-217.0885,0.778,863,99,,0.241,-0.429,0
106,House,29329,43,4,FL,200,R,0,1,"FOWLER, Tillie Kidd",F000328,1942,2005,0.329,-0.209,-158.87108,0.823,817,65,,0.348,-0.179,1
106,House,15605,43,14,FL,200,R,0,1,"GOSS, Porter J.",G000336,1938,,0.421,-0.394,-170.03509,0.821,864,68,,0.429,-0.267,0
106,House,29337,43,23,FL,100,D,0,1,"HASTINGS, Alcee Lamar",H000324,1936,2021,-0.564,0.157,-168.52284,0.80833,792,65,,-0.579,0.18,0
106,House,14842,43,8,FL,200,R,0,1,"McCOLLUM, Ira William, Jr. (Bill)",M000350,1944,,0.377,-0.101,-126.8454,0.824,654,44,,0.314,-0.153,0
106,House,29334,43,17,FL,100,D,0,1,"MEEK, Carrie P.",M000628,1926,2021,-0.483,0.12,-186.21945,0.794,809,71,,-0.474,-0.012,0
106,House,29331,43,7,FL,200,R,0,1,"MICA, John L.",M000689,1943,,0.453,0.137,-175.00803,0.814,851,74,,0.419,-0.026,0
106,House,29333,43,13,FL,200,R,0,1,"MILLER, Daniel",M000720,1942,,0.453,-0.494,-196.06716,0.794,851,87,,0.49,-0.537,0
106,House,15634,43,18,FL,200,R,0,1,"ROS-LEHTINEN, Ileana",R000435,1952,,0.244,-0.225,-182.64438,0.79945,816,72,,0.257,-0.214,0
106,House,39508,43,1,FL,200,R,0,1,"SCARBOROUGH, Charles Joseph",S000106,1963,,0.672,-0.433,-242.72762,0.707,699,107,,0.535,-0.411,1
106,House,14860,43,22,FL,200,R,0,1,"SHAW, Eugene Clay, Jr.",S000303,1939,2013,0.3,-0.142,-166.57735,0.818,831,69,,0.294,-0.341,0
106,House,15627,43,6,FL,200,R,0,1,"STEARNS, Clifford Bundy",S000822,1941,,0.554,-0.075,-199.35466,0.792,857,85,,0.6,-0.004,0
106,House,29330,43,5,FL,100,D,0,1,"THURMAN, Karen L.",T000253,1951,,-0.304,0.273,-213.61034,0.775,839,89,,-0.353,0.213,0
106,House,29509,43,15,FL,200,R,0,1,"WELDON, David Joseph",W000267,1953,,0.471,0.146,-158.14206,0.831,852,51,,0.457,0.054,0
106,House,29715,43,19,FL,100,D,0,1,"WEXLER, Robert",W000314,1961,,-0.392,-0.193,-169.31538,0.816,831,69,,-0.372,-0.196,0
106,House,13047,43,10,FL,200,R,0,1,"YOUNG, Charles William (Bill)",Y000031,1930,2013,0.325,-0.112,-153.16624,0.829,818,57,,0.279,0.034,0
106,House,29327,11,1,DE,200,R,0,1,"CASTLE, Michael Newbold",C000243,1939,,0.229,-0.7,-215.30033,0.781,869,96,,0.226,-0.775,0
106,House,29109,1,3,CT,100,D,0,1,"DeLAURO, Rosa L.",D000216,1943,,-0.414,-0.107,-134.28922,0.85712,871,44,,-0.421,-0.144,0
106,House,14825,1,2,CT,100,D,0,1,"GEJDENSON, Samuel",G000120,1948,,-0.416,-0.486,-187.85971,0.803,854,81,,-0.425,-0.17,0
106,House,15028,1,6,CT,200,R,0,1,"JOHNSON, Nancy Lee",J000163,1935,,0.122,-0.513,-219.2016,0.772,849,91,,0.17,-0.748,0
106,House,29908,1,1,CT,100,D,0,1,"LARSON, John B.",L000557,1948,,-0.396,-0.038,-166.43049,0.82274,853,60,,-0.367,-0.132,1
106,House,29712,1,5,CT,100,D,0,1,"MALONEY, James H.",M000090,1948,,-0.244,-0.053,-308.45935,0.697,856,136,,-0.248,-0.059,1
106,House,15449,1,4,CT,200,R,0,1,"SHAYS, Christopher H.",S001144,1945,,0.129,-0.992,-260.7195,0.732,835,115,,0.239,-0.971,0
106,House,29710,62,1,CO,100,D,0,1,"DeGETTE, Diana",D000197,1957,,-0.431,-0.308,-165.85745,0.82121,842,66,,-0.436,-0.462,0
106,House,15419,62,5,CO,200,R,0,1,"HEFLEY, Joel M.",H000444,1935,,0.591,0.13,-336.04992,0.67,840,153,,0.69,0.204,1
106,House,29326,62,3,CO,200,R,0,1,"McINNIS, Scott",M000477,1953,,0.391,-0.083,-208.76296,0.778,830,87,,0.459,-0.179,0
106,House,29711,62,4,CO,200,R,0,1,"SCHAFFER, Robert W.",S000112,1962,,0.638,0.77,-338.66168,0.672,851,157,,0.846,0.532,0
106,House,29907,62,6,CO,200,R,0,1,"TANCREDO, Thomas G.",T000458,1945,,0.75,-0.022,-237.61298,0.752,834,112,,0.689,-0.175,0
106,House,29906,62,2,CO,100,D,0,1,"UDALL, Mark",U000038,1950,,-0.353,0.049,-248.50087,0.749,861,108,,-0.438,-0.09,0
106,House,29942,71,42,CA,100,D,2,2,"BACA, Joe",B001234,1947,,-0.349,0.292,-106.73248,0.764,397,43,,-0.266,0.409,0
106,House,29316,71,30,CA,100,D,0,1,"BECERRA, Xavier",B000287,1958,,-0.512,-0.283,-146.72845,0.8303,789,64,,-0.469,-0.215,0
106,House,15005,71,26,CA,100,D,0,1,"BERMAN, Howard Lawrence",B000410,1941,,-0.404,-0.286,-141.96593,0.837,798,56,,-0.411,-0.247,0
106,House,29508,71,49,CA,200,R,0,1,"BILBRAY, Brian P.",B000461,1951,,0.392,-0.376,-448.49372,0.573,805,203,,0.307,-0.635,0
106,House,29775,71,44,CA,200,R,0,1,"BONO, Mary",B001228,1961,,0.353,-0.218,-197.49036,0.79,840,94,,0.299,-0.172,1
106,House,10573,71,42,CA,100,D,1,1,"BROWN, George Edward, Jr.",B000918,1920,1999,-0.506,-0.028,-10.73244,0.81,51,7,,-0.47,0.491,0
106,House,29323,71,43,CA,200,R,0,1,"CALVERT, Ken",C000059,1953,,0.339,0.276,-147.50752,0.84255,861,61,,0.331,0.05,0
106,House,15600,71,15,CA,200,R,0,1,"CAMPBELL, Thomas J.",C000100,1952,,0.256,-0.907,-326.84535,0.596,631,142,,0.325,-0.946,0
106,House,29774,71,22,CA,100,D,0,1,"CAPPS, Lois",C001036,1938,,-0.389,-0.227,-184.58256,0.801,830,87,,-0.309,-0.131,0
106,House,15635,71,18,CA,100,D,0,1,"CONDIT, Gary Adrian",C000670,1948,,-0.103,0.3,-440.11956,0.604,873,217,,-0.155,0.35,0
106,House,15601,71,47,CA,200,R,0,1,"COX, Charles Christopher",C000830,1952,,0.54,-0.236,-170.97479,0.808,803,83,,0.6,-0.382,0
106,House,29107,71,51,CA,200,R,0,1,"CUNNINGHAM, Randall (Duke)",C000994,1941,,0.411,0.001,-146.97223,0.843,860,55,,0.421,0.071,0
106,House,14620,71,32,CA,100,D,0,1,"DIXON, Julian Carey",D000373,1934,2000,-0.458,-0.076,-146.94598,0.836,823,54,,-0.414,-0.167,0
106,House,29105,71,20,CA,100,D,0,1,"DOOLEY, Calvin M.",D000424,1954,,-0.19,0.103,-298.16068,0.701,840,132,,-0.237,0.048,0
106,House,29104,71,4,CA,200,R,0,1,"DOOLITTLE, John Taylor",D000429,1950,,0.519,0.156,-195.69153,0.796,859,80,,0.61,0.171,0
106,House,14813,71,28,CA,200,R,0,1,"DREIER, David Timothy",D000492,1952,,0.478,-0.084,-181.19426,0.812,871,81,,0.406,-0.109,0
106,House,29312,71,14,CA,100,D,0,1,"ESHOO, Anna Georges",E000215,1942,,-0.379,-0.372,-194.71373,0.7931,840,88,,-0.379,-0.716,0
106,House,29313,71,17,CA,100,D,0,1,"FARR, Sam",F000030,1941,,-0.455,-0.219,-156.20791,0.832,850,58,,-0.434,-0.284,0
106,House,29325,71,50,CA,100,D,0,1,"FILNER, Bob",F000116,1942,2025,-0.652,0.002,-155.75347,0.828,827,61,,-0.699,0.169,0
106,House,15413,71,23,CA,200,R,0,1,"GALLEGLY, Elton W.",G000021,1944,,0.402,-0.1,-192.61502,0.799,857,87,,0.239,-0.091,0
106,House,15420,71,2,CA,200,R,0,1,"HERGER, Walter William (Wally)",H000528,1945,,0.551,0.117,-154.01616,0.834,851,72,,0.604,0.136,0
106,House,29320,71,38,CA,200,R,0,1,"HORN, John Stephen (Steve)",H000789,1931,2011,0.167,-0.651,-224.48484,0.771,864,102,,0.149,-0.663,0
106,House,14835,71,52,CA,200,R,0,1,"HUNTER, Duncan Lee",H000981,1948,,0.47,0.02,-199.63546,0.789,844,91,,0.441,0.207,1
106,House,29904,71,36,CA,200,R,0,1,"KUYKENDALL, Steven T.",K000357,1947,2021,0.219,-0.462,-182.42853,0.805,842,71,,0.22,-0.464,1
106,House,14837,71,12,CA,100,D,0,1,"LANTOS, Thomas Peter",L000090,1928,2008,-0.376,-0.033,-120.94912,0.858,789,36,,-0.418,-0.112,0
106,House,29778,71,9,CA,100,D,0,1,"LEE, Barbara",L000551,1946,,-0.676,-0.582,-155.7509,0.83452,861,55,,-0.679,-0.734,0
106,House,14644,71,40,CA,200,R,0,1,"LEWIS, Charles Jeremy (Jerry)",L000274,1934,2021,0.348,-0.101,-220.42523,0.768,837,92,,0.256,0.025,0
106,House,29504,71,16,CA,100,D,0,1,"LOFGREN, Zoe",L000397,1947,,-0.397,-0.404,-230.11052,0.74868,795,101,,-0.406,-0.571,0
106,House,14879,71,31,CA,100,D,0,1,"MART√çNEZ, Matthew G.",M000206,1929,2011,-0.341,0.106,-542.31634,0.436,654,177,,-0.143,0.01,0
106,House,94879,71,31,CA,200,R,0,1,"MART√çNEZ, Matthew G.",M000206,1929,2011,0.371,-0.107,-6.70122,0.912,73,1,,0.357,-0.032,0
106,House,14649,71,5,CA,100,D,0,1,"MATSUI, Robert T.",M000249,1941,2005,-0.404,-0.03,-142.45609,0.847,855,46,,-0.39,-0.149,0
106,House,29315,71,25,CA,200,R,0,1,"McKEON, Howard P. (Buck)",M000508,1938,,0.396,0.208,-136.7533,0.853,861,54,,0.369,0.108,1
106,House,29586,71,37,CA,100,D,0,1,"MILLENDER-McDONALD, Juanita",M000714,1938,2007,-0.438,-0.16,-118.28959,0.868,833,35,,-0.436,-0.172,0
106,House,29905,71,41,CA,200,R,0,1,"MILLER, Gary G.",M001139,1948,,0.478,0.222,-156.73057,0.833,856,62,,0.531,-0.019,0
106,House,14256,71,7,CA,100,D,0,1,"MILLER, George",M000725,1945,,-0.552,-0.398,-253.92442,0.739,838,115,,-0.641,-0.24,0
106,House,29903,71,34,CA,100,D,0,1,"NAPOLITANO, Grace Flores",N000179,1936,,-0.448,-0.247,-178.8301,0.81047,851,62,,-0.377,-0.082,0
106,House,29902,71,3,CA,200,R,0,1,"OSE, Doug",O000164,1955,,0.289,-0.316,-221.80607,0.773,862,100,,0.276,-0.285,0
106,House,15051,71,48,CA,200,R,0,1,"PACKARD, Ronald C.",P000005,1931,,0.419,0.152,-154.17612,0.835,856,69,,0.379,0.125,0
106,House,15448,71,8,CA,100,D,0,1,"PELOSI, Nancy",P000197,1940,,-0.489,-0.18,-157.39092,0.82821,835,61,,-0.498,-0.475,0
106,House,29311,71,11,CA,200,R,0,1,"POMBO, Richard William",P000419,1961,,0.461,0.469,-207.871,0.786,861,94,,0.591,0.354,0
106,House,29505,71,19,CA,200,R,0,1,"RADANOVICH, George P.",R000004,1955,,0.484,0.18,-144.08034,0.842,835,59,,0.487,0.215,0
106,House,29708,71,27,CA,200,R,0,1,"ROGAN, James E.",R000386,1957,,0.475,-0.088,-266.51467,0.726,832,111,,0.473,-0.232,0
106,House,15621,71,45,CA,200,R,0,1,"ROHRABACHER, Dana",R000409,1947,,0.626,-0.417,-216.28486,0.77967,869,95,,0.716,-0.26,0
106,House,29317,71,33,CA,100,D,0,1,"ROYBAL-ALLARD, Lucille",R000486,1941,,-0.469,-0.171,-148.03885,0.83877,842,54,,-0.473,-0.247,0
106,House,29321,71,39,CA,200,R,0,1,"ROYCE, Edward Randall",R000487,1951,,0.657,-0.353,-211.33878,0.77803,842,92,,0.729,-0.385,0
106,House,29709,71,46,CA,100,D,0,1,"SANCHEZ, Loretta",S000030,1960,,-0.367,0.025,-203.1561,0.786,843,83,,-0.361,-0.023,1
106,House,29707,71,24,CA,100,D,0,1,"SHERMAN, Brad",S000344,1954,,-0.344,-0.137,-196.65674,0.79727,868,84,,-0.336,-0.22,0
106,House,14053,71,13,CA,100,D,0,1,"STARK, Fortney Hillman (Pete), Jr.",S000810,1931,2020,-0.631,-0.605,-208.21998,0.765,779,90,,-0.738,-0.609,0
106,House,29705,71,10,CA,100,D,0,1,"TAUSCHER, Ellen O'Kane",T000057,1951,2019,-0.308,-0.169,-229.52938,0.768,868,105,,-0.276,-0.122,1
106,House,14669,71,21,CA,200,R,0,1,"THOMAS, William Marshall",T000188,1941,,0.371,-0.277,-193.11265,0.792,826,78,,0.361,-0.131,0
106,House,29901,71,1,CA,100,D,0,1,"THOMPSON, Michael",T000460,1951,,-0.392,0.072,-321.94192,0.69099,871,149,,-0.404,0.328,1
106,House,29106,71,35,CA,100,D,0,1,"WATERS, Maxine",W000187,1938,,-0.656,-0.094,-176.3488,0.80734,824,80,,-0.731,-0.018,0
106,House,14280,71,29,CA,100,D,0,1,"WAXMAN, Henry Arnold",W000215,1939,,-0.473,-0.343,-132.07487,0.847,796,57,,-0.493,-0.518,0
106,House,29309,71,6,CA,100,D,0,1,"WOOLSEY, Lynn C.",W000738,1937,,-0.556,-0.529,-142.2608,0.847,858,55,,-0.515,-0.464,0
106,House,29502,61,6,AZ,200,R,0,1,"HAYWORTH, John D., Jr.",H000413,1958,,0.559,-0.018,-145.88973,0.845,864,57,,0.594,0.085,0
106,House,15105,61,5,AZ,200,R,0,1,"KOLBE, James Thomas",K000306,1942,2022,0.351,-0.534,-249.04748,0.746,849,128,,0.329,-0.451,0
106,House,29101,61,2,AZ,100,D,0,1,"PASTOR, Ed",P000099,1943,2018,-0.421,0.12,-242.76436,0.756,868,91,,-0.407,0.122,0
106,House,29500,61,1,AZ,200,R,0,1,"SALMON, Matthew James",S000018,1958,,0.673,-0.272,-194.71581,0.785,806,70,,0.652,-0.173,0
106,House,29501,61,4,AZ,200,R,0,1,"SHADEGG, John B.",S000275,1949,,0.749,0.008,-175.95062,0.813,852,61,,0.705,0.043,0
106,House,14454,61,3,AZ,200,R,0,1,"STUMP, Robert Lee",S001044,1927,2003,0.703,0.203,-164.0391,0.829,872,61,,0.592,0.418,1
106,House,29702,42,1,AR,100,D,0,1,"BERRY, Robert Marion",B000420,1942,2023,-0.293,0.956,-332.4931,0.679,859,167,,-0.206,0.757,0
106,House,29307,42,4,AR,200,R,0,1,"DICKEY, Jay W., Jr.",D000312,1939,2017,0.391,0.22,-224.39934,0.761,822,91,,0.376,0.427,0
106,House,29704,42,3,AR,200,R,0,1,"HUTCHINSON, Asa",H001014,1950,,0.358,0.133,-199.59853,0.789,841,85,,0.39,0.109,0
106,House,29703,42,2,AR,100,D,0,1,"SNYDER, Victor F.",S000672,1947,,-0.268,0.055,-207.9134,0.784,856,87,,-0.292,0.019,1
106,House,29701,41,4,AL,200,R,0,1,"ADERHOLT, Robert",A000055,1965,,0.405,0.467,-252.40599,0.74742,867,105,,0.38,0.845,0
106,House,29301,41,6,AL,200,R,0,1,"BACHUS, Spencer T., III",B000013,1947,,0.387,0.228,-197.21883,0.796,863,83,,0.305,0.103,0
106,House,15090,41,1,AL,200,R,0,1,"CALLAHAN, Herbert Leon (Sonny)",C000052,1932,2021,0.373,0.202,-156.97696,0.83,842,61,,0.29,0.263,0
106,House,29100,41,5,AL,100,D,0,1,"CRAMER, Robert E. (Bud), Jr.",C000868,1947,,-0.132,0.612,-241.9535,0.755,861,102,,-0.124,0.54,0
106,House,29300,41,2,AL,200,R,0,1,"EVERETT, Robert Terry",E000268,1937,2024,0.414,0.528,-120.12012,0.866,834,43,,0.447,0.563,1
106,House,29302,41,7,AL,100,D,0,1,"HILLIARD, Earl Frederick",H000621,1942,,-0.555,0.569,-217.22676,0.773,845,83,,-0.575,0.651,0
106,House,29700,41,3,AL,200,R,0,1,"RILEY, Robert",R000258,1944,,0.433,0.692,-170.65206,0.818,848,73,,0.445,0.578,1
106,House,14066,81,1,AK,200,R,0,1,"YOUNG, Donald Edwin",Y000033,1933,2022,0.283,0.022,-172.09791,0.79544,752,73,,0.295,0.181,0
107,House,29584,68,1,WY,200,R,0,1,"CUBIN, Barbara L.",C000962,1946,,0.501,0.345,-70.43854,0.87,504,27,,0.555,0.115,0
107,House,20146,56,2,WV,200,R,0,1,"CAPITO, Shelley Moore",C001047,1953,,0.282,0.144,-115.63759,0.84362,680,49,,0.229,-0.122,0
107,House,15083,56,1,WV,100,D,0,1,"MOLLOHAN, Alan Bowlby",M000844,1943,,-0.292,0.657,-268.60437,0.664,657,109,,-0.22,0.427,0
107,House,14448,56,3,WV,100,D,0,1,"RAHALL, Nick Joe, II",R000011,1949,,-0.306,0.45,-231.47542,0.708,670,97,,-0.319,0.31,0
107,House,29940,25,2,WI,100,D,0,1,"BALDWIN, Tammy",B001230,1962,,-0.488,-0.13,-158.60013,0.78753,664,80,,-0.57,-0.172,0
107,House,39315,25,5,WI,100,D,0,1,"BARRETT, Thomas M.",B000177,1953,,-0.38,-0.507,-138.67879,0.807,647,60,,-0.426,-0.426,0
107,House,29941,25,8,WI,200,R,0,1,"GREEN, Mark",G000545,1960,,0.456,-0.294,-123.49722,0.834,679,58,,0.502,-0.329,0
107,House,29769,25,3,WI,100,D,0,1,"KIND, Ron",K000188,1963,,-0.26,-0.08,-197.64495,0.74519,672,88,,-0.3,-0.24,0
107,House,15082,25,4,WI,100,D,0,1,"KLECZKA, Gerald Daniel",K000259,1943,2017,-0.322,-0.093,-164.36477,0.782,667,63,,-0.384,-0.302,0
107,House,12036,25,7,WI,100,D,0,1,"OBEY, David Ross",O000007,1938,,-0.45,-0.063,-186.42023,0.752,655,79,,-0.49,0.004,0
107,House,14675,25,6,WI,200,R,0,1,"PETRI, Thomas Evert",P000265,1940,,0.379,-0.367,-241.83426,0.7,677,96,,0.538,-0.679,0
107,House,29939,25,1,WI,200,R,0,1,"RYAN, Paul D.",R000570,1970,,0.556,-0.25,-122.57333,0.83074,661,56,,0.499,-0.299,0
107,House,14657,25,9,WI,200,R,0,1,"SENSENBRENNER, Frank James, Jr.",S000244,1943,,0.638,-0.579,-151.29189,0.79841,672,82,,0.791,-0.577,0
107,House,29938,73,3,WA,100,D,0,1,"BAIRD, Brian",B001229,1956,,-0.342,0.257,-249.83441,0.69,673,128,,-0.416,0.408,0
107,House,14413,73,6,WA,100,D,0,1,"DICKS, Norman DeValois",D000327,1940,,-0.312,0.11,-188.64822,0.752,663,74,,-0.291,-0.085,0
107,House,39312,73,8,WA,200,R,0,1,"DUNN, Jennifer Blackburn",D000549,1941,2007,0.384,-0.261,-81.55064,0.882,652,34,,0.364,-0.24,0
107,House,29580,73,4,WA,200,R,0,1,"HASTINGS, Richard Norman (Doc)",H000329,1941,,0.416,0.411,-61.94287,0.911,663,21,,0.407,0.11,0
107,House,29937,73,1,WA,100,D,0,1,"INSLEE, Jay Robert",I000026,1951,,-0.33,-0.194,-147.09732,0.804,673,62,,-0.388,-0.302,0
107,House,20145,73,2,WA,100,D,0,1,"LARSEN, Richard Ray (Rick)",L000560,1965,,-0.365,0.164,-269.19225,0.66993,672,130,,-0.355,0.556,1
107,House,15613,73,7,WA,100,D,0,1,"McDERMOTT, James A.",M000404,1936,,-0.666,-0.197,-151.37168,0.791,644,72,,-0.749,-0.069,0
107,House,29581,73,5,WA,200,R,0,1,"NETHERCUTT, George R., Jr.",N000051,1944,2024,0.357,0.08,-70.39873,0.897,650,27,,0.374,0.068,0
107,House,29768,73,9,WA,100,D,0,1,"SMITH, Adam",S000510,1965,,-0.291,-0.166,-216.87655,0.71593,649,97,,-0.252,-0.153,1
107,House,29147,6,1,VT,328,I,0,1,"SANDERS, Bernard",S000033,1941,,-0.543,-0.421,-134.38534,0.81425,654,46,,-0.542,-0.393,0
107,House,15010,40,9,VA,100,D,0,1,"BOUCHER, Frederick C.",B000657,1946,,-0.265,0.189,-189.01964,0.746,644,70,,-0.264,0.076,0
107,House,20144,40,7,VA,200,R,0,1,"CANTOR, Eric",C001046,1963,,0.518,0.191,-75.40312,0.894,675,34,,0.538,-0.018,0
107,House,20141,40,1,VA,200,R,0,1,"DAVIS, Jo Ann",D000597,1950,2007,0.426,0.173,-125.65952,0.83,676,58,,0.464,0.039,1
107,House,29576,40,11,VA,200,R,0,1,"DAVIS, Thomas M., III",D000136,1949,,0.282,-0.404,-106.17574,0.851,659,37,,0.337,-0.446,0
107,House,20143,40,4,VA,200,R,2,2,"FORBES, J. Randy",F000445,1952,,0.407,0.218,-65.59748,0.89,563,23,,0.431,0.079,1
107,House,89767,40,5,VA,200,R,0,1,"GOODE, Virgil H., Jr.",G000280,1946,,0.439,0.633,-8.25062,0.889,70,5,,0.908,-0.418,0
107,House,99767,40,5,VA,328,I,0,1,"GOODE, Virgil H., Jr.",G000280,1946,,0.583,0.541,-150.97984,0.779,606,63,,0.654,0.524,0
107,House,39308,40,6,VA,200,R,0,1,"GOODLATTE, Robert William",G000289,1952,,0.496,-0.002,-103.01189,0.85885,677,42,,0.581,0.162,0
107,House,29149,40,8,VA,100,D,0,1,"MORAN, James P.",M000933,1945,,-0.302,-0.203,-202.13554,0.734,655,91,,-0.275,-0.344,0
107,House,20142,40,2,VA,200,R,0,1,"SCHROCK, Edward",S001151,1941,,0.451,0.032,-58.6519,0.916,667,21,,0.412,-0.031,0
107,House,39307,40,3,VA,100,D,0,1,"SCOTT, Robert C.",S000185,1947,,-0.45,-0.003,-164.95194,0.78263,673,71,,-0.453,-0.006,0
107,House,15060,40,4,VA,100,D,1,1,"SISISKY, Norman",S000453,1927,2001,-0.122,0.453,,,,,,-0.157,0.988,1
107,House,14869,40,10,VA,200,R,0,1,"WOLF, Frank Rudolph",W000672,1939,,0.284,-0.213,-96.57803,0.866,673,46,,0.255,-0.097,0
107,House,29766,67,3,UT,200,R,0,1,"CANNON, Christopher B.",C000116,1950,2024,0.596,0.017,-94.68778,0.861,634,32,,0.539,-0.018,0
107,House,14829,67,1,UT,200,R,0,1,"HANSEN, James Vear",H000172,1932,2018,0.496,0.143,-72.9239,0.893,647,26,,0.419,0.21,1
107,House,20140,67,2,UT,100,D,0,1,"MATHESON, James David (Jim)",M001142,1960,,-0.115,0.546,-264.08411,0.678,679,122,,-0.194,0.259,0
107,House,15125,49,26,TX,200,R,0,1,"ARMEY, Richard Keith",A000217,1940,,0.635,-0.089,-74.858,0.893,664,24,,0.519,-0.078,0
107,House,15085,49,6,TX,200,R,0,1,"BARTON, Joe Linus",B000213,1949,,0.528,0.047,-86.8778,0.87269,638,32,,0.535,0.098,0
107,House,29574,49,25,TX,100,D,0,1,"BENTSEN, Kenneth E., Jr.",B000400,1959,,-0.292,0.116,-168.33853,0.774,656,64,,-0.274,0.089,0
107,House,39302,49,23,TX,200,R,0,1,"BONILLA, Henry",B000617,1954,,0.4,0.136,-81.25624,0.886,669,28,,0.42,0.199,0
107,House,29760,49,8,TX,200,R,0,1,"BRADY, Kevin Patrick",B000755,1955,,0.52,0.239,-69.8891,0.89879,655,23,,0.462,0.132,0
107,House,15093,49,19,TX,200,R,0,1,"COMBEST, Larry Ed",C000653,1945,,0.458,0.555,-75.30287,0.884,611,22,,0.42,0.301,0
107,House,20139,49,7,TX,200,R,0,1,"CULBERSON, John",C001048,1956,,0.503,0.366,-94.97696,0.86653,663,42,,0.625,0.045,0
107,House,15094,49,22,TX,200,R,0,1,"DeLAY, Thomas Dale",D000217,1947,,0.593,0.059,-72.49589,0.895,653,31,,0.541,-0.087,0
107,House,29571,49,10,TX,100,D,0,1,"DOGGETT, Lloyd Alton, II",D000399,1946,,-0.403,-0.33,-233.76079,0.70802,677,92,,-0.502,-0.308,0
107,House,29144,49,11,TX,100,D,0,1,"EDWARDS, Thomas Chester (Chet)",E000063,1951,,-0.226,0.5,-183.46326,0.76,669,82,,-0.219,0.3,0
107,House,14626,49,24,TX,100,D,0,1,"FROST, Jonas Martin",F000392,1942,,-0.316,0.354,-165.09801,0.779,660,65,,-0.305,0.098,0
107,House,29943,49,20,TX,100,D,0,1,"GONZALEZ, Charles A.",G000544,1945,,-0.347,0.262,-150.53407,0.796,661,60,,-0.35,0.035,0
107,House,29762,49,12,TX,200,R,0,1,"GRANGER, Kay",G000377,1943,,0.403,0.243,-92.52253,0.86993,664,22,,0.329,-0.054,0
107,House,39304,49,29,TX,100,D,0,1,"GREEN, Raymond Eugene (Gene)",G000410,1947,,-0.324,0.453,-217.28437,0.72408,673,94,,-0.317,0.377,0
107,House,14828,49,4,TX,100,D,0,1,"HALL, Ralph Moody",H000067,1923,2019,0.096,0.995,-228.41213,0.714,678,105,,0.115,0.993,0
107,House,29763,49,15,TX,100,D,0,1,"HINOJOSA, Rub√©n",H000636,1940,,-0.34,0.235,-140.5297,0.799,625,51,,-0.298,0.023,0
107,House,29573,49,18,TX,100,D,0,1,"JACKSON LEE, Sheila",J000032,1950,,-0.459,0.121,-155.88802,0.78849,656,63,,-0.441,0.032,0
107,House,39305,49,30,TX,100,D,0,1,"JOHNSON, Eddie Bernice",J000126,1934,2023,-0.485,0.198,-173.47499,0.76732,655,72,,-0.451,0.202,0
107,House,29143,49,3,TX,200,R,0,1,"JOHNSON, Sam",J000174,1930,2020,0.61,0.277,-95.43067,0.86519,659,32,,0.598,0.3,0
107,House,29761,49,9,TX,100,D,0,1,"LAMPSON, Nicholas V.",L000043,1945,,-0.179,0.186,-200.34242,0.734,649,87,,-0.306,0.247,0
107,House,15049,49,27,TX,100,D,0,1,"ORTIZ, Solomon P.",O000107,1937,,-0.272,0.712,-178.70636,0.761,653,64,,-0.22,0.452,1
107,House,14290,49,14,TX,200,R,0,1,"PAUL, Ronald Ernest",P000583,1935,,0.863,-0.505,-406.06191,0.536,651,152,,0.935,-0.354,0
107,House,29764,49,16,TX,100,D,0,1,"REYES, Silvestre",R000170,1944,,-0.321,0.304,-147.76778,0.786,614,61,,-0.286,0.271,1
107,House,29771,49,28,TX,100,D,0,1,"RODRIGUEZ, Ciro D.",R000568,1946,,-0.349,0.238,-149.66396,0.799,666,55,,-0.372,0.053,1
107,House,29757,49,1,TX,100,D,0,1,"SANDLIN, Max A.",S000044,1952,,-0.25,0.546,-210.75298,0.731,673,101,,-0.282,0.407,0
107,House,29759,49,5,TX,200,R,0,1,"SESSIONS, Pete",S000250,1955,,0.585,0.171,-77.4581,0.88974,663,27,,0.582,0.256,0
107,House,15445,49,21,TX,200,R,0,1,"SMITH, Lamar Seeligson",S000583,1947,,0.425,0.061,-52.51844,0.92169,644,9,,0.365,0.068,0
107,House,14664,49,17,TX,100,D,0,1,"STENHOLM, Charles Walter",S000851,1938,2023,0.019,1,-322.6058,0.62,674,152,,-0.111,0.994,0
107,House,29572,49,13,TX,200,R,0,1,"THORNBERRY, William McClellan (Mac)",T000238,1958,,0.525,0.313,-95.95555,0.8673,674,34,,0.479,0.119,1
107,House,29758,49,2,TX,100,D,0,1,"TURNER, Jim",T000424,1946,,-0.185,0.606,-199.88918,0.744,677,84,,-0.188,0.551,1
107,House,29569,54,7,TN,200,R,0,1,"BRYANT, Ed",B000996,1948,,0.442,0.25,-68.674,0.901,661,23,,0.426,0.188,0
107,House,15450,54,5,TN,100,D,0,1,"CLEMENT, Robert Nelson",C000503,1943,,-0.216,0.327,-167.23595,0.767,631,70,,-0.204,0.334,0
107,House,15455,54,2,TN,200,R,0,1,"DUNCAN, John J., Jr.",D000533,1947,,0.604,-0.476,-243.98582,0.6974,677,100,,0.729,0.041,0
107,House,29756,54,9,TN,100,D,0,1,"FORD, Harold, Jr.",F000262,1970,,-0.359,0.311,-166.88643,0.774,650,70,,-0.314,0.221,0
107,House,15100,54,6,TN,100,D,0,1,"GORDON, Barton Jennings",G000309,1949,,-0.204,0.286,-178.62592,0.757,642,75,,-0.174,0.235,0
107,House,29568,54,4,TN,200,R,0,1,"HILLEARY, Van",H000615,1959,,0.543,0.449,-112.24857,0.831,607,54,,0.422,0.437,1
107,House,29755,54,1,TN,200,R,0,1,"JENKINS, William Lewis",J000082,1936,,0.396,0.349,-80.59628,0.885,660,35,,0.386,0.284,0
107,House,15628,54,8,TN,100,D,0,1,"TANNER, John S.",T000038,1944,,-0.182,0.648,-237.80512,0.696,656,112,,-0.199,0.73,0
107,House,29567,54,3,TN,200,R,0,1,"WAMP, Zachary Paul",W000119,1957,,0.428,0.072,-153.31444,0.796,673,63,,0.328,0,0
107,House,29754,37,1,SD,200,R,0,1,"THUNE, John",T000250,1961,,0.433,0.225,-198.62655,0.74476,674,71,,0.205,0.038,0
107,House,20137,48,1,SC,200,R,0,1,"BROWN, Henry Edward, Jr.",B001235,1935,,0.367,0.24,-67.93466,0.904,676,23,,0.371,-0.007,0
107,House,39301,48,6,SC,100,D,0,1,"CLYBURN, James Enos",C000537,1940,,-0.466,0.246,-178.15972,0.76772,674,72,,-0.392,0.103,0
107,House,29936,48,4,SC,200,R,0,1,"DeMINT, James W.",D000595,1951,,0.7,-0.102,-98.30651,0.865,678,33,,0.578,-0.036,0
107,House,29566,48,3,SC,200,R,0,1,"GRAHAM, Lindsey O.",G000359,1955,,0.366,-0.277,-141.83256,0.80845,667,60,,0.276,0.03,1
107,House,13042,48,2,SC,200,R,1,1,"SPENCE, Floyd Davidson",S000718,1928,2001,0.32,0.185,-15.3737,0.896,140,9,,0.437,0.28,1
107,House,15064,48,5,SC,100,D,0,1,"SPRATT, John McKee, Jr.",S000749,1942,2024,-0.256,0.255,-147.92986,0.802,669,60,,-0.292,0.206,1
107,House,20138,48,2,SC,200,R,2,2,"WILSON, Addison Graves (Joe)",W000795,1947,,0.53,0.16,-46.49392,0.87426,346,15,,0.463,0.214,1
107,House,29564,5,1,RI,100,D,0,1,"KENNEDY, Patrick Joseph",K000113,1967,,-0.409,-0.062,-153.74475,0.793,662,66,,-0.378,-0.162,0
107,House,20136,5,2,RI,100,D,0,1,"LANGEVIN, James",L000559,1964,,-0.375,0.114,-171.99863,0.77623,679,74,,-0.367,0.25,1
107,House,15008,14,3,PA,100,D,0,1,"BORSKI, Robert Anthony, Jr.",B000644,1948,,-0.416,0.406,-194.87912,0.74,646,120,,-0.423,0.57,0
107,House,29777,14,1,PA,100,D,0,1,"BRADY, Robert A.",B001227,1945,,-0.484,0.225,-181.61445,0.76133,666,105,,-0.496,0.471,1
107,House,14808,14,14,PA,100,D,0,1,"COYNE, William Joseph",C000846,1936,2013,-0.494,-0.119,-96.17224,0.859,631,31,,-0.485,-0.417,0
107,House,29561,14,18,PA,100,D,0,1,"DOYLE, Michael F.",D000482,1953,,-0.331,0.099,-164.10703,0.78073,663,74,,-0.281,0.231,0
107,House,29563,14,21,PA,200,R,0,1,"ENGLISH, Philip Sheridan",E000187,1956,,0.251,0.053,-305.76301,0.63,662,93,,0.278,0.387,0
107,House,29559,14,2,PA,100,D,0,1,"FATTAH, Chaka",F000043,1956,,-0.472,-0.054,-139.00224,0.805,641,61,,-0.473,-0.254,0
107,House,15026,14,17,PA,200,R,0,1,"GEKAS, George William",G000121,1930,2021,0.426,-0.295,-78.80913,0.89,676,32,,0.319,-0.047,0
107,House,29397,14,8,PA,200,R,0,1,"GREENWOOD, James Charles",G000439,1951,,0.225,-0.632,-104.53433,0.853,659,31,,0.264,-0.728,0
107,House,20133,14,4,PA,200,R,0,1,"HART, Melissa A.",H001033,1962,,0.39,0.155,-114.5669,0.844,677,45,,0.373,0.066,0
107,House,29934,14,13,PA,100,D,0,1,"HOEFFEL, Joseph M.",H001031,1950,,-0.338,-0.198,-113.14551,0.846,675,45,,-0.339,-0.272,0
107,House,29396,14,6,PA,100,D,0,1,"HOLDEN, Thomas Timothy (Tim)",H000712,1957,,-0.233,0.608,-184.99268,0.76,674,67,,-0.173,0.51,0
107,House,15104,14,11,PA,100,D,0,1,"KANJORSKI, Paul E.",K000008,1937,,-0.303,0.364,-206.55689,0.738,679,91,,-0.239,0.275,0
107,House,29562,14,20,PA,100,D,0,1,"MASCARA, Frank R.",M000212,1930,2011,-0.271,0.467,-137.73578,0.797,608,49,,-0.248,0.339,0
107,House,14072,14,12,PA,100,D,0,1,"MURTHA, John Patrick, Jr.",M001120,1932,2010,-0.265,0.569,-215.36789,0.707,621,86,,-0.192,0.316,0
107,House,29751,14,5,PA,200,R,0,1,"PETERSON, John",P000263,1938,,0.34,0.24,-74.64985,0.891,649,31,,0.355,-0.032,0
107,House,29752,14,16,PA,200,R,0,1,"PITTS, Joseph R.",P000373,1939,,0.538,0.012,-100.80376,0.859,661,47,,0.597,-0.165,0
107,House,20135,14,19,PA,200,R,0,1,"PLATTS, Todd",P000585,1962,,0.252,-0.15,-165.26866,0.774,644,71,,0.244,-0.041,0
107,House,29933,14,10,PA,200,R,0,1,"SHERWOOD, Don",S001146,1941,,0.329,-0.005,-69.18295,0.902,672,27,,0.355,-0.133,1
107,House,14052,14,9,PA,200,R,1,1,"SHUSTER, E. G. (Bud)",S000394,1932,2023,0.416,0.144,,,,,,0.133,-0.972,0
107,House,20134,14,9,PA,200,R,2,2,"SHUSTER, William (Bill)",S001154,1961,,0.374,0.323,-68.04995,0.89378,606,25,,0.39,0.071,0
107,House,29935,14,15,PA,200,R,0,1,"TOOMEY, Patrick Joseph",T000461,1961,,0.624,-0.378,-146.67492,0.80127,662,68,,0.7,-0.21,0
107,House,15447,14,7,PA,200,R,0,1,"WELDON, Wayne Curtis (Curt)",W000268,1947,,0.232,-0.324,-109.12073,0.842,636,47,,0.194,-0.137,1
107,House,29588,72,3,OR,100,D,0,1,"BLUMENAUER, Earl",B000574,1948,,-0.426,-0.626,-149.80039,0.79445,651,66,,-0.459,-0.785,0
107,House,15410,72,4,OR,100,D,0,1,"DeFAZIO, Peter Anthony",D000191,1947,,-0.427,-0.002,-294.10903,0.63516,648,150,,-0.624,0.373,0
107,House,29750,72,5,OR,100,D,0,1,"HOOLEY, Darlene",H000762,1939,,-0.315,-0.075,-181.46858,0.759,658,69,,-0.317,-0.104,0
107,House,29932,72,2,OR,200,R,0,1,"WALDEN, Greg",W000791,1957,,0.333,-0.011,-77.49589,0.89214,679,25,,0.334,-0.035,0
107,House,29931,72,1,OR,100,D,0,1,"WU, David",W000793,1955,,-0.37,0.031,-327.50961,0.615,673,149,,-0.39,0.291,0
107,House,20132,53,2,OK,100,D,0,1,"CARSON, Brad",C001044,1967,,-0.181,0.555,-215.63913,0.721,659,97,,-0.199,0.443,0
107,House,29392,53,5,OK,200,R,0,1,"ISTOOK, Ernest James, Jr.",I000047,1950,,0.492,0.129,-118.21166,0.833,645,37,,0.356,0.138,0
107,House,29554,53,1,OK,200,R,1,1,"LARGENT, Steve",L000096,1954,,0.617,-0.033,-62.14414,0.833,340,27,,0.509,-0.072,0
107,House,29393,53,6,OK,200,R,0,1,"LUCAS, Frank D.",L000491,1960,,0.361,0.452,-65.77224,0.90716,675,26,,0.389,0.253,0
107,House,20131,53,1,OK,200,R,2,2,"SULLIVAN, John",S001155,1965,,0.513,0.173,-24.45275,0.922,303,8,,0.454,0.224,0
107,House,29749,53,3,OK,200,R,0,1,"WATKINS, Wesley Wade",W000194,1938,,0.368,0.374,-60.50179,0.912,658,16,,0.384,0.25,0
107,House,29556,53,4,OK,200,R,0,1,"WATTS, Julius Caesar, Jr. (J. C.)",W000210,1957,,0.406,0.286,-74.33498,0.892,650,24,,0.395,0.138,1
107,House,29137,24,8,OH,200,R,0,1,"BOEHNER, John Andrew",B000589,1949,,0.513,0.04,-73.97542,0.893,653,21,,0.386,0.052,0
107,House,29389,24,13,OH,100,D,0,1,"BROWN, Sherrod",B000944,1952,,-0.425,-0.097,-170.94344,0.77569,673,76,,-0.519,-0.246,0
107,House,29550,24,1,OH,200,R,0,1,"CHABOT, Steve",C000266,1953,,0.542,-0.137,-123.81805,0.83331,679,60,,0.601,-0.174,0
107,House,15604,24,5,OH,200,R,0,1,"GILLMOR, Paul Eugene",G000210,1939,2007,0.254,0.106,-135.73775,0.81,645,45,,0.312,0.159,0
107,House,14632,24,3,OH,100,D,0,1,"HALL, Tony Patrick",H000074,1942,,-0.28,0.155,-163.76149,0.731,522,77,,-0.236,0.253,0
107,House,29136,24,7,OH,200,R,0,1,"HOBSON, David Lee",H000666,1936,2024,0.315,-0.229,-72.81068,0.898,677,25,,0.333,-0.115,0
107,House,29930,24,11,OH,100,D,0,1,"JONES, Stephanie Tubbs",J000284,1949,2008,-0.521,-0.059,-131.22911,0.812,629,61,,-0.559,-0.12,0
107,House,15029,24,9,OH,100,D,0,1,"KAPTUR, Marcia Carolyn (Marcy)",K000009,1946,,-0.343,0.133,-168.99162,0.76698,637,75,,-0.401,0.068,0
107,House,29748,24,10,OH,100,D,0,1,"KUCINICH, Dennis",K000336,1946,,-0.582,0.024,-256.22421,0.685,677,127,,-0.598,0.138,0
107,House,29553,24,19,OH,200,R,0,1,"LaTOURETTE, Steven C.",L000553,1954,2016,0.211,-0.063,-112.67914,0.842,654,40,,0.213,-0.023,0
107,House,29552,24,18,OH,200,R,0,1,"NEY, Robert William",N000081,1954,,0.269,0.116,-103.84372,0.857,673,40,,0.329,-0.023,0
107,House,14875,24,4,OH,200,R,0,1,"OXLEY, Michael Garver",O000163,1944,2016,0.382,-0.093,-57.00233,0.913,629,20,,0.384,0.023,0
107,House,29386,24,2,OH,200,R,0,1,"PORTMAN, Robert Jones (Rob)",P000449,1955,,0.371,-0.208,-63.65585,0.90924,669,24,,0.405,-0.186,0
107,House,29390,24,15,OH,200,R,0,1,"PRYCE, Deborah D.",P000555,1951,,0.32,-0.329,-81.93612,0.88,643,35,,0.34,-0.378,0
107,House,14045,24,16,OH,200,R,0,1,"REGULA, Ralph Straus",R000141,1924,2017,0.221,-0.223,-90.55648,0.875,679,35,,0.286,-0.008,0
107,House,15442,24,14,OH,100,D,0,1,"SAWYER, Thomas Charles",S000094,1945,2023,-0.377,-0.114,-95.94086,0.866,665,32,,-0.411,-0.33,0
107,House,29747,24,6,OH,100,D,0,1,"STRICKLAND, Ted",S001004,1941,,-0.384,0.404,-215.0641,0.728,677,105,,-0.406,0.518,0
107,House,20130,24,12,OH,200,R,0,1,"TIBERI, Patrick (Pat)",T000462,1962,,0.386,-0.026,-96.98818,0.86671,678,38,,0.452,-0.14,0
107,House,15121,24,17,OH,100,D,0,1,"TRAFICANT, James A., Jr.",T000350,1941,2014,-0.082,0.071,-195.20089,0.559,336,102,,0.202,0.263,0
107,House,15000,13,5,NY,100,D,0,1,"ACKERMAN, Gary Leonard",A000022,1942,,-0.429,-0.165,-123.97146,0.824,641,48,,-0.4,-0.306,0
107,House,15007,13,23,NY,200,R,0,1,"BOEHLERT, Sherwood Louis",B000586,1936,2021,0.103,-0.718,-101.83633,0.861,678,32,,0.163,-0.666,0
107,House,29925,13,7,NY,100,D,0,1,"CROWLEY, Joseph",C001038,1962,,-0.412,-0.07,-157.54824,0.78878,664,67,,-0.364,-0.055,0
107,House,15603,13,17,NY,100,D,0,1,"ENGEL, Eliot Lance",E000179,1947,,-0.408,-0.093,-127.24069,0.81996,641,49,,-0.345,-0.222,0
107,House,29773,13,13,NY,200,R,0,1,"FOSSELLA, Vito John",F000440,1965,,0.426,-0.336,-137.3788,0.807,642,53,,0.37,-0.089,0
107,House,14015,13,20,NY,200,R,0,1,"GILMAN, Benjamin Arthur",G000212,1922,2016,0.043,-0.425,-151.68088,0.795,661,53,,0.112,-0.581,0
107,House,20128,13,1,NY,200,R,0,1,"GRUCCI, Jr., Felix J.",G000547,1951,,0.238,-0.134,-102.08515,0.858,667,49,,0.24,-0.154,0
107,House,29380,13,26,NY,100,D,0,1,"HINCHEY, Maurice Dunlea",H000627,1938,2017,-0.575,-0.007,-149.40113,0.796,655,64,,-0.631,-0.117,0
107,House,15423,13,31,NY,200,R,0,1,"HOUGHTON, Amory, Jr.",H000814,1926,2020,0.154,-0.281,-131.53469,0.802,596,50,,0.217,-0.824,0
107,House,20129,13,2,NY,100,D,0,1,"ISRAEL, Steve",I000057,1958,,-0.334,-0.051,-205.51178,0.735,667,89,,-0.259,-0.164,0
107,House,29544,13,19,NY,200,R,0,1,"KELLY, Sue W.",K000078,1936,,0.231,-0.564,-135.42926,0.818,676,59,,0.266,-0.556,0
107,House,29375,13,3,NY,200,R,0,1,"KING, Peter T.",K000210,1944,,0.259,-0.03,-98.76387,0.86275,669,38,,0.296,-0.16,0
107,House,14248,13,29,NY,100,D,0,1,"LaFALCE, John Joseph",L000556,1939,2025,-0.357,0.112,-188.7986,0.748,649,81,,-0.413,0.176,0
107,House,15612,13,18,NY,100,D,0,1,"LOWEY, Nita M.",L000480,1937,2025,-0.389,-0.152,-107.11045,0.85123,665,38,,-0.391,-0.34,0
107,House,29379,13,14,NY,100,D,0,1,"MALONEY, Carolyn Bosher",M000087,1946,,-0.387,-0.285,-128.36391,0.82301,659,56,,-0.363,-0.392,0
107,House,29744,13,4,NY,100,D,0,1,"McCARTHY, Carolyn",M000309,1944,,-0.294,-0.04,-153.08628,0.795,669,63,,-0.26,-0.056,0
107,House,39316,13,24,NY,200,R,0,1,"McHUGH, John Michael",M000472,1948,,0.225,-0.063,-90.81217,0.868,644,32,,0.224,-0.148,1
107,House,15614,13,21,NY,100,D,0,1,"McNULTY, Michael Robert",M000590,1947,,-0.369,0.369,-222.79792,0.72,677,128,,-0.438,0.497,0
107,House,29776,13,6,NY,100,D,0,1,"MEEKS, Gregory W.",M001137,1953,,-0.416,-0.063,-127.89486,0.81938,642,54,,-0.409,-0.314,0
107,House,29377,13,8,NY,100,D,0,1,"NADLER, Jerrold Lewis",N000002,1947,,-0.507,-0.478,-98.48819,0.85591,633,38,,-0.488,-0.65,0
107,House,15050,13,11,NY,100,D,0,1,"OWENS, Major Robert Odell",O000159,1936,2013,-0.569,-0.516,-111.77557,0.84,641,48,,-0.549,-0.536,0
107,House,29381,13,30,NY,200,R,0,1,"QUINN, John Francis (Jack)",Q000016,1951,,0.198,-0.223,-88.36334,0.869,631,25,,0.179,-0.221,0
107,House,13035,13,15,NY,100,D,0,1,"RANGEL, Charles B.",R000053,1930,,-0.514,-0.341,-138.9845,0.806,644,54,,-0.459,-0.469,0
107,House,29928,13,27,NY,200,R,0,1,"REYNOLDS, Thomas M.",R000569,1950,,0.349,0.009,-63.12237,0.91,669,22,,0.341,-0.122,0
107,House,29134,13,16,NY,100,D,0,1,"SERRANO, Jos√© E.",S000248,1943,,-0.491,-0.377,-114.91627,0.83727,647,42,,-0.419,-0.429,0
107,House,15444,13,28,NY,100,D,0,1,"SLAUGHTER, Louise McIntosh",S000480,1929,2018,-0.465,-0.104,-155.98792,0.78128,632,75,,-0.527,-0.069,0
107,House,29927,13,22,NY,200,R,0,1,"SWEENEY, John E.",S001149,1955,,0.249,0.036,-200.50776,0.737,658,64,,0.257,0.13,0
107,House,15072,13,10,NY,100,D,0,1,"TOWNS, Edolphus",T000326,1934,,-0.519,-0.132,-182.99781,0.745,623,76,,-0.449,0.026,0
107,House,29378,13,12,NY,100,D,0,1,"VEL√ÅZQUEZ, Nydia M.",V000081,1953,,-0.547,-0.367,-131.07527,0.81839,654,57,,-0.502,-0.279,0
107,House,15630,13,25,NY,200,R,0,1,"WALSH, James T.",W000099,1947,,0.208,-0.19,-93.42511,0.869,666,32,,0.236,-0.213,0
107,House,29926,13,9,NY,100,D,0,1,"WEINER, Anthony D.",W000792,1964,,-0.408,-0.371,-116.98224,0.838,664,40,,-0.417,-0.46,0
107,House,29922,65,1,NV,100,D,0,1,"BERKLEY, Shelley",B001231,1951,,-0.302,0.024,-175.16723,0.771,673,74,,-0.32,-0.118,0
107,House,29739,65,2,NV,200,R,0,1,"GIBBONS, James A.",G000152,1944,,0.484,-0.088,-103.58206,0.856,667,42,,0.472,-0.179,1
107,House,14861,66,2,NM,200,R,0,1,"SKEEN, Joseph Richard",S000463,1927,2003,0.301,0.034,-84.28106,0.883,679,32,,0.326,0.011,0
107,House,29924,66,3,NM,100,D,0,1,"UDALL, Thomas (Tom)",U000039,1948,,-0.453,0.161,-197.92515,0.74715,679,105,,-0.513,0.305,0
107,House,29779,66,1,NM,200,R,0,1,"WILSON, Heather",W000789,1960,,0.247,-0.027,-102.34847,0.859,675,36,,0.242,0.032,1
107,House,29132,12,1,NJ,100,D,0,1,"ANDREWS, Robert Ernest",A000210,1957,,-0.297,-0.119,-171.83347,0.773,668,67,,-0.339,-0.088,1
107,House,20127,12,7,NJ,200,R,0,1,"FERGUSON, Michael",F000443,1970,,0.244,-0.404,-121.69693,0.834,670,51,,0.287,-0.479,0
107,House,29541,12,11,NJ,200,R,0,1,"FRELINGHUYSEN, Rodney P.",F000372,1946,,0.292,-0.262,-118.66977,0.8379,671,61,,0.316,-0.691,0
107,House,29923,12,12,NJ,100,D,0,1,"HOLT, Rush",H001032,1948,,-0.463,-0.33,-218.55817,0.723,674,103,,-0.458,-0.149,0
107,House,29539,12,2,NJ,200,R,0,1,"LoBIONDO, Frank A.",L000554,1946,,0.211,-0.224,-400.23479,0.55559,681,122,,0.179,0.174,0
107,House,29373,12,13,NJ,100,D,0,1,"MENENDEZ, Robert",M000639,1954,,-0.366,-0.126,-224.52657,0.71346,665,94,,-0.371,0.203,0
107,House,15454,12,6,NJ,100,D,0,1,"PALLONE, Frank, Jr.",P000034,1951,,-0.402,-0.161,-214.52237,0.72876,678,89,,-0.453,0.143,0
107,House,29741,12,8,NJ,100,D,0,1,"PASCRELL, William J., Jr.",P000096,1937,2024,-0.369,-0.004,-172.62016,0.77376,673,75,,-0.338,0.075,0
107,House,15619,12,10,NJ,100,D,0,1,"PAYNE, Donald Milford",P000149,1934,2012,-0.592,-0.547,-113.14351,0.84,651,48,,-0.571,-0.763,0
107,House,29742,12,9,NJ,100,D,0,1,"ROTHMAN, Steven",R000462,1952,,-0.352,-0.092,-144.53838,0.799,644,66,,-0.33,-0.23,0
107,House,14855,12,5,NJ,200,R,0,1,"ROUKEMA, Margaret Scafati",R000465,1929,2014,0.162,-0.701,-83.67031,0.832,455,35,,0.22,-0.513,0
107,House,15112,12,3,NJ,200,R,0,1,"SAXTON, Hugh James",S000097,1943,,0.238,-0.378,-105.62443,0.854,668,49,,0.265,-0.269,1
107,House,14863,12,4,NJ,200,R,0,1,"SMITH, Christopher Henry",S000522,1953,,0.181,-0.172,-164.98073,0.78116,668,70,,0.244,-0.224,0
107,House,29538,4,2,NH,200,R,0,1,"BASS, Charles Foster",B000220,1952,,0.331,-0.556,-117.87395,0.84,675,62,,0.322,-0.824,0
107,House,29740,4,1,NH,200,R,0,1,"SUNUNU, John E.",S001078,1964,,0.473,-0.52,-89.86521,0.874,666,40,,0.453,-0.456,0
107,House,14605,35,1,NE,200,R,0,1,"BEREUTER, Douglas Kent",B000403,1939,,0.231,-0.347,-164.29898,0.78,662,74,,0.233,-0.121,0
107,House,20126,35,3,NE,200,R,0,1,"OSBORNE, Thomas",O000165,1937,,0.299,0.025,-108.92401,0.852,679,49,,0.271,0.002,0
107,House,29921,35,2,NE,200,R,0,1,"TERRY, Lee Raymond",T000459,1962,,0.426,-0.067,-123.80916,0.833,677,52,,0.415,-0.053,0
107,House,29384,36,1,ND,100,D,0,1,"POMEROY, Earl Ralph, III",P000422,1952,,-0.266,0.339,-190.629,0.753,673,78,,-0.252,0.302,0
107,House,15402,47,10,NC,200,R,0,1,"BALLENGER, Cass",B000104,1926,2015,0.464,-0.145,-86.19373,0.877,654,34,,0.38,0.013,0
107,House,29548,47,5,NC,200,R,0,1,"BURR, Richard M.",B001135,1955,,0.435,-0.07,-86.98183,0.87739,665,37,,0.392,0.015,0
107,House,29382,47,1,NC,100,D,0,1,"CLAYTON, Eva M.",C000494,1934,,-0.459,-0.032,-118.83071,0.829,634,42,,-0.464,-0.277,0
107,House,15092,47,6,NC,200,R,0,1,"COBLE, Howard",C000556,1931,2015,0.52,-0.081,-161.41217,0.789,680,70,,0.598,0.403,0
107,House,29745,47,2,NC,100,D,0,1,"ETHERIDGE, Bobby R.",E000226,1941,,-0.288,0.288,-174.56406,0.774,680,68,,-0.299,0.175,0
107,House,29929,47,8,NC,200,R,0,1,"HAYES, Robert (Robin)",H001029,1945,,0.351,0.388,-69.83109,0.902,674,30,,0.377,0.381,1
107,House,29546,47,3,NC,200,R,0,1,"JONES, Walter Beaman, Jr.",J000255,1943,2019,0.244,-0.362,-436.40586,0.51674,661,146,,0.654,0.757,1
107,House,29746,47,7,NC,100,D,0,1,"McINTYRE, Mike",M000485,1956,,-0.148,0.56,-208.33335,0.731,666,88,,-0.194,0.635,1
107,House,29549,47,9,NC,200,R,0,1,"MYRICK, Sue",M001134,1941,,0.56,0.027,-96.3809,0.865,662,34,,0.538,-0.107,0
107,House,15438,47,4,NC,100,D,0,1,"PRICE, David Eugene",P000523,1940,,-0.343,-0.03,-126.09896,0.82937,674,54,,-0.338,-0.086,0
107,House,29135,47,11,NC,200,R,0,1,"TAYLOR, Charles Hart",T000067,1941,,0.488,0.116,-96.19908,0.862,646,38,,0.489,0.251,0
107,House,29383,47,12,NC,100,D,0,1,"WATT, Melvin L.",W000207,1945,,-0.526,-0.155,-147.73203,0.801,666,62,,-0.52,-0.412,0
107,House,20125,64,1,MT,200,R,0,1,"REHBERG, Denny",R000571,1955,,0.337,0.244,-69.59295,0.903,679,25,,0.335,0.09,0
107,House,29734,46,3,MS,200,R,0,1,"PICKERING, Charles W. (Chip), Jr.",P000323,1963,,0.342,0.325,-77.43299,0.891,668,29,,0.396,0.276,0
107,House,29920,46,4,MS,100,D,0,1,"SHOWS, Clifford Ronald",S001147,1947,,-0.092,0.996,-232.5896,0.7,652,97,,-0.091,0.996,0
107,House,15637,46,5,MS,100,D,0,1,"TAYLOR, Gary Eugene (Gene)",T000074,1953,,-0.045,0.893,-422.59406,0.534,674,215,,-0.161,0.987,1
107,House,29368,46,2,MS,100,D,0,1,"THOMPSON, Bennie",T000193,1948,,-0.519,0.391,-179.04447,0.76019,653,76,,-0.483,0.606,0
107,House,29534,46,1,MS,200,R,0,1,"WICKER, Roger F.",W000437,1951,,0.377,0.341,-133.38868,0.81972,671,44,,0.398,0.608,0
107,House,20123,34,2,MO,200,R,0,1,"AKIN, W. Todd",A000358,1947,2021,0.612,0.235,-99.1645,0.864,681,44,,0.647,0.006,1
107,House,29735,34,7,MO,200,R,0,1,"BLUNT, Roy",B000575,1950,,0.398,0.18,-62.75217,0.90562,633,23,,0.451,0.154,0
107,House,20147,34,1,MO,100,D,0,1,"CLAY, William Lacy, Jr.",C001049,1956,,-0.481,-0.078,-138.61948,0.79673,610,61,,-0.477,-0.023,0
107,House,29736,34,8,MO,200,R,0,1,"EMERSON, Jo Ann",E000172,1950,,0.269,0.274,-120.17286,0.831,650,50,,0.292,0.181,0
107,House,14421,34,3,MO,100,D,0,1,"GEPHARDT, Richard Andrew",G000132,1941,,-0.416,0.245,-149.70957,0.79,634,65,,-0.439,0.014,0
107,House,20124,34,6,MO,200,R,0,1,"GRAVES, Samuel",G000546,1963,,0.448,0.164,-95.92305,0.86825,679,40,,0.412,0.157,0
107,House,29737,34,9,MO,200,R,0,1,"HULSHOF, Kenny",H000948,1958,,0.363,0.281,-174.2291,0.765,651,66,,0.357,0.392,0
107,House,29535,34,5,MO,100,D,0,1,"McCARTHY, Karen",M000316,1947,2010,-0.344,-0.225,-116.93313,0.839,666,48,,-0.375,-0.322,0
107,House,14451,34,4,MO,100,D,0,1,"SKELTON, Isaac Newton, IV (Ike)",S000465,1931,2013,-0.172,0.724,-182.01153,0.76,663,69,,-0.17,0.497,1
107,House,29532,33,1,MN,200,R,0,1,"GUTKNECHT, Gilbert W.",G000536,1951,,0.552,0.342,-264.33067,0.677,677,103,,0.457,0.85,0
107,House,20121,33,2,MN,200,R,0,1,"KENNEDY, Mark",K000358,1957,,0.409,0.304,-248.83571,0.685,658,93,,0.569,0.185,0
107,House,29533,33,6,MN,100,D,0,1,"LUTHER, William Paul",L000521,1945,,-0.306,-0.381,-163.03166,0.779,652,73,,-0.327,-0.272,0
107,House,20122,33,4,MN,100,D,0,1,"McCOLLUM, Betty",M001143,1954,,-0.419,-0.184,-110.28381,0.84927,675,31,,-0.424,-0.31,0
107,House,14265,33,8,MN,100,D,0,1,"OBERSTAR, James Louis",O000006,1934,2014,-0.553,0.304,-203.20949,0.736,664,77,,-0.564,0.603,0
107,House,29127,33,7,MN,100,D,0,1,"PETERSON, Collin Clark",P000258,1944,,-0.148,0.712,-365.31328,0.57153,653,185,,-0.17,0.985,0
107,House,29126,33,3,MN,200,R,0,1,"RAMSTAD, James (Jim)",R000033,1946,2020,0.316,-0.683,-454.05578,0.513,680,141,,0.583,-0.813,0
107,House,14656,33,5,MN,100,D,0,1,"SABO, Martin Olav",S000005,1938,2016,-0.516,-0.317,-266.15254,0.671,666,117,,-0.535,0.252,0
107,House,29363,23,5,MI,100,D,0,1,"BARCIA, James A.",B000134,1952,,-0.184,0.547,-233.88762,0.698,651,105,,-0.157,0.381,0
107,House,14407,23,10,MI,100,D,0,1,"BONIOR, David Edward",B000619,1945,,-0.547,-0.006,-145.88085,0.775,571,60,,-0.511,0.052,0
107,House,29124,23,4,MI,200,R,0,1,"CAMP, David Lee",C000071,1953,,0.385,-0.048,-66.81053,0.906,677,29,,0.368,0.013,0
107,House,10713,23,14,MI,100,D,0,1,"CONYERS, John, Jr.",C000714,1929,2019,-0.658,-0.512,-111.20589,0.83532,618,32,,-0.703,-0.711,0
107,House,2605,23,16,MI,100,D,0,1,"DINGELL, John David, Jr.",D000355,1926,2019,-0.448,0.313,-179.02814,0.757,642,80,,-0.437,0.116,0
107,House,29362,23,3,MI,200,R,0,1,"EHLERS, Vernon James",E000092,1934,2017,0.316,-0.622,-141.29658,0.811,675,63,,0.345,-0.618,0
107,House,29361,23,2,MI,200,R,0,1,"HOEKSTRA, Peter",H000676,1953,,0.516,-0.262,-178.85794,0.767,673,73,,0.561,-0.325,0
107,House,14430,23,9,MI,100,D,0,1,"KILDEE, Dale Edward",K000172,1929,2021,-0.385,0.011,-170.5152,0.778,681,65,,-0.329,0.176,0
107,House,29733,23,15,MI,100,D,0,1,"KILPATRICK, Carolyn Cheeks",K000180,1945,,-0.491,-0.172,-126.86181,0.82,640,43,,-0.457,-0.24,0
107,House,29365,23,11,MI,200,R,0,1,"KNOLLENBERG, Joseph",K000288,1933,2018,0.366,-0.053,-54.69826,0.921,665,18,,0.35,0.063,0
107,House,15033,23,12,MI,100,D,0,1,"LEVIN, Sander Martin",L000263,1931,,-0.379,-0.091,-102.86272,0.85943,679,37,,-0.374,-0.197,0
107,House,29531,23,13,MI,100,D,0,1,"RIVERS, Lynn Nancy",R000281,1956,,-0.383,-0.453,-147.5913,0.801,667,66,,-0.436,-0.616,0
107,House,20120,23,8,MI,200,R,0,1,"ROGERS, Mike",R000572,1963,,0.4,0.098,-88.74484,0.877,679,36,,0.385,-0.083,0
107,House,29364,23,7,MI,200,R,0,1,"SMITH, Nick H.",S000597,1934,,0.505,-0.229,-182.2695,0.756,651,76,,0.528,-0.326,0
107,House,29360,23,1,MI,100,D,0,1,"STUPAK, Bart T.",S001045,1952,,-0.396,0.701,-205.71743,0.73,654,92,,-0.448,0.765,0
107,House,15446,23,6,MI,200,R,0,1,"UPTON, Frederick Stephen",U000031,1953,,0.32,-0.355,-130.35527,0.82579,681,60,,0.306,-0.234,0
107,House,29728,2,1,ME,100,D,0,1,"ALLEN, Thomas H.",A000357,1945,,-0.4,-0.105,-124.60745,0.829,665,50,,-0.406,-0.183,1
107,House,29528,2,2,ME,100,D,0,1,"BALDACCI, John Elias",B000081,1955,,-0.333,-0.001,-121.02916,0.831,653,46,,-0.351,-0.13,0
107,House,29356,52,6,MD,200,R,0,1,"BARTLETT, Roscoe Gardner",B000208,1926,,0.493,-0.091,-150.47244,0.8,674,74,,0.563,-0.163,1
107,House,15408,52,3,MD,100,D,0,1,"CARDIN, Benjamin Louis",C000141,1943,,-0.32,-0.224,-128.45074,0.82718,677,59,,-0.318,-0.242,0
107,House,29587,52,7,MD,100,D,0,1,"CUMMINGS, Elijah Eugene",C000984,1951,2019,-0.438,-0.148,-122.88419,0.83082,663,51,,-0.411,-0.149,0
107,House,29529,52,2,MD,200,R,0,1,"EHRLICH, Robert L., Jr.",E000093,1957,,0.36,-0.366,-101.08293,0.847,608,41,,0.296,-0.263,0
107,House,29122,52,1,MD,200,R,0,1,"GILCHREST, Wayne Thomas",G000180,1946,,0.204,-0.563,-131.13489,0.819,656,49,,0.293,-0.549,0
107,House,14873,52,5,MD,100,D,0,1,"HOYER, Steny Hamilton",H000874,1939,,-0.381,0.122,-135.11478,0.81638,666,47,,-0.32,-0.097,0
107,House,15434,52,8,MD,200,R,0,1,"MORELLA, Constance A.",M000941,1931,,-0.018,-0.893,-157.28967,0.789,665,68,,-0.026,-0.918,0
107,House,29355,52,4,MD,100,D,0,1,"WYNN, Albert Russell",W000784,1951,,-0.38,0.038,-178.2886,0.765,665,70,,-0.332,0.028,0
107,House,29919,3,8,MA,100,D,0,1,"CAPUANO, Michael Everett",C001037,1952,,-0.58,-0.082,-189.29602,0.74934,656,94,,-0.597,0.302,0
107,House,29731,3,10,MA,100,D,0,1,"DELAHUNT, Bill",D000210,1941,2024,-0.495,-0.293,-145.34426,0.794,631,66,,-0.506,-0.262,0
107,House,14824,3,4,MA,100,D,0,1,"FRANK, Barney",F000339,1940,,-0.499,-0.534,-159.57627,0.788,670,72,,-0.587,-0.722,0
107,House,20119,3,9,MA,100,D,2,2,"LYNCH, Stephen F.",L000562,1955,,-0.344,0.049,-94.68959,0.7878,397,39,,-0.393,0.173,0
107,House,14435,3,7,MA,100,D,0,1,"MARKEY, Edward John",M000133,1946,,-0.516,-0.469,-136.84016,0.81452,667,55,,-0.531,-0.252,0
107,House,29729,3,3,MA,100,D,0,1,"McGOVERN, James P.",M000312,1959,,-0.538,-0.341,-142.72507,0.80992,677,70,,-0.568,-0.173,0
107,House,29358,3,5,MA,100,D,0,1,"MEEHAN, Martin Thomas",M000627,1956,,-0.39,-0.539,-94.35557,0.861,630,32,,-0.424,-0.422,1
107,House,14039,3,9,MA,100,D,1,1,"MOAKLEY, John Joseph",M000834,1927,2001,-0.418,-0.054,-7.34084,0.849,45,3,,-0.477,-0.631,0
107,House,15616,3,2,MA,100,D,0,1,"NEAL, Richard Edmund",N000015,1949,,-0.417,-0.106,-138.45289,0.80789,649,54,,-0.425,-0.133,0
107,House,29123,3,1,MA,100,D,0,1,"OLVER, John Walter",O000085,1936,2023,-0.577,-0.207,-141.03048,0.808,660,73,,-0.638,-0.035,0
107,House,29730,3,6,MA,100,D,0,1,"TIERNEY, John F.",T000266,1951,,-0.488,-0.433,-113.83618,0.844,669,45,,-0.547,-0.565,0
107,House,15401,45,6,LA,200,R,0,1,"BAKER, Richard Hugh",B000072,1948,,0.423,0.022,-68.38418,0.9,649,23,,0.376,0.237,0
107,House,29726,45,5,LA,200,R,0,1,"COOKSEY, John",C000735,1941,2022,0.334,0.014,-58.11958,0.908,603,19,,0.363,0.184,0
107,House,29120,45,2,LA,100,D,0,1,"JEFFERSON, William Jennings",J000070,1947,,-0.424,0.242,-168.06572,0.769,641,74,,-0.391,0.206,0
107,House,29727,45,7,LA,100,D,0,1,"JOHN, Christopher",J000110,1960,,-0.12,0.735,-177.40353,0.759,644,67,,-0.105,0.644,0
107,House,15451,45,4,LA,200,R,0,1,"McCRERY, James O., III",M000388,1949,,0.362,0.08,-65.86137,0.905,659,18,,0.387,0.023,0
107,House,94679,45,3,LA,200,R,0,1,"TAUZIN, Wilbert Joseph (Billy)",T000058,1943,,0.341,0.16,-55.96393,0.92,668,16,,0.377,0.141,0
107,House,29918,45,1,LA,200,R,0,1,"VITTER, David",V000127,1961,,0.495,0.323,-75.71951,0.891,656,25,,0.461,0.155,0
107,House,29917,51,6,KY,200,R,0,1,"FLETCHER, Ernest L.",F000441,1952,,0.285,0.273,-87.85483,0.877,669,29,,0.316,0.224,0
107,House,29352,51,2,KY,200,R,0,1,"LEWIS, Ron",L000293,1946,,0.418,0.417,-66.31974,0.907,677,23,,0.401,0.277,0
107,House,29916,51,4,KY,100,D,0,1,"LUCAS, Ken",L000558,1933,,-0.058,0.721,-212.94523,0.73,678,95,,-0.012,0.702,0
107,House,29725,51,3,KY,200,R,0,1,"NORTHUP, Anne Meagher",N000143,1948,,0.335,-0.035,-68.37811,0.902,664,21,,0.329,-0.052,0
107,House,14854,51,5,KY,200,R,0,1,"ROGERS, Harold Dallas (Hal)",R000395,1937,,0.333,0.152,-64.48932,0.90849,672,23,,0.315,0.097,0
107,House,29525,51,1,KY,200,R,0,1,"WHITFIELD, Wayne Edward (Ed)",W000413,1943,,0.303,0.182,-100.61758,0.857,653,32,,0.342,0.208,0
107,House,29915,32,3,KS,100,D,0,1,"MOORE, Dennis",M001140,1945,2021,-0.267,0.159,-292.89794,0.648,676,134,,-0.306,0.383,0
107,House,29722,32,1,KS,200,R,0,1,"MORAN, Jerry",M000934,1954,,0.414,0.219,-270.36265,0.67233,681,105,,0.479,0.401,0
107,House,29723,32,2,KS,200,R,0,1,"RYUN, Jim",R000566,1947,,0.547,0.267,-81.17033,0.886,671,34,,0.61,0.248,1
107,House,29524,32,4,KS,200,R,0,1,"TIAHRT, Todd",T000260,1951,,0.449,0.341,-86.11053,0.879,669,32,,0.465,0.14,0
107,House,15014,22,6,IN,200,R,0,1,"BURTON, Danny Lee",B001149,1938,,0.585,-0.026,-87.76773,0.855,561,32,,0.521,0.026,0
107,House,29350,22,5,IN,200,R,0,1,"BUYER, Stephen Earle",B001203,1958,,0.435,0.192,-67.20728,0.9,639,22,,0.361,0.159,0
107,House,29720,22,10,IN,100,D,0,1,"CARSON, Julia May",C000191,1938,2007,-0.464,-0.156,-123.98557,0.823,637,49,,-0.42,-0.199,0
107,House,29914,22,9,IN,100,D,0,1,"HILL, Baron P.",H001030,1953,,-0.121,0.137,-269.48506,0.668,668,112,,-0.226,0.325,1
107,House,29520,22,8,IN,200,R,0,1,"HOSTETTLER, John Nathan",H000807,1961,,0.705,0.077,-185.14492,0.755,660,68,,0.796,-0.113,1
107,House,20118,22,7,IN,200,R,0,1,"KERNS, Brian D.",K000359,1957,,0.724,0.198,-128.93576,0.828,681,51,,0.726,0.125,0
107,House,20117,22,2,IN,200,R,0,1,"PENCE, Mike",P000587,1959,,0.655,0.088,-89.05433,0.876,671,33,,0.631,0.054,0
107,House,29117,22,3,IN,100,D,0,1,"ROEMER, Timothy John",R000385,1956,,-0.165,0.229,-234.85008,0.708,679,106,,-0.207,0.197,0
107,House,29519,22,4,IN,200,R,0,1,"SOUDER, Mark Edward",S001143,1950,2022,0.435,-0.011,-106.37694,0.85,656,44,,0.45,-0.175,0
107,House,15124,22,1,IN,100,D,0,1,"VISCLOSKY, Peter",V000108,1949,,-0.402,0.244,-244.88036,0.68963,659,125,,-0.462,0.616,0
107,House,29912,21,13,IL,200,R,0,1,"BIGGERT, Judy Borg",B001232,1937,,0.323,-0.372,-102.42603,0.86,679,49,,0.34,-0.601,0
107,House,29716,21,5,IL,100,D,0,1,"BLAGOJEVICH, Rod R.",B000518,1956,,-0.317,-0.188,-136.59041,0.783,557,64,,-0.305,-0.091,1
107,House,15453,21,12,IL,100,D,0,1,"COSTELLO, Jerry Francis",C000794,1949,,-0.317,0.657,-258.12429,0.683,678,140,,-0.321,0.947,0
107,House,12041,21,8,IL,200,R,0,1,"CRANE, Philip Miller",C000873,1930,2014,0.739,0.023,-186.07187,0.744,628,90,,0.741,0.099,0
107,House,29717,21,7,IL,100,D,0,1,"DAVIS, Danny K.",D000096,1941,,-0.487,-0.266,-108.42204,0.84766,656,41,,-0.477,-0.445,0
107,House,15023,21,17,IL,100,D,0,1,"EVANS, Lane Allen",E000250,1951,2014,-0.454,-0.181,-143.4047,0.808,672,55,,-0.427,-0.093,1
107,House,29348,21,4,IL,100,D,0,1,"GUTI√âRREZ, Luis V.",G000535,1953,,-0.487,-0.26,-142.18795,0.79268,612,63,,-0.456,-0.062,0
107,House,15417,21,14,IL,200,R,0,1,"HASTERT, John Dennis",H000323,1942,,0.443,-0.122,-4.50599,0.963,120,0,,0.481,0.017,0
107,House,14239,21,6,IL,200,R,0,1,"HYDE, Henry John",H001022,1924,2007,0.312,-0.18,-79.7158,0.886,657,25,,0.375,-0.049,0
107,House,29585,21,2,IL,100,D,0,1,"JACKSON, Jesse L., Jr.",J000283,1965,,-0.538,-0.513,-141.00743,0.813,680,55,,-0.544,-0.744,0
107,House,20116,21,15,IL,200,R,0,1,"JOHNSON, Timothy V.",J000285,1946,2022,0.264,-0.52,-148.63644,0.803,679,69,,0.184,-0.168,0
107,House,20115,21,10,IL,200,R,0,1,"KIRK, Mark Steven",K000360,1959,,0.274,-0.647,-101.46726,0.859,669,45,,0.25,-0.587,1
107,House,29517,21,18,IL,200,R,0,1,"LaHOOD, Ray H.",L000552,1945,,0.246,-0.076,-100.46296,0.859,660,36,,0.274,-0.108,0
107,House,15036,21,3,IL,100,D,0,1,"LIPINSKI, William Oliver",L000342,1937,,-0.176,0.3,-221.60362,0.672,557,104,,-0.166,0.356,0
107,House,29349,21,16,IL,200,R,0,1,"MANZULLO, Donald A.",M001138,1944,,0.51,0,-118.14534,0.835,657,44,,0.494,0.038,0
107,House,29913,21,19,IL,100,D,0,1,"PHELPS, David Dwain",P000584,1947,,-0.207,0.715,-181.15324,0.764,674,72,,-0.166,0.747,0
107,House,29346,21,1,IL,100,D,0,1,"RUSH, Bobby L.",R000515,1946,,-0.479,-0.203,-124.15463,0.81773,617,48,,-0.425,-0.242,0
107,House,29911,21,9,IL,100,D,0,1,"SCHAKOWSKY, Janice D.",S001145,1944,,-0.602,-0.291,-112.80053,0.84484,669,53,,-0.607,-0.264,0
107,House,29718,21,20,IL,200,R,0,1,"SHIMKUS, John M.",S000364,1958,,0.375,0.154,-92.63833,0.87229,678,39,,0.341,0.292,0
107,House,29516,21,11,IL,200,R,0,1,"WELLER, Gerald C. (Jerry)",W000273,1957,,0.288,0.2,-270.87746,0.669,674,90,,0.369,0.72,0
107,House,20114,63,1,ID,200,R,0,1,"OTTER, C. L. (Butch)",O000166,1942,,0.692,0.057,-147.18898,0.804,675,56,,0.617,0.07,0
107,House,29910,63,2,ID,200,R,0,1,"SIMPSON, Michael K.",S001148,1950,,0.296,0.312,-75.00385,0.89364,667,30,,0.368,0.036,0
107,House,29721,31,3,IA,100,D,0,1,"BOSWELL, Leonard L.",B000652,1934,2018,-0.238,0.289,-195.86291,0.75,680,90,,-0.236,0.127,0
107,House,29521,31,4,IA,200,R,0,1,"GANSKE, Greg",G000041,1949,,0.239,-0.3,-121.03997,0.827,638,52,,0.174,-0.148,0
107,House,29522,31,5,IA,200,R,0,1,"LATHAM, Thomas",L000111,1948,,0.302,0.308,-159.59087,0.788,671,63,,0.326,0.306,0
107,House,14432,31,1,IA,200,R,0,1,"LEACH, James Albert Smith",L000169,1942,2024,0.141,-0.79,-153.17542,0.791,654,71,,0.077,-0.583,0
107,House,29118,31,2,IA,200,R,0,1,"NUSSLE, James Allen",N000172,1960,,0.417,-0.178,-92.0698,0.871,666,40,,0.363,-0.106,0
107,House,15245,82,1,HI,100,D,0,1,"ABERCROMBIE, Neil",A000014,1938,,-0.432,-0.026,-292.18715,0.64,655,102,,-0.341,-0.206,1
107,House,10757,82,2,HI,100,D,0,1,"MINK, Patsy Takemoto",M000797,1927,2002,-0.513,-0.067,-148.38454,0.779,595,60,,-0.484,0.011,0
107,House,29511,44,7,GA,200,R,0,1,"BARR, Bob",B000169,1948,,0.632,0.218,-120.75487,0.831,651,50,,0.624,0.046,0
107,House,29339,44,2,GA,100,D,0,1,"BISHOP, Sanford Dixon, Jr.",B000490,1947,,-0.287,0.447,-187.42379,0.75148,656,76,,-0.223,0.363,0
107,House,29512,44,8,GA,200,R,0,1,"CHAMBLISS, Saxby",C000286,1943,,0.423,0.205,-61.32755,0.912,665,20,,0.384,0.284,1
107,House,29340,44,3,GA,200,R,0,1,"COLLINS, Michael Allen (Mac)",C000640,1944,2018,0.536,0.324,-119.4125,0.836,667,53,,0.577,0.266,0
107,House,99342,44,9,GA,200,R,0,1,"DEAL, John Nathan",D000168,1942,,0.581,0.139,-93.26102,0.866,648,39,,0.472,0.298,0
107,House,29909,44,6,GA,200,R,0,1,"ISAKSON, Johnny",I000055,1944,2021,0.402,-0.011,-75.79739,0.89393,676,27,,0.346,-0.091,0
107,House,29338,44,1,GA,200,R,0,1,"KINGSTON, Jack",K000220,1955,,0.54,0.302,-97.49179,0.862,654,37,,0.491,0.349,0
107,House,15431,44,5,GA,100,D,0,1,"LEWIS, John R.",L000287,1940,2020,-0.589,-0.221,-129.41215,0.80912,611,63,,-0.544,-0.205,0
107,House,29341,44,11,GA,200,R,0,1,"LINDER, John Elmer",L000321,1942,,0.559,-0.008,-67.85956,0.899,635,25,,0.443,-0.083,0
107,House,29344,44,4,GA,100,D,0,1,"McKINNEY, Cynthia Ann",M000523,1955,,-0.533,-0.583,-172.87305,0.753,608,68,,-0.518,-0.855,1
107,House,29513,44,10,GA,200,R,0,1,"NORWOOD, Charles W., Jr.",N000159,1941,2007,0.533,0.469,-92.50265,0.866,644,38,,0.482,0.626,0
107,House,15006,43,9,FL,200,R,0,1,"BILIRAKIS, Michael",B000463,1930,,0.382,-0.219,-100.80229,0.86,667,44,,0.377,-0.062,0
107,House,29713,43,2,FL,100,D,0,1,"BOYD, F. Allen, Jr.",B000716,1945,,-0.181,0.414,-238.56995,0.697,662,111,,-0.194,0.414,0
107,House,29328,43,3,FL,100,D,0,1,"BROWN, Corrine",B000911,1946,,-0.429,0.192,-136.21009,0.81,647,47,,-0.402,0.039,0
107,House,20111,43,4,FL,200,R,0,1,"CRENSHAW, Ander",C001045,1944,,0.333,0.337,-60.05915,0.916,681,18,,0.369,0.07,0
107,House,29714,43,11,FL,100,D,0,1,"DAVIS, Jim",D000114,1957,,-0.278,0.025,-169.80186,0.777,672,74,,-0.256,-0.044,0
107,House,29335,43,20,FL,100,D,0,1,"DEUTSCH, Peter R.",D000275,1957,,-0.324,-0.115,-162.89709,0.777,645,70,,-0.342,-0.21,0
107,House,29336,43,21,FL,200,R,0,1,"DIAZ-BALART, Lincoln",D000299,1954,2025,0.243,-0.105,-101.96131,0.855,650,34,,0.285,0.027,0
107,House,29510,43,16,FL,200,R,0,1,"FOLEY, Mark A.",F000238,1954,,0.311,-0.381,-108.19227,0.852,675,54,,0.26,-0.271,0
107,House,15605,43,14,FL,200,R,0,1,"GOSS, Porter J.",G000336,1938,,0.421,-0.394,-70.85131,0.9,670,23,,0.399,-0.258,0
107,House,29337,43,23,FL,100,D,0,1,"HASTINGS, Alcee Lamar",H000324,1936,2021,-0.564,0.157,-190.4857,0.7299,605,86,,-0.527,0.291,0
107,House,20112,43,8,FL,200,R,0,1,"KELLER, Richard (Ric)",K000361,1964,,0.458,-0.068,-67.5324,0.902,658,25,,0.469,-0.006,0
107,House,29334,43,17,FL,100,D,0,1,"MEEK, Carrie P.",M000628,1926,2021,-0.483,0.12,-157.70097,0.771,606,69,,-0.428,-0.09,0
107,House,29331,43,7,FL,200,R,0,1,"MICA, John L.",M000689,1943,,0.453,0.137,-78.22416,0.89,669,35,,0.402,0.025,0
107,House,29333,43,13,FL,200,R,0,1,"MILLER, Daniel",M000720,1942,,0.453,-0.494,-87.76433,0.872,642,25,,0.441,-0.489,0
107,House,20110,43,1,FL,200,R,2,2,"MILLER, Jefferson B. (Jeff)",M001144,1959,,0.633,0.155,-66.00207,0.851,409,30,,0.586,0.303,1
107,House,20113,43,12,FL,200,R,0,1,"PUTNAM, Adam",P000586,1974,,0.414,0.14,-65.90104,0.905,657,20,,0.418,0.114,0
107,House,15634,43,18,FL,200,R,0,1,"ROS-LEHTINEN, Ileana",R000435,1952,,0.244,-0.225,-92.14232,0.86453,633,33,,0.269,-0.074,0
107,House,39508,43,1,FL,200,R,1,1,"SCARBOROUGH, Charles Joseph",S000106,1963,,0.672,-0.433,-63.74076,0.731,203,28,,0.631,-0.673,1
107,House,14860,43,22,FL,200,R,0,1,"SHAW, Eugene Clay, Jr.",S000303,1939,2013,0.3,-0.142,-84.46076,0.881,666,33,,0.317,-0.329,0
107,House,15627,43,6,FL,200,R,0,1,"STEARNS, Clifford Bundy",S000822,1941,,0.554,-0.075,-125.62661,0.825,652,60,,0.627,0.006,0
107,House,29330,43,5,FL,100,D,0,1,"THURMAN, Karen L.",T000253,1951,,-0.304,0.273,-166.67616,0.777,662,67,,-0.325,0.192,0
107,House,29509,43,15,FL,200,R,0,1,"WELDON, David Joseph",W000267,1953,,0.471,0.146,-108.62119,0.851,671,48,,0.566,-0.058,0
107,House,29715,43,19,FL,100,D,0,1,"WEXLER, Robert",W000314,1961,,-0.392,-0.193,-132.21959,0.809,624,51,,-0.366,-0.155,0
107,House,13047,43,10,FL,200,R,0,1,"YOUNG, Charles William (Bill)",Y000031,1930,2013,0.325,-0.112,-83.41405,0.879,648,32,,0.338,-0.119,0
107,House,29327,11,1,DE,200,R,0,1,"CASTLE, Michael Newbold",C000243,1939,,0.229,-0.7,-146.04582,0.806,679,50,,0.17,-0.585,0
107,House,29109,1,3,CT,100,D,0,1,"DeLAURO, Rosa L.",D000216,1943,,-0.414,-0.107,-105.6626,0.85569,678,35,,-0.397,-0.176,0
107,House,15028,1,6,CT,200,R,0,1,"JOHNSON, Nancy Lee",J000163,1935,,0.122,-0.513,-115.36222,0.84,662,45,,0.153,-0.809,0
107,House,29908,1,1,CT,100,D,0,1,"LARSON, John B.",L000557,1948,,-0.396,-0.038,-157.20854,0.78833,661,60,,-0.363,-0.128,1
107,House,29712,1,5,CT,100,D,0,1,"MALONEY, James H.",M000090,1948,,-0.244,-0.053,-176.14057,0.762,649,77,,-0.217,-0.068,1
107,House,15449,1,4,CT,200,R,0,1,"SHAYS, Christopher H.",S001144,1945,,0.129,-0.992,-154.63526,0.794,670,58,,0.244,-0.97,0
107,House,20109,1,2,CT,200,R,0,1,"SIMMONS, Robert (Rob)",S001152,1943,,0.171,-0.566,-110.91967,0.848,674,38,,0.188,-0.647,1
107,House,29710,62,1,CO,100,D,0,1,"DeGETTE, Diana",D000197,1957,,-0.431,-0.308,-133.17768,0.81702,659,57,,-0.508,-0.511,0
107,House,15419,62,5,CO,200,R,0,1,"HEFLEY, Joel M.",H000444,1935,,0.591,0.13,-329.77468,0.608,662,138,,0.807,0.303,1
107,House,29326,62,3,CO,200,R,0,1,"McINNIS, Scott",M000477,1953,,0.391,-0.083,-115.4702,0.833,634,47,,0.462,-0.001,0
107,House,29711,62,4,CO,200,R,0,1,"SCHAFFER, Robert W.",S000112,1962,,0.638,0.77,-253.40855,0.673,640,126,,0.949,0.315,0
107,House,29907,62,6,CO,200,R,0,1,"TANCREDO, Thomas G.",T000458,1945,,0.75,-0.022,-127.97999,0.811,611,56,,0.848,-0.262,0
107,House,29906,62,2,CO,100,D,0,1,"UDALL, Mark",U000038,1950,,-0.353,0.049,-231.34309,0.708,669,108,,-0.471,0.102,0
107,House,29942,71,42,CA,100,D,0,1,"BACA, Joe",B001234,1947,,-0.349,0.292,-135.25388,0.818,675,48,,-0.333,0.08,0
107,House,29316,71,30,CA,100,D,0,1,"BECERRA, Xavier",B000287,1958,,-0.512,-0.283,-94.13191,0.8606,627,34,,-0.471,-0.345,0
107,House,15005,71,26,CA,100,D,0,1,"BERMAN, Howard Lawrence",B000410,1941,,-0.404,-0.286,-110.27255,0.839,629,43,,-0.397,-0.348,0
107,House,29775,71,44,CA,200,R,0,1,"BONO, Mary",B001228,1961,,0.353,-0.218,-107.13526,0.851,662,44,,0.286,-0.306,0
107,House,29323,71,43,CA,200,R,0,1,"CALVERT, Ken",C000059,1953,,0.339,0.276,-62.86344,0.91006,667,23,,0.346,0.005,1
107,House,29774,71,22,CA,100,D,0,1,"CAPPS, Lois",C001036,1938,,-0.389,-0.227,-115.54782,0.843,677,50,,-0.354,-0.247,0
107,House,15635,71,18,CA,100,D,0,1,"CONDIT, Gary Adrian",C000670,1948,,-0.103,0.3,-404.95487,0.53,637,170,,-0.26,0.329,0
107,House,15601,71,47,CA,200,R,0,1,"COX, Charles Christopher",C000830,1952,,0.54,-0.236,-89.07669,0.867,626,45,,0.565,-0.36,0
107,House,29107,71,51,CA,200,R,0,1,"CUNNINGHAM, Randall (Duke)",C000994,1941,,0.411,0.001,-89.65937,0.875,669,31,,0.337,0.213,0
107,House,20108,71,49,CA,100,D,0,1,"DAVIS, Susan A.",D000598,1944,,-0.343,-0.103,-130.27023,0.82543,679,58,,-0.329,-0.301,1
107,House,14620,71,32,CA,100,D,1,1,"DIXON, Julian Carey",D000373,1934,2000,-0.458,-0.076,,,,,,,,0
107,House,29105,71,20,CA,100,D,0,1,"DOOLEY, Calvin M.",D000424,1954,,-0.19,0.103,-220.90401,0.705,633,100,,-0.175,0.026,0
107,House,29104,71,4,CA,200,R,0,1,"DOOLITTLE, John Taylor",D000429,1950,,0.519,0.156,-85.8398,0.878,658,39,,0.534,0.079,0
107,House,14813,71,28,CA,200,R,0,1,"DREIER, David Timothy",D000492,1952,,0.478,-0.084,-99.95691,0.863,678,38,,0.376,-0.201,0
107,House,29312,71,14,CA,100,D,0,1,"ESHOO, Anna Georges",E000215,1942,,-0.379,-0.372,-132.56927,0.81926,665,49,,-0.389,-0.485,0
107,House,29313,71,17,CA,100,D,0,1,"FARR, Sam",F000030,1941,,-0.455,-0.219,-110.03408,0.85,675,41,,-0.481,-0.439,0
107,House,29325,71,50,CA,100,D,0,1,"FILNER, Bob",F000116,1942,2025,-0.652,0.002,-117.271,0.837,661,40,,-0.784,0.184,0
107,House,15413,71,23,CA,200,R,0,1,"GALLEGLY, Elton W.",G000021,1944,,0.402,-0.1,-79.33535,0.886,658,32,,0.347,-0.048,0
107,House,29318,71,36,CA,100,D,0,1,"HARMAN, Jane L.",H000213,1945,,-0.262,-0.12,-204.08556,0.734,660,84,,-0.257,-0.186,0
107,House,15420,71,2,CA,200,R,0,1,"HERGER, Walter William (Wally)",H000528,1945,,0.551,0.117,-94.72749,0.866,661,36,,0.552,0.101,0
107,House,20103,71,15,CA,100,D,0,1,"HONDA, Mike",H001034,1941,,-0.529,-0.482,-122.25338,0.833,671,53,,-0.542,-0.605,0
107,House,29320,71,38,CA,200,R,0,1,"HORN, John Stephen (Steve)",H000789,1931,2011,0.167,-0.651,-114.72583,0.843,673,48,,0.173,-0.638,0
107,House,14835,71,52,CA,200,R,0,1,"HUNTER, Duncan Lee",H000981,1948,,0.47,0.02,-108.1439,0.846,648,40,,0.418,0.207,1
107,House,20107,71,48,CA,200,R,0,1,"ISSA, Darrell",I000056,1953,,0.478,0.023,-86.30206,0.87743,660,32,,0.373,-0.107,0
107,House,14837,71,12,CA,100,D,0,1,"LANTOS, Thomas Peter",L000090,1928,2008,-0.376,-0.033,-115.19217,0.837,649,41,,-0.39,-0.237,0
107,House,29778,71,9,CA,100,D,0,1,"LEE, Barbara",L000551,1946,,-0.676,-0.582,-123.76519,0.83292,677,46,,-0.69,-0.724,0
107,House,14644,71,40,CA,200,R,0,1,"LEWIS, Charles Jeremy (Jerry)",L000274,1934,2021,0.348,-0.101,-86.16269,0.873,637,32,,0.338,-0.152,0
107,House,29504,71,16,CA,100,D,0,1,"LOFGREN, Zoe",L000397,1947,,-0.397,-0.404,-154.45205,0.79439,671,68,,-0.394,-0.552,0
107,House,14649,71,5,CA,100,D,0,1,"MATSUI, Robert T.",M000249,1941,2005,-0.404,-0.03,-117.98664,0.839,670,40,,-0.391,-0.213,0
107,House,29315,71,25,CA,200,R,0,1,"McKEON, Howard P. (Buck)",M000508,1938,,0.396,0.208,-73.02481,0.898,676,23,,0.349,-0.024,1
107,House,29586,71,37,CA,100,D,0,1,"MILLENDER-McDONALD, Juanita",M000714,1938,2007,-0.438,-0.16,-93.88176,0.862,634,30,,-0.4,-0.271,0
107,House,29905,71,41,CA,200,R,0,1,"MILLER, Gary G.",M001139,1948,,0.478,0.222,-73.4646,0.894,657,27,,0.513,-0.032,0
107,House,14256,71,7,CA,100,D,0,1,"MILLER, George",M000725,1945,,-0.552,-0.398,-184.81399,0.747,635,95,,-0.63,-0.048,0
107,House,29903,71,34,CA,100,D,0,1,"NAPOLITANO, Grace Flores",N000179,1936,,-0.448,-0.247,-106.07598,0.85194,662,42,,-0.428,-0.235,0
107,House,29902,71,3,CA,200,R,0,1,"OSE, Doug",O000164,1955,,0.289,-0.316,-131.10145,0.817,649,56,,0.227,-0.315,0
107,House,15448,71,8,CA,100,D,0,1,"PELOSI, Nancy",P000197,1940,,-0.489,-0.18,-100.10589,0.86025,665,41,,-0.492,-0.309,0
107,House,29311,71,11,CA,200,R,0,1,"POMBO, Richard William",P000419,1961,,0.461,0.469,-104.59696,0.855,666,46,,0.521,0.227,0
107,House,29505,71,19,CA,200,R,0,1,"RADANOVICH, George P.",R000004,1955,,0.484,0.18,-97.01554,0.858,635,36,,0.42,0.113,0
107,House,15621,71,45,CA,200,R,0,1,"ROHRABACHER, Dana",R000409,1947,,0.626,-0.417,-145.92015,0.80585,676,69,,0.694,-0.372,0
107,House,29317,71,33,CA,100,D,0,1,"ROYBAL-ALLARD, Lucille",R000486,1941,,-0.469,-0.171,-97.43078,0.86409,667,25,,-0.464,-0.323,0
107,House,29321,71,39,CA,200,R,0,1,"ROYCE, Edward Randall",R000487,1951,,0.657,-0.353,-145.4153,0.80464,669,77,,0.782,-0.239,0
107,House,29709,71,46,CA,100,D,0,1,"SANCHEZ, Loretta",S000030,1960,,-0.367,0.025,-194.36623,0.745,659,85,,-0.395,0.109,1
107,House,20104,71,27,CA,100,D,0,1,"SCHIFF, Adam",S001150,1960,,-0.353,-0.109,-152.8295,0.79765,676,70,,-0.295,-0.173,0
107,House,29707,71,24,CA,100,D,0,1,"SHERMAN, Brad",S000344,1954,,-0.344,-0.137,-136.72221,0.81762,679,55,,-0.37,-0.198,0
107,House,20105,71,31,CA,100,D,0,1,"SOLIS, Hilda L.",S001153,1957,,-0.508,-0.312,-97.22369,0.864,664,41,,-0.508,-0.35,0
107,House,14053,71,13,CA,100,D,0,1,"STARK, Fortney Hillman (Pete), Jr.",S000810,1931,2020,-0.631,-0.605,-141.92245,0.789,600,62,,-0.746,-0.584,0
107,House,29705,71,10,CA,100,D,0,1,"TAUSCHER, Ellen O'Kane",T000057,1951,2019,-0.308,-0.169,-170.22481,0.778,677,70,,-0.282,-0.181,1
107,House,14669,71,21,CA,200,R,0,1,"THOMAS, William Marshall",T000188,1941,,0.371,-0.277,-110.27284,0.844,652,40,,0.34,-0.412,0
107,House,29901,71,1,CA,100,D,0,1,"THOMPSON, Michael",T000460,1951,,-0.392,0.072,-253.04747,0.68074,658,123,,-0.429,0.427,1
107,House,29106,71,35,CA,100,D,0,1,"WATERS, Maxine",W000187,1938,,-0.656,-0.094,-153.52587,0.78613,638,53,,-0.728,0.192,0
107,House,20106,71,32,CA,100,D,2,2,"WATSON, Diane Edith",W000794,1933,,-0.531,-0.351,-101.70823,0.83,545,41,,-0.498,-0.308,0
107,House,14280,71,29,CA,100,D,0,1,"WAXMAN, Henry Arnold",W000215,1939,,-0.473,-0.343,-97.60715,0.856,628,43,,-0.441,-0.374,0
107,House,29309,71,6,CA,100,D,0,1,"WOOLSEY, Lynn C.",W000738,1937,,-0.556,-0.529,-101.56221,0.859,668,31,,-0.556,-0.652,0
107,House,20100,61,1,AZ,200,R,0,1,"FLAKE, Jeff",F000444,1962,,0.855,-0.518,-175.21063,0.77138,675,77,,0.958,-0.286,0
107,House,29502,61,6,AZ,200,R,0,1,"HAYWORTH, John D., Jr.",H000413,1958,,0.559,-0.018,-80.75445,0.888,679,37,,0.563,0.064,0
107,House,15105,61,5,AZ,200,R,0,1,"KOLBE, James Thomas",K000306,1942,2022,0.351,-0.534,-143.97969,0.808,674,67,,0.36,-0.621,0
107,House,29101,61,2,AZ,100,D,0,1,"PASTOR, Ed",P000099,1943,2018,-0.421,0.12,-183.23454,0.763,678,71,,-0.389,-0.01,0
107,House,29501,61,4,AZ,200,R,0,1,"SHADEGG, John B.",S000275,1949,,0.749,0.008,-113.27663,0.846,675,42,,0.693,-0.074,0
107,House,14454,61,3,AZ,200,R,0,1,"STUMP, Robert Lee",S001044,1927,2003,0.703,0.203,-97.19733,0.845,577,39,,0.525,0.314,1
107,House,29702,42,1,AR,100,D,0,1,"BERRY, Robert Marion",B000420,1942,2023,-0.293,0.956,-260.11415,0.683,681,139,,-0.248,0.936,0
107,House,20101,42,3,AR,200,R,2,2,"BOOZMAN, John",B001236,1950,,0.427,0.338,-37.56262,0.9042,373,15,,0.367,0.168,0
107,House,29704,42,3,AR,200,R,1,1,"HUTCHINSON, Asa",H001014,1950,,0.358,0.133,-28.71661,0.857,186,10,,0.371,-0.151,0
107,House,20102,42,4,AR,100,D,0,1,"ROSS, Michael Avery",R000573,1961,,-0.201,0.89,-181.34307,0.766,680,61,,-0.192,0.51,0
107,House,29703,42,2,AR,100,D,0,1,"SNYDER, Victor F.",S000672,1947,,-0.268,0.055,-183.03607,0.757,658,82,,-0.233,0.018,1
107,House,29701,41,4,AL,200,R,0,1,"ADERHOLT, Robert",A000055,1965,,0.405,0.467,-206.28262,0.73123,659,86,,0.407,0.828,0
107,House,29301,41,6,AL,200,R,0,1,"BACHUS, Spencer T., III",B000013,1947,,0.387,0.228,-75.17126,0.889,640,24,,0.368,0.137,0
107,House,15090,41,1,AL,200,R,0,1,"CALLAHAN, Herbert Leon (Sonny)",C000052,1932,2021,0.373,0.202,-60.44528,0.903,594,22,,0.354,0.132,0
107,House,29100,41,5,AL,100,D,0,1,"CRAMER, Robert E. (Bud), Jr.",C000868,1947,,-0.132,0.612,-176.67485,0.765,660,71,,-0.083,0.464,0
107,House,29300,41,2,AL,200,R,0,1,"EVERETT, Robert Terry",E000268,1937,2024,0.414,0.528,-79.894,0.883,645,33,,0.467,0.53,1
107,House,29302,41,7,AL,100,D,0,1,"HILLIARD, Earl Frederick",H000621,1942,,-0.555,0.569,-214.38777,0.722,658,88,,-0.524,0.645,0
107,House,29700,41,3,AL,200,R,0,1,"RILEY, Robert",R000258,1944,,0.433,0.692,-62.74879,0.887,525,20,,0.421,0.525,1
107,House,14066,81,1,AK,200,R,0,1,"YOUNG, Donald Edwin",Y000033,1933,2022,0.283,0.022,-90.87787,0.85167,566,29,,0.383,0.215,0
108,House,29584,68,1,WY,200,R,0,1,"CUBIN, Barbara L.",C000962,1946,,0.501,0.345,-116.9603,0.858,764,50,,0.574,0.277,0
108,House,20146,56,2,WV,200,R,0,1,"CAPITO, Shelley Moore",C001047,1953,,0.282,0.144,-127.65418,0.8587,838,55,,0.236,-0.127,0
108,House,15083,56,1,WV,100,D,0,1,"MOLLOHAN, Alan Bowlby",M000844,1943,,-0.292,0.657,-276.24006,0.696,762,108,,-0.27,0.564,0
108,House,14448,56,3,WV,100,D,0,1,"RAHALL, Nick Joe, II",R000011,1949,,-0.306,0.45,-235.43915,0.753,831,100,,-0.332,0.415,0
108,House,29940,25,2,WI,100,D,0,1,"BALDWIN, Tammy",B001230,1962,,-0.488,-0.13,-114.59238,0.87262,841,55,,-0.548,-0.08,0
108,House,29941,25,8,WI,200,R,0,1,"GREEN, Mark",G000545,1960,,0.456,-0.294,-209.9611,0.778,838,91,,0.488,-0.438,0
108,House,29769,25,3,WI,100,D,0,1,"KIND, Ron",K000188,1963,,-0.26,-0.08,-171.44474,0.81092,818,67,,-0.267,0.016,0
108,House,15082,25,4,WI,100,D,0,1,"KLECZKA, Gerald Daniel",K000259,1943,2017,-0.322,-0.093,-164.02059,0.812,786,71,,-0.437,-0.162,0
108,House,12036,25,7,WI,100,D,0,1,"OBEY, David Ross",O000007,1938,,-0.45,-0.063,-218.86915,0.769,832,85,,-0.427,0.101,0
108,House,14675,25,6,WI,200,R,0,1,"PETRI, Thomas Evert",P000265,1940,,0.379,-0.367,-303.07914,0.696,836,131,,0.536,-0.664,0
108,House,29939,25,1,WI,200,R,0,1,"RYAN, Paul D.",R000570,1970,,0.556,-0.25,-131.5948,0.85289,827,60,,0.569,-0.441,0
108,House,14657,25,5,WI,200,R,0,1,"SENSENBRENNER, Frank James, Jr.",S000244,1943,,0.638,-0.579,-194.49741,0.79374,842,90,,0.743,-0.669,0
108,House,29938,73,3,WA,100,D,0,1,"BAIRD, Brian",B001229,1956,,-0.342,0.257,-206.55152,0.775,809,90,,-0.399,0.354,0
108,House,14413,73,6,WA,100,D,0,1,"DICKS, Norman DeValois",D000327,1940,,-0.312,0.11,-175.30377,0.805,808,74,,-0.298,-0.1,0
108,House,39312,73,8,WA,200,R,0,1,"DUNN, Jennifer Blackburn",D000549,1941,2007,0.384,-0.261,-95.15722,0.888,799,32,,0.392,-0.265,0
108,House,29580,73,4,WA,200,R,0,1,"HASTINGS, Richard Norman (Doc)",H000329,1941,,0.416,0.411,-98.42721,0.887,822,40,,0.415,0.127,0
108,House,29937,73,1,WA,100,D,0,1,"INSLEE, Jay Robert",I000026,1951,,-0.33,-0.194,-127.61589,0.859,841,55,,-0.375,-0.222,0
108,House,20145,73,2,WA,100,D,0,1,"LARSEN, Richard Ray (Rick)",L000560,1965,,-0.365,0.164,-191.77186,0.79281,826,97,,-0.368,0.27,1
108,House,15613,73,7,WA,100,D,0,1,"McDERMOTT, James A.",M000404,1936,,-0.666,-0.197,-117.1349,0.864,800,45,,-0.704,-0.228,0
108,House,29581,73,5,WA,200,R,0,1,"NETHERCUTT, George R., Jr.",N000051,1944,2024,0.357,0.08,-101.40859,0.877,771,42,,0.297,0.113,0
108,House,29768,73,9,WA,100,D,0,1,"SMITH, Adam",S000510,1965,,-0.291,-0.166,-228.16825,0.7322,732,87,,-0.235,-0.188,1
108,House,29147,6,1,VT,328,I,0,1,"SANDERS, Bernard",S000033,1941,,-0.543,-0.421,-185.46158,0.79558,811,62,,-0.514,0.035,0
108,House,15010,40,9,VA,100,D,0,1,"BOUCHER, Frederick C.",B000657,1946,,-0.265,0.189,-233.83265,0.753,826,93,,-0.21,0.123,0
108,House,20144,40,7,VA,200,R,0,1,"CANTOR, Eric",C001046,1963,,0.518,0.191,-89.29213,0.899,838,38,,0.496,0.099,0
108,House,20141,40,1,VA,200,R,0,1,"DAVIS, Jo Ann",D000597,1950,2007,0.426,0.173,-197.66089,0.789,832,89,,0.429,0.405,1
108,House,29576,40,11,VA,200,R,0,1,"DAVIS, Thomas M., III",D000136,1949,,0.282,-0.404,-156.98748,0.824,810,67,,0.306,-0.436,0
108,House,20143,40,4,VA,200,R,0,1,"FORBES, J. Randy",F000445,1952,,0.407,0.218,-107.66195,0.877,818,44,,0.432,0.278,1
108,House,89767,40,5,VA,200,R,0,1,"GOODE, Virgil H., Jr.",G000280,1946,,0.439,0.633,-226.49324,0.762,834,86,,0.431,0.777,0
108,House,39308,40,6,VA,200,R,0,1,"GOODLATTE, Robert William",G000289,1952,,0.496,-0.002,-110.35444,0.87689,840,43,,0.464,0.212,0
108,House,29149,40,8,VA,100,D,0,1,"MORAN, James P.",M000933,1945,,-0.302,-0.203,-176.02077,0.805,813,68,,-0.283,-0.359,0
108,House,20142,40,2,VA,200,R,0,1,"SCHROCK, Edward",S001151,1941,,0.451,0.032,-83.91837,0.899,788,36,,0.471,0.122,1
108,House,39307,40,3,VA,100,D,0,1,"SCOTT, Robert C.",S000185,1947,,-0.45,-0.003,-128.23595,0.85732,833,57,,-0.463,-0.286,0
108,House,14869,40,10,VA,200,R,0,1,"WOLF, Frank Rudolph",W000672,1939,,0.284,-0.213,-134.59221,0.852,841,47,,0.275,-0.229,0
108,House,20357,67,1,UT,200,R,0,1,"BISHOP, Robert (Rob)",B001250,1951,,0.537,0.105,-112.98579,0.86705,792,48,,0.504,0.274,1
108,House,29766,67,3,UT,200,R,0,1,"CANNON, Christopher B.",C000116,1950,2024,0.596,0.017,-89.77659,0.889,763,35,,0.589,-0.022,0
108,House,20140,67,2,UT,100,D,0,1,"MATHESON, James David (Jim)",M001142,1960,,-0.115,0.546,-267.16757,0.728,841,123,,-0.132,0.461,0
108,House,15085,49,6,TX,200,R,0,1,"BARTON, Joe Linus",B000213,1949,,0.528,0.047,-107.70083,0.87149,783,36,,0.511,0.071,0
108,House,20354,49,25,TX,100,D,0,1,"BELL, Chris",B001241,1959,,-0.342,0.258,-163.9167,0.812,787,86,,-0.339,0.228,0
108,House,39302,49,23,TX,200,R,0,1,"BONILLA, Henry",B000617,1954,,0.4,0.136,-105.77901,0.877,804,40,,0.378,0.171,0
108,House,29760,49,8,TX,200,R,0,1,"BRADY, Kevin Patrick",B000755,1955,,0.52,0.239,-92.35589,0.89262,813,34,,0.556,-0.052,0
108,House,20355,49,26,TX,200,R,0,1,"BURGESS, Michael C.",B001248,1950,,0.565,-0.164,-124.82436,0.85911,822,55,,0.546,0.348,0
108,House,20356,49,31,TX,200,R,0,1,"CARTER, John R.",C001051,1941,,0.486,0.552,-100.45693,0.88309,808,41,,0.5,0.333,0
108,House,15093,49,19,TX,200,R,1,1,"COMBEST, Larry Ed",C000653,1945,,0.458,0.555,-2.92086,0.946,53,1,,0.427,0.553,0
108,House,20139,49,7,TX,200,R,0,1,"CULBERSON, John",C001048,1956,,0.503,0.366,-122.17833,0.85754,795,56,,0.538,0.389,0
108,House,15094,49,22,TX,200,R,0,1,"DeLAY, Thomas Dale",D000217,1947,,0.593,0.059,-94.22231,0.89,810,42,,0.486,0.091,0
108,House,29571,49,10,TX,100,D,0,1,"DOGGETT, Lloyd Alton, II",D000399,1946,,-0.403,-0.33,-205.30364,0.77241,795,86,,-0.484,-0.095,0
108,House,29144,49,11,TX,100,D,0,1,"EDWARDS, Thomas Chester (Chet)",E000063,1951,,-0.226,0.5,-197.43485,0.786,822,89,,-0.188,0.556,0
108,House,14626,49,24,TX,100,D,0,1,"FROST, Jonas Martin",F000392,1942,,-0.316,0.354,-162.24098,0.821,824,75,,-0.299,0.254,0
108,House,29943,49,20,TX,100,D,0,1,"GONZALEZ, Charles A.",G000544,1945,,-0.347,0.262,-178.0315,0.807,830,79,,-0.289,0.028,0
108,House,29762,49,12,TX,200,R,0,1,"GRANGER, Kay",G000377,1943,,0.403,0.243,-105.86118,0.87503,793,38,,0.364,0.003,0
108,House,39304,49,29,TX,100,D,0,1,"GREEN, Raymond Eugene (Gene)",G000410,1947,,-0.324,0.453,-238.23783,0.74492,809,101,,-0.331,0.485,0
108,House,14828,49,4,TX,100,D,0,1,"HALL, Ralph Moody",H000067,1923,2019,0.096,0.995,-176.72628,0.687,470,99,,0.044,0.966,0
108,House,94828,49,4,TX,200,R,0,1,"HALL, Ralph Moody",H000067,1923,2019,0.424,0.308,-73.51346,0.815,359,29,,0.319,0.445,0
108,House,20352,49,5,TX,200,R,0,1,"HENSARLING, Jeb",H001036,1957,,0.703,0.04,-120.5321,0.86299,818,57,,0.707,-0.178,0
108,House,29763,49,15,TX,100,D,0,1,"HINOJOSA, Rub√©n",H000636,1940,,-0.34,0.235,-168.76663,0.808,790,73,,-0.292,0.324,0
108,House,29573,49,18,TX,100,D,0,1,"JACKSON LEE, Sheila",J000032,1950,,-0.459,0.121,-160.93247,0.8188,805,64,,-0.481,-0.029,0
108,House,39305,49,30,TX,100,D,0,1,"JOHNSON, Eddie Bernice",J000126,1934,2023,-0.485,0.198,-143.24776,0.83717,806,68,,-0.46,0.176,0
108,House,29143,49,3,TX,200,R,0,1,"JOHNSON, Sam",J000174,1930,2020,0.61,0.277,-92.35162,0.89033,795,39,,0.616,0.263,0
108,House,29761,49,9,TX,100,D,0,1,"LAMPSON, Nicholas V.",L000043,1945,,-0.179,0.186,-222.24271,0.763,822,96,,-0.331,0.504,0
108,House,20353,49,19,TX,200,R,2,2,"NEUGEBAUER, Randy",N000182,1949,,0.628,0.322,-87.38214,0.88,686,41,,0.545,0.265,0
108,House,15049,49,27,TX,100,D,0,1,"ORTIZ, Solomon P.",O000107,1937,,-0.272,0.712,-164.56631,0.81,782,77,,-0.24,0.519,1
108,House,14290,49,14,TX,200,R,0,1,"PAUL, Ronald Ernest",P000583,1935,,0.863,-0.505,-556.53397,0.471,740,189,,0.935,-0.354,0
108,House,29764,49,16,TX,100,D,0,1,"REYES, Silvestre",R000170,1944,,-0.321,0.304,-156.76485,0.81,743,68,,-0.264,0.355,1
108,House,29771,49,28,TX,100,D,0,1,"RODRIGUEZ, Ciro D.",R000568,1946,,-0.349,0.238,-159.43651,0.818,794,61,,-0.367,0.293,1
108,House,29757,49,1,TX,100,D,0,1,"SANDLIN, Max A.",S000044,1952,,-0.25,0.546,-237.20386,0.75,823,116,,-0.263,0.76,0
108,House,29759,49,32,TX,200,R,0,1,"SESSIONS, Pete",S000250,1955,,0.585,0.171,-83.15257,0.90456,829,27,,0.585,0.078,0
108,House,15445,49,21,TX,200,R,0,1,"SMITH, Lamar Seeligson",S000583,1947,,0.425,0.061,-72.27023,0.91651,829,23,,0.389,0.124,0
108,House,14664,49,17,TX,100,D,0,1,"STENHOLM, Charles Walter",S000851,1938,2023,0.019,1,-297.22959,0.697,824,139,,-0.092,0.996,1
108,House,29572,49,13,TX,200,R,0,1,"THORNBERRY, William McClellan (Mac)",T000238,1958,,0.525,0.313,-99.19326,0.88697,827,35,,0.543,0.072,1
108,House,29758,49,2,TX,100,D,0,1,"TURNER, Jim",T000424,1946,,-0.185,0.606,-198.63008,0.783,810,76,,-0.198,0.652,1
108,House,20351,54,7,TN,200,R,0,1,"BLACKBURN, Marsha",B001243,1952,,0.632,0.14,-87.90822,0.89904,826,31,,0.576,0.181,0
108,House,15019,54,5,TN,100,D,0,1,"COOPER, James Hayes Shofner",C000754,1954,,-0.164,-0.033,-278.94968,0.71311,825,111,,-0.253,0.203,1
108,House,20350,54,4,TN,100,D,0,1,"DAVIS, Lincoln",D000599,1943,,-0.205,0.854,-215.52435,0.768,816,92,,-0.162,0.728,0
108,House,15455,54,2,TN,200,R,0,1,"DUNCAN, John J., Jr.",D000533,1947,,0.604,-0.476,-330.5895,0.67081,828,110,,0.644,0.191,0
108,House,29756,54,9,TN,100,D,0,1,"FORD, Harold, Jr.",F000262,1970,,-0.359,0.311,-177.03,0.798,785,81,,-0.347,0.332,0
108,House,15100,54,6,TN,100,D,0,1,"GORDON, Barton Jennings",G000309,1949,,-0.204,0.286,-214.92798,0.768,815,90,,-0.184,0.384,0
108,House,29755,54,1,TN,200,R,0,1,"JENKINS, William Lewis",J000082,1936,,0.396,0.349,-109.96324,0.872,802,48,,0.413,0.306,0
108,House,15628,54,8,TN,100,D,0,1,"TANNER, John S.",T000038,1944,,-0.182,0.648,-282.92461,0.705,808,124,,-0.234,0.755,0
108,House,29567,54,3,TN,200,R,0,1,"WAMP, Zachary Paul",W000119,1957,,0.428,0.072,-170.22766,0.815,832,68,,0.384,0.406,0
108,House,20349,37,1,SD,100,D,2,2,"HERSETH SANDLIN, Stephanie",H001037,1970,,-0.184,0.507,-52.0968,0.803,237,21,,-0.231,0.587,0
108,House,20348,37,1,SD,200,R,1,1,"JANKLOW, William J.",J000286,1939,2012,0.265,0.085,-46.06223,0.884,372,18,,0.264,0.093,0
108,House,20347,48,3,SC,200,R,0,1,"BARRETT, James Gresham",B001239,1961,,0.653,0.062,-85.02515,0.904,839,29,,0.64,0.149,0
108,House,20137,48,1,SC,200,R,0,1,"BROWN, Henry Edward, Jr.",B001235,1935,,0.367,0.24,-74.79472,0.915,842,26,,0.365,0.02,0
108,House,39301,48,6,SC,100,D,0,1,"CLYBURN, James Enos",C000537,1940,,-0.466,0.246,-147.21096,0.8353,818,64,,-0.434,0.233,0
108,House,29936,48,4,SC,200,R,0,1,"DeMINT, James W.",D000595,1951,,0.7,-0.102,-74.77653,0.892,654,30,,0.598,-0.033,0
108,House,15064,48,5,SC,100,D,0,1,"SPRATT, John McKee, Jr.",S000749,1942,2024,-0.256,0.255,-150.80435,0.834,832,67,,-0.291,0.203,1
108,House,20138,48,2,SC,200,R,0,1,"WILSON, Addison Graves (Joe)",W000795,1947,,0.53,0.16,-94.72229,0.89128,823,25,,0.547,0.051,1
108,House,29564,5,1,RI,100,D,0,1,"KENNEDY, Patrick Joseph",K000113,1967,,-0.409,-0.062,-135.34887,0.848,823,58,,-0.423,0.054,0
108,House,20136,5,2,RI,100,D,0,1,"LANGEVIN, James",L000559,1964,,-0.375,0.114,-140.61782,0.84294,823,56,,-0.362,0.176,1
108,House,29777,14,1,PA,100,D,0,1,"BRADY, Robert A.",B001227,1945,,-0.484,0.225,-176.69087,0.80825,830,81,,-0.42,0.22,1
108,House,29561,14,14,PA,100,D,0,1,"DOYLE, Michael F.",D000482,1953,,-0.331,0.099,-163.3305,0.81999,823,79,,-0.333,0.22,0
108,House,29563,14,3,PA,200,R,0,1,"ENGLISH, Philip Sheridan",E000187,1956,,0.251,0.053,-193.17349,0.792,828,67,,0.275,-0.057,0
108,House,29559,14,2,PA,100,D,0,1,"FATTAH, Chaka",F000043,1956,,-0.472,-0.054,-110.69816,0.865,765,44,,-0.436,-0.198,0
108,House,20345,14,6,PA,200,R,0,1,"GERLACH, Jim",G000549,1955,,0.221,-0.107,-123.87808,0.859,812,45,,0.256,-0.384,0
108,House,29397,14,8,PA,200,R,0,1,"GREENWOOD, James Charles",G000439,1951,,0.225,-0.632,-133.88104,0.839,761,52,,0.317,-0.775,0
108,House,20133,14,4,PA,200,R,0,1,"HART, Melissa A.",H001033,1962,,0.39,0.155,-138.16307,0.847,832,54,,0.447,-0.097,0
108,House,29934,14,13,PA,100,D,0,1,"HOEFFEL, Joseph M.",H001031,1950,,-0.338,-0.198,-99.31124,0.881,783,35,,-0.346,-0.186,0
108,House,29396,14,17,PA,100,D,0,1,"HOLDEN, Thomas Timothy (Tim)",H000712,1957,,-0.233,0.608,-200.81868,0.786,833,82,,-0.201,0.52,0
108,House,15104,14,11,PA,100,D,0,1,"KANJORSKI, Paul E.",K000008,1937,,-0.303,0.364,-224.97669,0.764,834,100,,-0.301,0.332,0
108,House,20346,14,18,PA,200,R,0,1,"MURPHY, Timothy",M001151,1952,,0.258,0.198,-100.5058,0.8871,839,38,,0.321,0.053,0
108,House,14072,14,12,PA,100,D,0,1,"MURTHA, John Patrick, Jr.",M001120,1932,2010,-0.265,0.569,-299.87401,0.688,803,119,,-0.196,0.35,0
108,House,29751,14,5,PA,200,R,0,1,"PETERSON, John",P000263,1938,,0.34,0.24,-103.87202,0.878,795,41,,0.331,0.142,0
108,House,29752,14,16,PA,200,R,0,1,"PITTS, Joseph R.",P000373,1939,,0.538,0.012,-99.91283,0.884,811,43,,0.557,-0.135,0
108,House,20135,14,19,PA,200,R,0,1,"PLATTS, Todd",P000585,1962,,0.252,-0.15,-179.91418,0.803,818,76,,0.295,-0.122,0
108,House,29933,14,10,PA,200,R,0,1,"SHERWOOD, Don",S001146,1941,,0.329,-0.005,-108.30206,0.878,833,38,,0.344,0.066,0
108,House,20134,14,9,PA,200,R,0,1,"SHUSTER, William (Bill)",S001154,1961,,0.374,0.323,-94.21041,0.89196,824,45,,0.395,0.223,0
108,House,29935,14,15,PA,200,R,0,1,"TOOMEY, Patrick Joseph",T000461,1961,,0.624,-0.378,-156.79132,0.81895,785,69,,0.757,-0.091,0
108,House,15447,14,7,PA,200,R,0,1,"WELDON, Wayne Curtis (Curt)",W000268,1947,,0.232,-0.324,-120.27966,0.858,786,51,,0.242,-0.242,1
108,House,29588,72,3,OR,100,D,0,1,"BLUMENAUER, Earl",B000574,1948,,-0.426,-0.626,-128.97538,0.84849,785,51,,-0.43,-0.752,0
108,House,15410,72,4,OR,100,D,0,1,"DeFAZIO, Peter Anthony",D000191,1947,,-0.427,-0.002,-285.91615,0.70622,822,121,,-0.507,0.544,0
108,House,29750,72,5,OR,100,D,0,1,"HOOLEY, Darlene",H000762,1939,,-0.315,-0.075,-182.73825,0.802,830,71,,-0.282,0.035,0
108,House,29932,72,2,OR,200,R,0,1,"WALDEN, Greg",W000791,1957,,0.333,-0.011,-116.66274,0.86798,824,48,,0.307,-0.107,0
108,House,29931,72,1,OR,100,D,0,1,"WU, David",W000793,1955,,-0.37,0.031,-198.19383,0.789,835,91,,-0.326,0.112,0
108,House,20132,53,2,OK,100,D,0,1,"CARSON, Brad",C001044,1967,,-0.181,0.555,-216.87152,0.756,776,90,,-0.163,0.59,0
108,House,20344,53,4,OK,200,R,0,1,"COLE, Tom",C001053,1949,,0.323,0.412,-109.96518,0.87507,824,41,,0.396,-0.055,1
108,House,29392,53,5,OK,200,R,0,1,"ISTOOK, Ernest James, Jr.",I000047,1950,,0.492,0.129,-110.23417,0.868,781,40,,0.446,0.368,0
108,House,29393,53,3,OK,200,R,0,1,"LUCAS, Frank D.",L000491,1960,,0.361,0.452,-106.30556,0.87855,821,34,,0.362,0.253,0
108,House,20131,53,1,OK,200,R,0,1,"SULLIVAN, John",S001155,1965,,0.513,0.173,-90.65943,0.89,781,37,,0.5,0.159,0
108,House,29137,24,8,OH,200,R,0,1,"BOEHNER, John Andrew",B000589,1949,,0.513,0.04,-93.86739,0.891,816,39,,0.44,-0.07,0
108,House,29389,24,13,OH,100,D,0,1,"BROWN, Sherrod",B000944,1952,,-0.425,-0.097,-123.46893,0.85958,816,61,,-0.483,-0.115,0
108,House,29550,24,1,OH,200,R,0,1,"CHABOT, Steve",C000266,1953,,0.542,-0.137,-144.44821,0.84167,838,57,,0.566,-0.197,0
108,House,15604,24,5,OH,200,R,0,1,"GILLMOR, Paul Eugene",G000210,1939,2007,0.254,0.106,-151.45735,0.832,821,48,,0.327,0.008,0
108,House,29136,24,7,OH,200,R,0,1,"HOBSON, David Lee",H000666,1936,2024,0.315,-0.229,-85.80241,0.902,830,27,,0.311,-0.048,0
108,House,29930,24,11,OH,100,D,0,1,"JONES, Stephanie Tubbs",J000284,1949,2008,-0.521,-0.059,-120.25164,0.848,727,48,,-0.523,-0.043,0
108,House,15029,24,9,OH,100,D,0,1,"KAPTUR, Marcia Carolyn (Marcy)",K000009,1946,,-0.343,0.133,-153.17598,0.82653,804,69,,-0.425,0.195,0
108,House,29748,24,10,OH,100,D,0,1,"KUCINICH, Dennis",K000336,1946,,-0.582,0.024,-204.45586,0.763,756,87,,-0.646,-0.282,0
108,House,29553,24,14,OH,200,R,0,1,"LaTOURETTE, Steven C.",L000553,1954,2016,0.211,-0.063,-150.7744,0.831,815,44,,0.214,-0.025,0
108,House,29552,24,18,OH,200,R,0,1,"NEY, Robert William",N000081,1954,,0.269,0.116,-115.12563,0.871,832,47,,0.296,0.116,0
108,House,14875,24,4,OH,200,R,0,1,"OXLEY, Michael Garver",O000163,1944,2016,0.382,-0.093,-98.80418,0.883,797,38,,0.394,-0.097,0
108,House,29386,24,2,OH,200,R,0,1,"PORTMAN, Robert Jones (Rob)",P000449,1955,,0.371,-0.208,-85.38488,0.90179,826,26,,0.362,-0.191,0
108,House,29390,24,15,OH,200,R,0,1,"PRYCE, Deborah D.",P000555,1951,,0.32,-0.329,-99.02022,0.886,821,37,,0.339,-0.376,0
108,House,14045,24,16,OH,200,R,0,1,"REGULA, Ralph Straus",R000141,1924,2017,0.221,-0.223,-99.46318,0.886,822,27,,0.31,-0.014,0
108,House,20343,24,17,OH,100,D,0,1,"RYAN, Timothy J.",R000577,1973,,-0.402,0.208,-150.61164,0.83277,823,66,,-0.411,0.264,1
108,House,29747,24,6,OH,100,D,0,1,"STRICKLAND, Ted",S001004,1941,,-0.384,0.404,-193.91183,0.792,833,90,,-0.421,0.398,0
108,House,20130,24,12,OH,200,R,0,1,"TIBERI, Patrick (Pat)",T000462,1962,,0.386,-0.026,-137.40705,0.84743,830,53,,0.421,-0.196,0
108,House,20342,24,3,OH,200,R,0,1,"TURNER, Michael R.",T000463,1960,,0.266,0.254,-94.26457,0.89276,831,34,,0.34,-0.017,1
108,House,15000,13,5,NY,100,D,0,1,"ACKERMAN, Gary Leonard",A000022,1942,,-0.429,-0.165,-108.49146,0.865,751,43,,-0.417,-0.256,0
108,House,20338,13,1,NY,100,D,0,1,"BISHOP, Timothy H.",B001242,1950,,-0.338,-0.05,-116.8849,0.868,827,48,,-0.353,-0.118,0
108,House,15007,13,24,NY,200,R,0,1,"BOEHLERT, Sherwood Louis",B000586,1936,2021,0.103,-0.718,-162.8886,0.809,769,58,,0.186,-0.529,0
108,House,29925,13,7,NY,100,D,0,1,"CROWLEY, Joseph",C001038,1962,,-0.412,-0.07,-157.57535,0.82632,826,67,,-0.348,-0.1,0
108,House,15603,13,17,NY,100,D,0,1,"ENGEL, Eliot Lance",E000179,1947,,-0.408,-0.093,-125.39072,0.85459,798,54,,-0.369,-0.16,0
108,House,29773,13,13,NY,200,R,0,1,"FOSSELLA, Vito John",F000440,1965,,0.426,-0.336,-198.39235,0.775,780,89,,0.478,-0.516,0
108,House,29380,13,22,NY,100,D,0,1,"HINCHEY, Maurice Dunlea",H000627,1938,2017,-0.575,-0.007,-106.77755,0.87,768,40,,-0.562,0.006,0
108,House,15423,13,29,NY,200,R,0,1,"HOUGHTON, Amory, Jr.",H000814,1926,2020,0.154,-0.281,-170.42102,0.796,747,70,,0.249,-0.536,0
108,House,20129,13,2,NY,100,D,0,1,"ISRAEL, Steve",I000057,1958,,-0.334,-0.051,-142.92158,0.838,811,66,,-0.29,-0.101,1
108,House,29544,13,19,NY,200,R,0,1,"KELLY, Sue W.",K000078,1936,,0.231,-0.564,-156.40776,0.829,835,70,,0.233,-0.548,0
108,House,29375,13,3,NY,200,R,0,1,"KING, Peter T.",K000210,1944,,0.259,-0.03,-141.97943,0.84012,815,52,,0.253,-0.224,0
108,House,15612,13,18,NY,100,D,0,1,"LOWEY, Nita M.",L000480,1937,2025,-0.389,-0.152,-116.39222,0.86782,821,43,,-0.335,-0.236,0
108,House,29379,13,14,NY,100,D,0,1,"MALONEY, Carolyn Bosher",M000087,1946,,-0.387,-0.285,-107.47787,0.87854,830,47,,-0.403,-0.307,0
108,House,29744,13,4,NY,100,D,0,1,"McCARTHY, Carolyn",M000309,1944,,-0.294,-0.04,-123.68004,0.861,829,48,,-0.305,-0.092,0
108,House,39316,13,23,NY,200,R,0,1,"McHUGH, John Michael",M000472,1948,,0.225,-0.063,-159.97192,0.824,827,64,,0.205,-0.008,1
108,House,15614,13,21,NY,100,D,0,1,"McNULTY, Michael Robert",M000590,1947,,-0.369,0.369,-184.86841,0.8,827,102,,-0.383,0.296,0
108,House,29776,13,6,NY,100,D,0,1,"MEEKS, Gregory W.",M001137,1953,,-0.416,-0.063,-132.27422,0.84402,780,57,,-0.365,-0.223,0
108,House,29377,13,8,NY,100,D,0,1,"NADLER, Jerrold Lewis",N000002,1947,,-0.507,-0.478,-88.92562,0.89699,818,38,,-0.498,-0.524,0
108,House,15050,13,11,NY,100,D,0,1,"OWENS, Major Robert Odell",O000159,1936,2013,-0.569,-0.516,-109.79682,0.868,775,40,,-0.536,-0.415,0
108,House,29381,13,27,NY,200,R,0,1,"QUINN, John Francis (Jack)",Q000016,1951,,0.198,-0.223,-108.38304,0.855,691,36,,0.232,-0.05,0
108,House,13035,13,15,NY,100,D,0,1,"RANGEL, Charles B.",R000053,1930,,-0.514,-0.341,-116.91665,0.857,760,47,,-0.479,-0.31,0
108,House,29928,13,26,NY,200,R,0,1,"REYNOLDS, Thomas M.",R000569,1950,,0.349,0.009,-89.04017,0.896,812,33,,0.4,-0.207,0
108,House,29134,13,16,NY,100,D,0,1,"SERRANO, Jos√© E.",S000248,1943,,-0.491,-0.377,-113.80779,0.86922,812,50,,-0.45,-0.449,0
108,House,15444,13,28,NY,100,D,0,1,"SLAUGHTER, Louise McIntosh",S000480,1929,2018,-0.465,-0.104,-115.14292,0.86044,766,53,,-0.493,-0.027,0
108,House,29927,13,20,NY,200,R,0,1,"SWEENEY, John E.",S001149,1955,,0.249,0.036,-174.04262,0.805,804,65,,0.247,-0.067,0
108,House,15072,13,10,NY,100,D,0,1,"TOWNS, Edolphus",T000326,1934,,-0.519,-0.132,-135.05358,0.836,756,60,,-0.518,0.091,0
108,House,29378,13,12,NY,100,D,0,1,"VEL√ÅZQUEZ, Nydia M.",V000081,1953,,-0.547,-0.367,-132.38988,0.84973,813,50,,-0.529,-0.382,0
108,House,15630,13,25,NY,200,R,0,1,"WALSH, James T.",W000099,1947,,0.208,-0.19,-115.43917,0.869,823,40,,0.284,-0.264,0
108,House,29926,13,9,NY,100,D,0,1,"WEINER, Anthony D.",W000792,1964,,-0.408,-0.371,-93.76236,0.892,820,34,,-0.405,-0.381,0
108,House,29922,65,1,NV,100,D,0,1,"BERKLEY, Shelley",B001231,1951,,-0.302,0.024,-146.60851,0.82,741,59,,-0.331,-0.12,0
108,House,29739,65,2,NV,200,R,0,1,"GIBBONS, James A.",G000152,1944,,0.484,-0.088,-133.3987,0.847,804,56,,0.503,-0.252,1
108,House,20334,65,3,NV,200,R,0,1,"PORTER, Jon C.",P000589,1955,,0.241,-0.071,-169.61367,0.818,843,59,,0.254,-0.104,0
108,House,20337,66,2,NM,200,R,0,1,"PEARCE, Stevan",P000588,1947,,0.472,0.064,-105.82299,0.87851,817,45,,0.406,-0.022,0
108,House,29924,66,3,NM,100,D,0,1,"UDALL, Thomas (Tom)",U000039,1948,,-0.453,0.161,-154.51867,0.83252,843,76,,-0.464,0.16,0
108,House,29779,66,1,NM,200,R,0,1,"WILSON, Heather",W000789,1960,,0.247,-0.027,-217.41975,0.768,825,75,,0.199,-0.088,1
108,House,29132,12,1,NJ,100,D,0,1,"ANDREWS, Robert Ernest",A000210,1957,,-0.297,-0.119,-182.60452,0.799,813,81,,-0.387,-0.102,0
108,House,20127,12,7,NJ,200,R,0,1,"FERGUSON, Michael",F000443,1970,,0.244,-0.404,-109.14175,0.866,760,48,,0.265,-0.351,0
108,House,29541,12,11,NJ,200,R,0,1,"FRELINGHUYSEN, Rodney P.",F000372,1946,,0.292,-0.262,-118.51162,0.86739,833,51,,0.291,-0.405,0
108,House,20336,12,5,NJ,200,R,0,1,"GARRETT, Scott",G000548,1959,,0.688,-0.243,-119.55603,0.866,833,41,,0.654,-0.017,0
108,House,29923,12,12,NJ,100,D,0,1,"HOLT, Rush",H001032,1948,,-0.463,-0.33,-130.98443,0.855,839,60,,-0.468,-0.215,0
108,House,29539,12,2,NJ,200,R,0,1,"LoBIONDO, Frank A.",L000554,1946,,0.211,-0.224,-262.55143,0.73239,843,101,,0.203,-0.285,1
108,House,29373,12,13,NJ,100,D,0,1,"MENENDEZ, Robert",M000639,1954,,-0.366,-0.126,-142.32723,0.8403,818,64,,-0.348,-0.058,0
108,House,15454,12,6,NJ,100,D,0,1,"PALLONE, Frank, Jr.",P000034,1951,,-0.402,-0.161,-138.82099,0.848,842,68,,-0.455,-0.038,0
108,House,29741,12,8,NJ,100,D,0,1,"PASCRELL, William J., Jr.",P000096,1937,2024,-0.369,-0.004,-156.34071,0.82486,812,67,,-0.36,-0.042,0
108,House,15619,12,10,NJ,100,D,0,1,"PAYNE, Donald Milford",P000149,1934,2012,-0.592,-0.547,-85.76733,0.895,775,35,,-0.574,-0.496,0
108,House,29742,12,9,NJ,100,D,0,1,"ROTHMAN, Steven",R000462,1952,,-0.352,-0.092,-153.82492,0.824,796,78,,-0.352,-0.123,0
108,House,15112,12,3,NJ,200,R,0,1,"SAXTON, Hugh James",S000097,1943,,0.238,-0.378,-146.43087,0.836,819,63,,0.235,-0.446,1
108,House,14863,12,4,NJ,200,R,0,1,"SMITH, Christopher Henry",S000522,1953,,0.181,-0.172,-182.42889,0.80162,825,86,,0.199,-0.451,0
108,House,29538,4,2,NH,200,R,0,1,"BASS, Charles Foster",B000220,1952,,0.331,-0.556,-176.8101,0.809,833,82,,0.405,-0.753,0
108,House,20335,4,1,NH,200,R,0,1,"BRADLEY, Jeb",B001246,1952,,0.371,-0.578,-158.07117,0.825,823,67,,0.33,-0.416,1
108,House,14605,35,1,NE,200,R,0,1,"BEREUTER, Douglas Kent",B000403,1939,,0.231,-0.347,-186.72795,0.762,687,72,,0.178,-0.181,0
108,House,20126,35,3,NE,200,R,0,1,"OSBORNE, Thomas",O000165,1937,,0.299,0.025,-116.77162,0.868,825,47,,0.311,-0.051,0
108,House,29921,35,2,NE,200,R,0,1,"TERRY, Lee Raymond",T000459,1962,,0.426,-0.067,-159.01627,0.825,828,66,,0.502,-0.343,0
108,House,29384,36,1,ND,100,D,0,1,"POMEROY, Earl Ralph, III",P000422,1952,,-0.266,0.339,-210.08061,0.778,838,98,,-0.212,0.343,0
108,House,20339,47,1,NC,100,D,1,1,"BALLANCE, Frank W., Jr.",B001238,1942,2019,-0.446,-0.039,-91.98379,0.85,564,40,,-0.445,-0.049,0
108,House,15402,47,10,NC,200,R,0,1,"BALLENGER, Cass",B000104,1926,2015,0.464,-0.145,-86.72569,0.89,742,26,,0.41,-0.096,0
108,House,29548,47,5,NC,200,R,0,1,"BURR, Richard M.",B001135,1955,,0.435,-0.07,-140.63671,0.83768,794,52,,0.289,0.134,0
108,House,20340,47,1,NC,100,D,2,2,"BUTTERFIELD, George Kenneth, Jr. (G.K.)",B001251,1947,,-0.404,0.184,-20.87632,0.79699,92,10,,-0.254,0.032,0
108,House,15092,47,6,NC,200,R,0,1,"COBLE, Howard",C000556,1931,2015,0.52,-0.081,-180.39495,0.804,829,73,,0.565,0.342,0
108,House,29745,47,2,NC,100,D,0,1,"ETHERIDGE, Bobby R.",E000226,1941,,-0.288,0.288,-171.45419,0.815,839,74,,-0.293,0.193,0
108,House,29929,47,8,NC,200,R,0,1,"HAYES, Robert (Robin)",H001029,1945,,0.351,0.388,-116.01876,0.87,831,48,,0.42,0.545,1
108,House,29546,47,3,NC,200,R,0,1,"JONES, Walter Beaman, Jr.",J000255,1943,2019,0.244,-0.362,-567.47691,0.49543,808,187,,0.456,0.89,1
108,House,29746,47,7,NC,100,D,0,1,"McINTYRE, Mike",M000485,1956,,-0.148,0.56,-256.95811,0.732,822,115,,-0.224,0.847,1
108,House,20341,47,13,NC,100,D,0,1,"MILLER, Brad",M001154,1953,,-0.376,0.063,-144.21175,0.839,822,64,,-0.352,0.018,0
108,House,29549,47,9,NC,200,R,0,1,"MYRICK, Sue",M001134,1941,,0.56,0.027,-84.71097,0.901,811,31,,0.61,0.012,0
108,House,15438,47,4,NC,100,D,0,1,"PRICE, David Eugene",P000523,1940,,-0.343,-0.03,-124.97453,0.86145,838,49,,-0.298,-0.164,0
108,House,29135,47,11,NC,200,R,0,1,"TAYLOR, Charles Hart",T000067,1941,,0.488,0.116,-155.27994,0.826,811,73,,0.433,0.422,0
108,House,29383,47,12,NC,100,D,0,1,"WATT, Melvin L.",W000207,1945,,-0.526,-0.155,-119.28915,0.865,823,55,,-0.516,-0.435,0
108,House,20125,64,1,MT,200,R,0,1,"REHBERG, Denny",R000571,1955,,0.337,0.244,-101.66845,0.886,842,37,,0.392,0.102,0
108,House,29734,46,3,MS,200,R,0,1,"PICKERING, Charles W. (Chip), Jr.",P000323,1963,,0.342,0.325,-82.47084,0.902,799,32,,0.335,0.045,0
108,House,15637,46,4,MS,100,D,0,1,"TAYLOR, Gary Eugene (Gene)",T000074,1953,,-0.045,0.893,-501.62191,0.548,835,207,,-0.152,0.988,1
108,House,29368,46,2,MS,100,D,0,1,"THOMPSON, Bennie",T000193,1948,,-0.519,0.391,-162.99126,0.8219,831,66,,-0.488,0.522,0
108,House,29534,46,1,MS,200,R,0,1,"WICKER, Roger F.",W000437,1951,,0.377,0.341,-108.59798,0.87582,819,39,,0.375,0.224,0
108,House,20123,34,2,MO,200,R,0,1,"AKIN, W. Todd",A000358,1947,2021,0.612,0.235,-107.46069,0.877,818,42,,0.639,-0.001,1
108,House,29735,34,7,MO,200,R,0,1,"BLUNT, Roy",B000575,1950,,0.398,0.18,-101.8485,0.88465,831,41,,0.455,0.018,0
108,House,20147,34,1,MO,100,D,0,1,"CLAY, William Lacy, Jr.",C001049,1956,,-0.481,-0.078,-112.17666,0.85916,739,45,,-0.517,-0.155,0
108,House,29736,34,8,MO,200,R,0,1,"EMERSON, Jo Ann",E000172,1950,,0.269,0.274,-145.29968,0.832,789,63,,0.263,0.367,0
108,House,14421,34,3,MO,100,D,0,1,"GEPHARDT, Richard Andrew",G000132,1941,,-0.416,0.245,-35.50235,0.848,216,18,,-0.364,-0.202,0
108,House,20124,34,6,MO,200,R,0,1,"GRAVES, Samuel",G000546,1963,,0.448,0.164,-156.30047,0.82626,819,71,,0.474,0.111,0
108,House,29737,34,9,MO,200,R,0,1,"HULSHOF, Kenny",H000948,1958,,0.363,0.281,-142.09178,0.837,797,54,,0.405,0.236,0
108,House,29535,34,5,MO,100,D,0,1,"McCARTHY, Karen",M000316,1947,2010,-0.344,-0.225,-101.32997,0.876,765,39,,-0.401,-0.353,0
108,House,14451,34,4,MO,100,D,0,1,"SKELTON, Isaac Newton, IV (Ike)",S000465,1931,2013,-0.172,0.724,-193.45406,0.792,831,87,,-0.199,0.575,1
108,House,29532,33,1,MN,200,R,0,1,"GUTKNECHT, Gilbert W.",G000536,1951,,0.552,0.342,-200.15855,0.78,807,79,,0.55,0.467,0
108,House,20121,33,6,MN,200,R,0,1,"KENNEDY, Mark",K000358,1957,,0.409,0.304,-166.46101,0.82,841,62,,0.52,-0.159,0
108,House,20333,33,2,MN,200,R,0,1,"KLINE, John",K000363,1947,,0.49,0.154,-87.38765,0.901,840,35,,0.475,-0.052,1
108,House,20122,33,4,MN,100,D,0,1,"McCOLLUM, Betty",M001143,1954,,-0.419,-0.184,-126.73135,0.85744,824,55,,-0.422,-0.291,0
108,House,14265,33,8,MN,100,D,0,1,"OBERSTAR, James Louis",O000006,1934,2014,-0.553,0.304,-216.82057,0.764,805,86,,-0.576,0.628,0
108,House,29127,33,7,MN,100,D,0,1,"PETERSON, Collin Clark",P000258,1944,,-0.148,0.712,-340.22234,0.66567,836,159,,-0.096,0.995,0
108,House,29126,33,3,MN,200,R,0,1,"RAMSTAD, James (Jim)",R000033,1946,2020,0.316,-0.683,-360.86893,0.65,839,148,,0.465,-0.885,0
108,House,14656,33,5,MN,100,D,0,1,"SABO, Martin Olav",S000005,1938,2016,-0.516,-0.317,-232.73164,0.754,823,94,,-0.462,0.02,0
108,House,29124,23,4,MI,200,R,0,1,"CAMP, David Lee",C000071,1953,,0.385,-0.048,-90.04117,0.897,825,32,,0.356,0.053,0
108,House,10713,23,14,MI,100,D,0,1,"CONYERS, John, Jr.",C000714,1929,2019,-0.658,-0.512,-85.11921,0.88762,714,34,,-0.707,-0.701,0
108,House,2605,23,15,MI,100,D,0,1,"DINGELL, John David, Jr.",D000355,1926,2019,-0.448,0.313,-184.49473,0.799,821,81,,-0.399,0.145,0
108,House,29362,23,3,MI,200,R,0,1,"EHLERS, Vernon James",E000092,1934,2017,0.316,-0.622,-187.58533,0.797,826,80,,0.257,-0.571,0
108,House,29361,23,2,MI,200,R,0,1,"HOEKSTRA, Peter",H000676,1953,,0.516,-0.262,-126.43637,0.855,806,42,,0.511,-0.134,0
108,House,14430,23,5,MI,100,D,0,1,"KILDEE, Dale Edward",K000172,1929,2021,-0.385,0.011,-174.2367,0.813,843,71,,-0.363,0.182,0
108,House,29733,23,13,MI,100,D,0,1,"KILPATRICK, Carolyn Cheeks",K000180,1945,,-0.491,-0.172,-109.53654,0.87,788,50,,-0.489,-0.162,0
108,House,29365,23,9,MI,200,R,0,1,"KNOLLENBERG, Joseph",K000288,1933,2018,0.366,-0.053,-87.69256,0.899,827,29,,0.353,-0.094,0
108,House,15033,23,12,MI,100,D,0,1,"LEVIN, Sander Martin",L000263,1931,,-0.379,-0.091,-123.23498,0.8637,841,54,,-0.354,-0.162,0
108,House,20332,23,11,MI,200,R,0,1,"McCOTTER, Thaddeus George",M001147,1965,,0.335,0.012,-104.22127,0.881,819,45,,0.336,0.199,0
108,House,20331,23,10,MI,200,R,0,1,"MILLER, Candice S.",M001150,1954,,0.343,-0.001,-85.8392,0.902,830,28,,0.322,0.101,1
108,House,20120,23,8,MI,200,R,0,1,"ROGERS, Mike",R000572,1963,,0.4,0.098,-91.80815,0.896,833,39,,0.392,-0.036,0
108,House,29364,23,7,MI,200,R,0,1,"SMITH, Nick H.",S000597,1934,,0.505,-0.229,-175.34412,0.804,803,72,,0.645,-0.007,0
108,House,29360,23,1,MI,100,D,0,1,"STUPAK, Bart T.",S001045,1952,,-0.396,0.701,-188.76845,0.79,799,89,,-0.39,0.616,0
108,House,15446,23,6,MI,200,R,0,1,"UPTON, Frederick Stephen",U000031,1953,,0.32,-0.355,-210.94202,0.77723,837,83,,0.206,-0.196,0
108,House,29728,2,1,ME,100,D,0,1,"ALLEN, Thomas H.",A000357,1945,,-0.4,-0.105,-146.3314,0.839,832,70,,-0.423,-0.029,0
108,House,20328,2,2,ME,100,D,0,1,"MICHAUD, Michael H.",M001149,1955,,-0.283,-0.071,-187.95833,0.8,843,85,,-0.304,0.226,0
108,House,29356,52,6,MD,200,R,0,1,"BARTLETT, Roscoe Gardner",B000208,1926,,0.493,-0.091,-254.43224,0.738,836,106,,0.719,-0.269,1
108,House,15408,52,3,MD,100,D,0,1,"CARDIN, Benjamin Louis",C000141,1943,,-0.32,-0.224,-112.79138,0.87164,821,39,,-0.311,-0.252,0
108,House,29587,52,7,MD,100,D,0,1,"CUMMINGS, Elijah Eugene",C000984,1951,2019,-0.438,-0.148,-113.68476,0.8689,809,39,,-0.444,-0.092,0
108,House,29122,52,1,MD,200,R,0,1,"GILCHREST, Wayne Thomas",G000180,1946,,0.204,-0.563,-163.39651,0.821,827,60,,0.326,-0.702,0
108,House,14873,52,5,MD,100,D,0,1,"HOYER, Steny Hamilton",H000874,1939,,-0.381,0.122,-125.01035,0.86096,835,60,,-0.357,-0.039,0
108,House,20329,52,2,MD,100,D,0,1,"RUPPERSBERGER, C. A. (Dutch)",R000576,1946,,-0.299,0.12,-152.30112,0.82859,810,65,,-0.269,0.093,0
108,House,20330,52,8,MD,100,D,0,1,"VAN HOLLEN, Christopher",V000128,1959,,-0.396,-0.222,-108.45436,0.87874,839,47,,-0.406,-0.368,0
108,House,29355,52,4,MD,100,D,0,1,"WYNN, Albert Russell",W000784,1951,,-0.38,0.038,-188.59704,0.795,821,72,,-0.317,0.142,0
108,House,29919,3,8,MA,100,D,0,1,"CAPUANO, Michael Everett",C001037,1952,,-0.58,-0.082,-168.61215,0.81475,823,67,,-0.604,0.164,0
108,House,29731,3,10,MA,100,D,0,1,"DELAHUNT, Bill",D000210,1941,2024,-0.495,-0.293,-98.60329,0.88,772,43,,-0.502,-0.311,0
108,House,14824,3,4,MA,100,D,0,1,"FRANK, Barney",F000339,1940,,-0.499,-0.534,-109.58557,0.875,818,43,,-0.534,-0.512,0
108,House,20119,3,9,MA,100,D,0,1,"LYNCH, Stephen F.",L000562,1955,,-0.344,0.049,-166.85703,0.81629,822,72,,-0.33,0.113,0
108,House,14435,3,7,MA,100,D,0,1,"MARKEY, Edward John",M000133,1946,,-0.516,-0.469,-98.68308,0.88765,828,39,,-0.533,-0.543,0
108,House,29729,3,3,MA,100,D,0,1,"McGOVERN, James P.",M000312,1959,,-0.538,-0.341,-102.50931,0.88382,830,42,,-0.539,-0.049,0
108,House,29358,3,5,MA,100,D,0,1,"MEEHAN, Martin Thomas",M000627,1956,,-0.39,-0.539,-105.61974,0.877,806,44,,-0.412,-0.385,1
108,House,15616,3,2,MA,100,D,0,1,"NEAL, Richard Edmund",N000015,1949,,-0.417,-0.106,-113.47999,0.87032,817,46,,-0.43,-0.093,0
108,House,29123,3,1,MA,100,D,0,1,"OLVER, John Walter",O000085,1936,2023,-0.577,-0.207,-117.2302,0.869,836,58,,-0.59,-0.064,0
108,House,29730,3,6,MA,100,D,0,1,"TIERNEY, John F.",T000266,1951,,-0.488,-0.433,-104.63651,0.88,822,43,,-0.539,-0.278,0
108,House,20327,45,5,LA,100,D,0,1,"ALEXANDER, Rodney",A000361,1946,,-0.085,0.926,-274.33927,0.719,832,120,,-0.084,0.871,1
108,House,15401,45,6,LA,200,R,0,1,"BAKER, Richard Hugh",B000072,1948,,0.423,0.022,-83.88149,0.901,806,33,,0.429,-0.027,0
108,House,29120,45,2,LA,100,D,0,1,"JEFFERSON, William Jennings",J000070,1947,,-0.424,0.242,-159.93615,0.814,775,70,,-0.389,0.215,0
108,House,29727,45,7,LA,100,D,0,1,"JOHN, Christopher",J000110,1960,,-0.12,0.735,-158.40876,0.811,754,60,,-0.113,0.729,0
108,House,15451,45,4,LA,200,R,0,1,"McCRERY, James O., III",M000388,1949,,0.362,0.08,-86.30138,0.898,804,31,,0.424,-0.12,0
108,House,94679,45,3,LA,200,R,0,1,"TAUZIN, Wilbert Joseph (Billy)",T000058,1943,,0.341,0.16,-54.00167,0.91,570,12,,0.368,0.067,0
108,House,29918,45,1,LA,200,R,0,1,"VITTER, David",V000127,1961,,0.495,0.323,-86.47811,0.899,808,34,,0.502,0.037,0
108,House,20326,51,6,KY,100,D,2,2,"CHANDLER, A. B. (Ben)",C001058,1959,,-0.232,0.516,-91.2787,0.772,352,38,,-0.207,0.46,0
108,House,29917,51,6,KY,200,R,1,1,"FLETCHER, Ernest L.",F000441,1952,,0.285,0.273,-51.39848,0.864,352,22,,0.241,0.163,0
108,House,29352,51,2,KY,200,R,0,1,"LEWIS, Ron",L000293,1946,,0.418,0.417,-104.52403,0.881,827,46,,0.413,0.279,0
108,House,29916,51,4,KY,100,D,0,1,"LUCAS, Ken",L000558,1933,,-0.058,0.721,-220.9448,0.766,827,86,,-0.087,0.563,0
108,House,29725,51,3,KY,200,R,0,1,"NORTHUP, Anne Meagher",N000143,1948,,0.335,-0.035,-101.80645,0.885,830,39,,0.34,0.016,0
108,House,14854,51,5,KY,200,R,0,1,"ROGERS, Harold Dallas (Hal)",R000395,1937,,0.333,0.152,-83.56344,0.90455,833,28,,0.359,0.095,0
108,House,29525,51,1,KY,200,R,0,1,"WHITFIELD, Wayne Edward (Ed)",W000413,1943,,0.303,0.182,-122.09423,0.859,805,45,,0.306,0.155,0
108,House,29915,32,3,KS,100,D,0,1,"MOORE, Dennis",M001140,1945,2021,-0.267,0.159,-186.49087,0.799,830,85,,-0.249,0.122,0
108,House,29722,32,1,KS,200,R,0,1,"MORAN, Jerry",M000934,1954,,0.414,0.219,-206.91888,0.78051,835,86,,0.384,0.309,0
108,House,29723,32,2,KS,200,R,0,1,"RYUN, Jim",R000566,1947,,0.547,0.267,-91.23482,0.893,808,39,,0.495,0.239,1
108,House,29524,32,4,KS,200,R,0,1,"TIAHRT, Todd",T000260,1951,,0.449,0.341,-92.90321,0.893,825,40,,0.434,0.226,0
108,House,15014,22,5,IN,200,R,0,1,"BURTON, Danny Lee",B001149,1938,,0.585,-0.026,-139.03886,0.836,775,58,,0.458,0.166,0
108,House,29350,22,4,IN,200,R,0,1,"BUYER, Stephen Earle",B001203,1958,,0.435,0.192,-93.99646,0.887,784,35,,0.429,0.127,0
108,House,29720,22,7,IN,100,D,0,1,"CARSON, Julia May",C000191,1938,2007,-0.464,-0.156,-99.55028,0.866,693,41,,-0.49,-0.01,0
108,House,20324,22,2,IN,200,R,0,1,"CHOCOLA, Chris",C001052,1962,,0.573,-0.164,-89.40736,0.899,842,35,,0.531,-0.13,0
108,House,29914,22,9,IN,100,D,0,1,"HILL, Baron P.",H001030,1953,,-0.121,0.137,-262.34297,0.731,839,106,,-0.262,0.334,1
108,House,29520,22,8,IN,200,R,0,1,"HOSTETTLER, John Nathan",H000807,1961,,0.705,0.077,-232.07809,0.758,837,92,,0.618,0.376,1
108,House,20117,22,6,IN,200,R,0,1,"PENCE, Mike",P000587,1959,,0.655,0.088,-90.55215,0.896,825,33,,0.655,0.047,0
108,House,29519,22,3,IN,200,R,0,1,"SOUDER, Mark Edward",S001143,1950,2022,0.435,-0.011,-114.75384,0.865,793,50,,0.427,-0.09,0
108,House,15124,22,1,IN,100,D,0,1,"VISCLOSKY, Peter",V000108,1949,,-0.402,0.244,-199.72774,0.7859,829,96,,-0.402,0.339,0
108,House,29912,21,13,IL,200,R,0,1,"BIGGERT, Judy Borg",B001232,1937,,0.323,-0.372,-152.508,0.834,841,66,,0.345,-0.573,0
108,House,15453,21,12,IL,100,D,0,1,"COSTELLO, Jerry Francis",C000794,1949,,-0.317,0.657,-245.47985,0.743,827,121,,-0.32,0.684,0
108,House,12041,21,8,IL,200,R,0,1,"CRANE, Philip Miller",C000873,1930,2014,0.739,0.023,-143.12421,0.84,822,70,,0.59,0.034,0
108,House,29717,21,7,IL,100,D,0,1,"DAVIS, Danny K.",D000096,1941,,-0.487,-0.266,-94.23193,0.88875,799,35,,-0.497,-0.297,0
108,House,20323,21,5,IL,100,D,0,1,"EMANUEL, Rahm",E000287,1959,,-0.372,-0.131,-117.35568,0.867,823,47,,-0.389,-0.18,0
108,House,15023,21,17,IL,100,D,0,1,"EVANS, Lane Allen",E000250,1951,2014,-0.454,-0.181,-155.27941,0.829,829,69,,-0.461,0.085,1
108,House,29348,21,4,IL,100,D,0,1,"GUTI√âRREZ, Luis V.",G000535,1953,,-0.487,-0.26,-98.77434,0.87567,744,42,,-0.473,-0.281,0
108,House,15417,21,14,IL,200,R,0,1,"HASTERT, John Dennis",H000323,1942,,0.443,-0.122,-5.46279,0.957,124,1,,0.488,0.029,0
108,House,14239,21,6,IL,200,R,0,1,"HYDE, Henry John",H001022,1924,2007,0.312,-0.18,-115.98364,0.858,756,44,,0.353,-0.067,0
108,House,29585,21,2,IL,100,D,0,1,"JACKSON, Jesse L., Jr.",J000283,1965,,-0.538,-0.513,-103.44578,0.884,842,47,,-0.568,-0.695,0
108,House,20116,21,15,IL,200,R,0,1,"JOHNSON, Timothy V.",J000285,1946,2022,0.264,-0.52,-219.88064,0.768,834,103,,0.169,-0.393,0
108,House,20115,21,10,IL,200,R,0,1,"KIRK, Mark Steven",K000360,1959,,0.274,-0.647,-125.68463,0.857,817,49,,0.301,-0.821,0
108,House,29517,21,18,IL,200,R,0,1,"LaHOOD, Ray H.",L000552,1945,,0.246,-0.076,-144.27474,0.833,790,57,,0.232,-0.044,0
108,House,15036,21,3,IL,100,D,0,1,"LIPINSKI, William Oliver",L000342,1937,,-0.176,0.3,-237.07384,0.717,712,111,,-0.194,0.347,0
108,House,29349,21,16,IL,200,R,0,1,"MANZULLO, Donald A.",M001138,1944,,0.51,0,-153.49667,0.83,825,69,,0.504,0.104,0
108,House,29346,21,1,IL,100,D,0,1,"RUSH, Bobby L.",R000515,1946,,-0.479,-0.203,-140.46662,0.83878,799,51,,-0.47,-0.339,0
108,House,29911,21,9,IL,100,D,0,1,"SCHAKOWSKY, Janice D.",S001145,1944,,-0.602,-0.291,-96.13418,0.89051,829,46,,-0.654,-0.239,0
108,House,29718,21,19,IL,200,R,0,1,"SHIMKUS, John M.",S000364,1958,,0.375,0.154,-215.79383,0.77057,828,88,,0.457,-0.066,0
108,House,29516,21,11,IL,200,R,0,1,"WELLER, Gerald C. (Jerry)",W000273,1957,,0.288,0.2,-184.58284,0.8,827,63,,0.344,0.035,0
108,House,20114,63,1,ID,200,R,0,1,"OTTER, C. L. (Butch)",O000166,1942,,0.692,0.057,-225.01245,0.765,838,86,,0.742,-0.057,0
108,House,29910,63,2,ID,200,R,0,1,"SIMPSON, Michael K.",S001148,1950,,0.296,0.312,-143.05341,0.84324,839,47,,0.353,-0.016,0
108,House,29721,31,3,IA,100,D,0,1,"BOSWELL, Leonard L.",B000652,1934,2018,-0.238,0.289,-185.34904,0.8,830,73,,-0.253,0.305,0
108,House,20325,31,5,IA,200,R,0,1,"KING, Steve",K000362,1949,,0.613,0.171,-92.9738,0.89379,828,39,,0.621,0.151,0
108,House,29522,31,4,IA,200,R,0,1,"LATHAM, Thomas",L000111,1948,,0.302,0.308,-124.10748,0.863,840,43,,0.285,0.162,0
108,House,14432,31,2,IA,200,R,0,1,"LEACH, James Albert Smith",L000169,1942,2024,0.141,-0.79,-228.70811,0.751,800,115,,0.059,-0.611,0
108,House,29118,31,1,IA,200,R,0,1,"NUSSLE, James Allen",N000172,1960,,0.417,-0.178,-135.97738,0.848,827,49,,0.366,-0.064,0
108,House,15245,82,1,HI,100,D,0,1,"ABERCROMBIE, Neil",A000014,1938,,-0.432,-0.026,-194.76218,0.787,814,68,,-0.396,-0.22,1
108,House,20322,82,2,HI,100,D,2,2,"CASE, Ed",C001055,1952,,-0.204,-0.081,-213.97452,0.76608,803,93,,-0.223,-0.216,0
108,House,29339,44,2,GA,100,D,0,1,"BISHOP, Sanford Dixon, Jr.",B000490,1947,,-0.287,0.447,-206.42119,0.77673,817,94,,-0.245,0.562,0
108,House,20320,44,12,GA,200,R,0,1,"BURNS, Max",B001249,1948,,0.365,0.136,-89.78999,0.898,835,29,,0.367,0.108,0
108,House,29340,44,8,GA,200,R,0,1,"COLLINS, Michael Allen (Mac)",C000640,1944,2018,0.536,0.324,-70.69203,0.904,702,24,,0.591,0.31,0
108,House,99342,44,10,GA,200,R,0,1,"DEAL, John Nathan",D000168,1942,,0.581,0.139,-85.92423,0.897,789,38,,0.612,0.229,0
108,House,20319,44,11,GA,200,R,0,1,"GINGREY, Phil",G000550,1942,,0.561,0.272,-96.46619,0.891,836,45,,0.477,0.217,1
108,House,29909,44,6,GA,200,R,0,1,"ISAKSON, Johnny",I000055,1944,2021,0.402,-0.011,-88.17014,0.8881,743,39,,0.514,-0.055,0
108,House,29338,44,1,GA,200,R,0,1,"KINGSTON, Jack",K000220,1955,,0.54,0.302,-106.65124,0.878,818,51,,0.507,0.419,0
108,House,15431,44,5,GA,100,D,0,1,"LEWIS, John R.",L000287,1940,2020,-0.589,-0.221,-103.31834,0.87799,794,48,,-0.626,-0.346,0
108,House,29341,44,7,GA,200,R,0,1,"LINDER, John Elmer",L000321,1942,,0.559,-0.008,-95.68293,0.889,813,33,,0.538,-0.148,0
108,House,20318,44,4,GA,100,D,0,1,"MAJETTE, Denise L.",M001145,1955,,-0.364,-0.128,-145.85868,0.821,738,62,,-0.362,-0.173,0
108,House,20317,44,3,GA,100,D,0,1,"MARSHALL, Jim",M001146,1948,,-0.119,0.803,-245.29739,0.736,800,106,,-0.14,0.581,1
108,House,29513,44,9,GA,200,R,0,1,"NORWOOD, Charles W., Jr.",N000159,1941,2007,0.533,0.469,-102.8097,0.874,765,40,,0.59,0.418,0
108,House,20321,44,13,GA,100,D,0,1,"SCOTT, David",S001157,1945,,-0.304,0.169,-283.47182,0.70951,826,125,,-0.201,0.286,0
108,House,15006,43,9,FL,200,R,0,1,"BILIRAKIS, Michael",B000463,1930,,0.382,-0.219,-133.04613,0.853,834,68,,0.419,-0.061,0
108,House,29713,43,2,FL,100,D,0,1,"BOYD, F. Allen, Jr.",B000716,1945,,-0.181,0.414,-211.39754,0.768,799,103,,-0.133,0.476,0
108,House,20313,43,5,FL,200,R,0,1,"BROWN-WAITE, Virginia (Ginny)",B001247,1943,,0.36,0.084,-144.40107,0.836,804,64,,0.362,0.375,0
108,House,29328,43,3,FL,100,D,0,1,"BROWN, Corrine",B000911,1946,,-0.429,0.192,-135.751,0.842,790,58,,-0.422,0.101,0
108,House,20111,43,4,FL,200,R,0,1,"CRENSHAW, Ander",C001045,1944,,0.333,0.337,-80.83088,0.908,840,17,,0.354,0.053,0
108,House,29714,43,11,FL,100,D,0,1,"DAVIS, Jim",D000114,1957,,-0.278,0.025,-165.19859,0.818,822,61,,-0.275,-0.121,0
108,House,29335,43,20,FL,100,D,0,1,"DEUTSCH, Peter R.",D000275,1957,,-0.324,-0.115,-127.16494,0.834,700,53,,-0.333,-0.081,0
108,House,29336,43,21,FL,200,R,0,1,"DIAZ-BALART, Lincoln",D000299,1954,2025,0.243,-0.105,-126.55196,0.855,807,45,,0.332,-0.265,0
108,House,20316,43,25,FL,200,R,0,1,"DIAZ-BALART, Mario",D000600,1961,,0.281,0.158,-168.23577,0.81732,834,64,,0.499,-0.312,0
108,House,20315,43,24,FL,200,R,0,1,"FEENEY, Tom",F000447,1958,,0.641,-0.09,-92.15027,0.893,813,32,,0.666,-0.041,0
108,House,29510,43,16,FL,200,R,0,1,"FOLEY, Mark A.",F000238,1954,,0.311,-0.381,-120.99955,0.864,827,50,,0.332,-0.304,0
108,House,15605,43,14,FL,200,R,0,1,"GOSS, Porter J.",G000336,1938,,0.421,-0.394,-102.83639,0.866,715,38,,0.368,-0.125,0
108,House,20314,43,13,FL,200,R,0,1,"HARRIS, Katherine",H001035,1957,,0.452,-0.238,-89.61197,0.897,827,30,,0.431,-0.153,0
108,House,29337,43,23,FL,100,D,0,1,"HASTINGS, Alcee Lamar",H000324,1936,2021,-0.564,0.157,-134.72548,0.82027,680,48,,-0.579,0.05,0
108,House,20112,43,8,FL,200,R,0,1,"KELLER, Richard (Ric)",K000361,1964,,0.458,-0.068,-82.89215,0.904,817,37,,0.492,0.103,0
108,House,20358,43,17,FL,100,D,0,1,"MEEK, Kendrick B.",M001148,1966,,-0.363,0.108,-156.57578,0.82,790,62,,-0.382,-0.051,1
108,House,29331,43,7,FL,200,R,0,1,"MICA, John L.",M000689,1943,,0.453,0.137,-86.59016,0.9,824,39,,0.394,0.126,0
108,House,20110,43,1,FL,200,R,0,1,"MILLER, Jefferson B. (Jeff)",M001144,1959,,0.633,0.155,-123.3641,0.857,797,61,,0.755,0.175,1
108,House,20113,43,12,FL,200,R,0,1,"PUTNAM, Adam",P000586,1974,,0.414,0.14,-89.95372,0.896,815,27,,0.421,0.098,0
108,House,15634,43,18,FL,200,R,0,1,"ROS-LEHTINEN, Ileana",R000435,1952,,0.244,-0.225,-114.39215,0.86551,792,43,,0.31,-0.301,0
108,House,14860,43,22,FL,200,R,0,1,"SHAW, Eugene Clay, Jr.",S000303,1939,2013,0.3,-0.142,-92.57524,0.895,833,34,,0.305,-0.074,0
108,House,15627,43,6,FL,200,R,0,1,"STEARNS, Clifford Bundy",S000822,1941,,0.554,-0.075,-185.9364,0.8,835,80,,0.655,-0.091,0
108,House,29509,43,15,FL,200,R,0,1,"WELDON, David Joseph",W000267,1953,,0.471,0.146,-110.8099,0.874,824,53,,0.437,0.21,0
108,House,29715,43,19,FL,100,D,0,1,"WEXLER, Robert",W000314,1961,,-0.392,-0.193,-123.54187,0.852,773,46,,-0.407,-0.318,0
108,House,13047,43,10,FL,200,R,0,1,"YOUNG, Charles William (Bill)",Y000031,1930,2013,0.325,-0.112,-112.75364,0.867,787,40,,0.345,-0.112,0
108,House,29327,11,1,DE,200,R,0,1,"CASTLE, Michael Newbold",C000243,1939,,0.229,-0.7,-225.84921,0.764,840,95,,0.164,-0.655,0
108,House,29109,1,3,CT,100,D,0,1,"DeLAURO, Rosa L.",D000216,1943,,-0.414,-0.107,-102.28041,0.88497,837,42,,-0.459,-0.047,0
108,House,15028,1,5,CT,200,R,0,1,"JOHNSON, Nancy Lee",J000163,1935,,0.122,-0.513,-188.52459,0.792,807,78,,0.269,-0.838,0
108,House,29908,1,1,CT,100,D,0,1,"LARSON, John B.",L000557,1948,,-0.396,-0.038,-128.04931,0.85444,814,56,,-0.431,-0.054,1
108,House,15449,1,4,CT,200,R,0,1,"SHAYS, Christopher H.",S001144,1945,,0.129,-0.992,-223.37278,0.764,831,94,,0.168,-0.986,0
108,House,20109,1,2,CT,200,R,0,1,"SIMMONS, Robert (Rob)",S001152,1943,,0.171,-0.566,-181.14379,0.803,825,73,,0.181,-0.606,1
108,House,20312,62,7,CO,200,R,0,1,"BEAUPREZ, Bob",B001240,1948,,0.523,-0.102,-95.86149,0.892,837,32,,0.506,-0.172,0
108,House,29710,62,1,CO,100,D,0,1,"DeGETTE, Diana",D000197,1957,,-0.431,-0.308,-114.43072,0.86515,790,44,,-0.441,-0.312,0
108,House,15419,62,5,CO,200,R,0,1,"HEFLEY, Joel M.",H000444,1935,,0.591,0.13,-316.57593,0.683,831,121,,0.667,0.249,1
108,House,29326,62,3,CO,200,R,0,1,"McINNIS, Scott",M000477,1953,,0.391,-0.083,-128.5974,0.841,743,57,,0.502,-0.024,0
108,House,20311,62,4,CO,200,R,0,1,"MUSGRAVE, Marilyn N",M001152,1949,,0.565,0.223,-114.95049,0.871,833,50,,0.637,0.249,0
108,House,29907,62,6,CO,200,R,0,1,"TANCREDO, Thomas G.",T000458,1945,,0.75,-0.022,-226.88857,0.754,805,84,,0.714,0.386,0
108,House,29906,62,2,CO,100,D,0,1,"UDALL, Mark",U000038,1950,,-0.353,0.049,-183.64529,0.793,792,82,,-0.42,0.064,0
108,House,29942,71,43,CA,100,D,0,1,"BACA, Joe",B001234,1947,,-0.349,0.292,-156.61826,0.828,832,68,,-0.325,0.302,0
108,House,29316,71,31,CA,100,D,0,1,"BECERRA, Xavier",B000287,1958,,-0.512,-0.283,-96.60297,0.88731,808,42,,-0.467,-0.376,0
108,House,15005,71,28,CA,100,D,0,1,"BERMAN, Howard Lawrence",B000410,1941,,-0.404,-0.286,-113.10875,0.86,748,47,,-0.388,-0.45,0
108,House,29775,71,45,CA,200,R,0,1,"BONO, Mary",B001228,1961,,0.353,-0.218,-148.39881,0.834,817,61,,0.297,-0.389,0
108,House,29323,71,44,CA,200,R,0,1,"CALVERT, Ken",C000059,1953,,0.339,0.276,-74.20691,0.91438,829,21,,0.326,0.039,1
108,House,29774,71,23,CA,100,D,0,1,"CAPPS, Lois",C001036,1938,,-0.389,-0.227,-102.4837,0.883,827,43,,-0.43,-0.292,0
108,House,20306,71,18,CA,100,D,0,1,"CARDOZA, Dennis A.",C001050,1959,,-0.262,0.609,-193.98551,0.791,826,90,,-0.229,0.379,0
108,House,15601,71,48,CA,200,R,0,1,"COX, Charles Christopher",C000830,1952,,0.54,-0.236,-99.46958,0.882,790,35,,0.569,-0.24,0
108,House,29107,71,50,CA,200,R,0,1,"CUNNINGHAM, Randall (Duke)",C000994,1941,,0.411,0.001,-95.9702,0.89,823,37,,0.374,0.133,0
108,House,20108,71,53,CA,100,D,0,1,"DAVIS, Susan A.",D000598,1944,,-0.343,-0.103,-122.46037,0.86434,840,48,,-0.318,-0.282,1
108,House,29105,71,20,CA,100,D,0,1,"DOOLEY, Calvin M.",D000424,1954,,-0.19,0.103,-223.12803,0.749,771,103,,-0.165,0.036,0
108,House,29104,71,4,CA,200,R,0,1,"DOOLITTLE, John Taylor",D000429,1950,,0.519,0.156,-108.38245,0.875,814,40,,0.438,0.213,0
108,House,14813,71,26,CA,200,R,0,1,"DREIER, David Timothy",D000492,1952,,0.478,-0.084,-133.54968,0.849,816,61,,0.381,-0.283,0
108,House,29312,71,14,CA,100,D,0,1,"ESHOO, Anna Georges",E000215,1942,,-0.379,-0.372,-111.78009,0.86975,801,50,,-0.397,-0.496,0
108,House,29313,71,17,CA,100,D,0,1,"FARR, Sam",F000030,1941,,-0.455,-0.219,-128.52198,0.857,832,52,,-0.507,-0.399,0
108,House,29325,71,51,CA,100,D,0,1,"FILNER, Bob",F000116,1942,2025,-0.652,0.002,-107.4118,0.873,794,36,,-0.67,0.212,0
108,House,15413,71,24,CA,200,R,0,1,"GALLEGLY, Elton W.",G000021,1944,,0.402,-0.1,-90.71859,0.892,791,40,,0.372,-0.043,0
108,House,29318,71,36,CA,100,D,0,1,"HARMAN, Jane L.",H000213,1945,,-0.262,-0.12,-159.62718,0.819,799,61,,-0.292,-0.199,0
108,House,15420,71,2,CA,200,R,0,1,"HERGER, Walter William (Wally)",H000528,1945,,0.551,0.117,-85.30784,0.901,815,25,,0.577,0.034,0
108,House,20103,71,15,CA,100,D,0,1,"HONDA, Mike",H001034,1941,,-0.529,-0.482,-118.02619,0.863,804,55,,-0.507,-0.533,0
108,House,14835,71,52,CA,200,R,0,1,"HUNTER, Duncan Lee",H000981,1948,,0.47,0.02,-118.47477,0.859,780,53,,0.428,0.247,1
108,House,20107,71,49,CA,200,R,0,1,"ISSA, Darrell",I000056,1953,,0.478,0.023,-102.27072,0.88193,814,44,,0.37,-0.013,0
108,House,14837,71,12,CA,100,D,0,1,"LANTOS, Thomas Peter",L000090,1928,2008,-0.376,-0.033,-111.57254,0.87,799,43,,-0.394,-0.09,0
108,House,29778,71,9,CA,100,D,0,1,"LEE, Barbara",L000551,1946,,-0.676,-0.582,-82.73294,0.90392,819,27,,-0.671,-0.741,0
108,House,14644,71,41,CA,200,R,0,1,"LEWIS, Charles Jeremy (Jerry)",L000274,1934,2021,0.348,-0.101,-95.34163,0.89,820,30,,0.341,-0.059,0
108,House,29504,71,16,CA,100,D,0,1,"LOFGREN, Zoe",L000397,1947,,-0.397,-0.404,-155.68727,0.82533,811,66,,-0.431,-0.636,0
108,House,14649,71,5,CA,100,D,0,1,"MATSUI, Robert T.",M000249,1941,2005,-0.404,-0.03,-113.41169,0.866,787,43,,-0.391,-0.29,0
108,House,29315,71,25,CA,200,R,0,1,"McKEON, Howard P. (Buck)",M000508,1938,,0.396,0.208,-104.61358,0.88,816,41,,0.379,-0.023,1
108,House,29586,71,37,CA,100,D,0,1,"MILLENDER-McDONALD, Juanita",M000714,1938,2007,-0.438,-0.16,-103.36984,0.867,727,41,,-0.433,-0.17,0
108,House,29905,71,42,CA,200,R,0,1,"MILLER, Gary G.",M001139,1948,,0.478,0.222,-103.8886,0.879,802,45,,0.539,0.089,0
108,House,14256,71,7,CA,100,D,0,1,"MILLER, George",M000725,1945,,-0.552,-0.398,-115.65551,0.864,794,51,,-0.607,-0.088,0
108,House,29903,71,38,CA,100,D,0,1,"NAPOLITANO, Grace Flores",N000179,1936,,-0.448,-0.247,-98.82075,0.88737,827,37,,-0.436,-0.255,0
108,House,20307,71,21,CA,200,R,0,1,"NUNES, Devin",N000181,1973,,0.45,0.223,-93.82645,0.89287,828,41,,0.389,-0.04,0
108,House,29902,71,3,CA,200,R,0,1,"OSE, Doug",O000164,1955,,0.289,-0.316,-177.52652,0.809,836,74,,0.356,-0.417,0
108,House,15448,71,8,CA,100,D,0,1,"PELOSI, Nancy",P000197,1940,,-0.489,-0.18,-94.37454,0.89078,816,40,,-0.477,-0.154,0
108,House,29311,71,11,CA,200,R,0,1,"POMBO, Richard William",P000419,1961,,0.461,0.469,-109.60379,0.876,829,46,,0.428,0.268,0
108,House,29505,71,19,CA,200,R,0,1,"RADANOVICH, George P.",R000004,1955,,0.484,0.18,-115.31324,0.866,802,48,,0.445,-0.003,0
108,House,15621,71,46,CA,200,R,0,1,"ROHRABACHER, Dana",R000409,1947,,0.626,-0.417,-215.77832,0.77083,829,91,,0.707,-0.44,0
108,House,29317,71,34,CA,100,D,0,1,"ROYBAL-ALLARD, Lucille",R000486,1941,,-0.469,-0.171,-86.06156,0.8992,810,30,,-0.435,-0.349,0
108,House,29321,71,40,CA,200,R,0,1,"ROYCE, Edward Randall",R000487,1951,,0.657,-0.353,-162.43447,0.82108,824,76,,0.717,-0.452,0
108,House,20310,71,39,CA,100,D,0,1,"S√ÅNCHEZ, Linda T.",S001156,1969,,-0.508,-0.132,-85.10685,0.90119,818,28,,-0.504,-0.204,0
108,House,29709,71,47,CA,100,D,0,1,"SANCHEZ, Loretta",S000030,1960,,-0.367,0.025,-142.58928,0.84,817,57,,-0.395,-0.08,1
108,House,20104,71,29,CA,100,D,0,1,"SCHIFF, Adam",S001150,1960,,-0.353,-0.109,-113.37005,0.87304,835,45,,-0.343,-0.213,0
108,House,29707,71,27,CA,100,D,0,1,"SHERMAN, Brad",S000344,1954,,-0.344,-0.137,-127.65607,0.8576,831,53,,-0.404,-0.193,0
108,House,20105,71,32,CA,100,D,0,1,"SOLIS, Hilda L.",S001153,1957,,-0.508,-0.312,-84.54491,0.902,824,29,,-0.518,-0.337,0
108,House,14053,71,13,CA,100,D,0,1,"STARK, Fortney Hillman (Pete), Jr.",S000810,1931,2020,-0.631,-0.605,-94.12985,0.888,793,39,,-0.691,-0.653,0
108,House,29705,71,10,CA,100,D,0,1,"TAUSCHER, Ellen O'Kane",T000057,1951,2019,-0.308,-0.169,-152.3006,0.835,843,57,,-0.327,-0.263,1
108,House,14669,71,22,CA,200,R,0,1,"THOMAS, William Marshall",T000188,1941,,0.371,-0.277,-112.55763,0.872,821,40,,0.377,-0.3,0
108,House,29901,71,1,CA,100,D,0,1,"THOMPSON, Michael",T000460,1951,,-0.392,0.072,-204.35856,0.78314,836,98,,-0.369,0.18,0
108,House,29106,71,35,CA,100,D,0,1,"WATERS, Maxine",W000187,1938,,-0.656,-0.094,-112.42069,0.86736,790,43,,-0.682,0.023,0
108,House,20106,71,33,CA,100,D,0,1,"WATSON, Diane Edith",W000794,1933,,-0.531,-0.351,-104.34486,0.879,807,37,,-0.532,-0.525,0
108,House,14280,71,30,CA,100,D,0,1,"WAXMAN, Henry Arnold",W000215,1939,,-0.473,-0.343,-96.0244,0.88,754,40,,-0.485,-0.498,0
108,House,29309,71,6,CA,100,D,0,1,"WOOLSEY, Lynn C.",W000738,1937,,-0.556,-0.529,-100.0691,0.881,791,47,,-0.624,-0.514,0
108,House,20100,61,6,AZ,200,R,0,1,"FLAKE, Jeff",F000444,1962,,0.855,-0.518,-213.40079,0.77424,834,83,,0.936,-0.351,0
108,House,20304,61,2,AZ,200,R,0,1,"FRANKS, Trent",F000448,1957,,0.749,0.087,-102.74523,0.88461,838,40,,0.908,-0.418,1
108,House,20305,61,7,AZ,100,D,0,1,"GRIJALVA, Ra√∫l M.",G000551,1948,,-0.598,-0.264,-88.44396,0.8995,835,35,,-0.595,-0.214,0
108,House,29502,61,5,AZ,200,R,0,1,"HAYWORTH, John D., Jr.",H000413,1958,,0.559,-0.018,-131.35246,0.851,815,61,,0.519,0.054,0
108,House,15105,61,8,AZ,200,R,0,1,"KOLBE, James Thomas",K000306,1942,2022,0.351,-0.534,-186.28189,0.8,835,80,,0.35,-0.66,0
108,House,29101,61,4,AZ,100,D,0,1,"PASTOR, Ed",P000099,1943,2018,-0.421,0.12,-161.85141,0.818,808,77,,-0.445,0.09,0
108,House,20303,61,1,AZ,200,R,0,1,"RENZI, Rick",R000574,1958,,0.265,0.199,-147.75444,0.839,841,60,,0.292,0.245,0
108,House,29501,61,3,AZ,200,R,0,1,"SHADEGG, John B.",S000275,1949,,0.749,0.008,-103.83425,0.883,836,41,,0.774,-0.136,0
108,House,29702,42,1,AR,100,D,0,1,"BERRY, Robert Marion",B000420,1942,2023,-0.293,0.956,-212.81114,0.773,825,90,,-0.321,0.947,0
108,House,20101,42,3,AR,200,R,0,1,"BOOZMAN, John",B001236,1950,,0.427,0.338,-89.65397,0.89888,841,34,,0.393,0.172,0
108,House,20102,42,4,AR,100,D,0,1,"ROSS, Michael Avery",R000573,1961,,-0.201,0.89,-160.55485,0.826,841,56,,-0.265,0.694,0
108,House,29703,42,2,AR,100,D,0,1,"SNYDER, Victor F.",S000672,1947,,-0.268,0.055,-175.53359,0.808,821,81,,-0.244,-0.003,1
108,House,29701,41,4,AL,200,R,0,1,"ADERHOLT, Robert",A000055,1965,,0.405,0.467,-140.59827,0.84226,819,62,,0.377,0.327,0
108,House,29301,41,6,AL,200,R,0,1,"BACHUS, Spencer T., III",B000013,1947,,0.387,0.228,-115.19369,0.867,810,49,,0.403,0.049,0
108,House,20300,41,1,AL,200,R,0,1,"BONNER, Jr., Josiah Robins (Jo)",B001244,1959,,0.367,0.513,-88.99993,0.895,805,35,,0.413,0.199,0
108,House,29100,41,5,AL,100,D,0,1,"CRAMER, Robert E. (Bud), Jr.",C000868,1947,,-0.132,0.612,-187.7917,0.793,810,85,,-0.08,0.595,0
108,House,20302,41,7,AL,100,D,0,1,"DAVIS, Artur",D000602,1967,,-0.27,0.454,-183.92616,0.801,830,89,,-0.293,0.315,0
108,House,29300,41,2,AL,200,R,0,1,"EVERETT, Robert Terry",E000268,1937,2024,0.414,0.528,-132.28031,0.848,802,61,,0.493,0.554,1
108,House,20301,41,3,AL,200,R,0,1,"ROGERS, Mike Dennis",R000575,1958,,0.379,0.377,-85.60477,0.90256,835,30,,0.352,0.275,1
108,House,14066,81,1,AK,200,R,0,1,"YOUNG, Donald Edwin",Y000033,1933,2022,0.283,0.022,-98.78416,0.87113,716,32,,0.353,0.142,0
109,House,29584,68,1,WY,200,R,0,1,"CUBIN, Barbara L.",C000962,1946,,0.501,0.345,-156.89263,0.825,815,63,,0.485,0.303,0
109,House,20146,56,2,WV,200,R,0,1,"CAPITO, Shelley Moore",C001047,1953,,0.282,0.144,-143.95071,0.84815,874,61,,0.255,-0.03,0
109,House,15083,56,1,WV,100,D,0,1,"MOLLOHAN, Alan Bowlby",M000844,1943,,-0.292,0.657,-288.71089,0.714,858,139,,-0.286,0.502,0
109,House,14448,56,3,WV,100,D,0,1,"RAHALL, Nick Joe, II",R000011,1949,,-0.306,0.45,-279.09849,0.728,880,127,,-0.372,0.585,0
109,House,29940,25,2,WI,100,D,0,1,"BALDWIN, Tammy",B001230,1962,,-0.488,-0.13,-143.94645,0.85113,893,67,,-0.568,-0.208,0
109,House,29941,25,8,WI,200,R,0,1,"GREEN, Mark",G000545,1960,,0.456,-0.294,-340.14609,0.674,863,150,,0.433,-0.383,0
109,House,29769,25,3,WI,100,D,0,1,"KIND, Ron",K000188,1963,,-0.26,-0.08,-206.00817,0.78958,872,78,,-0.29,0.05,0
109,House,20537,25,4,WI,100,D,0,1,"MOORE, Gwendolynne S. (Gwen)",M001160,1951,,-0.522,-0.272,-135.84562,0.85497,867,67,,-0.483,-0.423,0
109,House,12036,25,7,WI,100,D,0,1,"OBEY, David Ross",O000007,1938,,-0.45,-0.063,-214.93907,0.779,859,87,,-0.475,0.188,0
109,House,14675,25,6,WI,200,R,0,1,"PETRI, Thomas Evert",P000265,1940,,0.379,-0.367,-318.94042,0.698,888,162,,0.57,-0.638,0
109,House,29939,25,1,WI,200,R,0,1,"RYAN, Paul D.",R000570,1970,,0.556,-0.25,-180.60485,0.8154,885,82,,0.604,-0.397,0
109,House,14657,25,5,WI,200,R,0,1,"SENSENBRENNER, Frank James, Jr.",S000244,1943,,0.638,-0.579,-236.64977,0.76256,873,104,,0.722,-0.653,0
109,House,29938,73,3,WA,100,D,0,1,"BAIRD, Brian",B001229,1956,,-0.342,0.257,-249.48439,0.747,855,108,,-0.384,0.167,0
109,House,14413,73,6,WA,100,D,0,1,"DICKS, Norman DeValois",D000327,1940,,-0.312,0.11,-185.93077,0.809,879,71,,-0.27,-0.175,0
109,House,29580,73,4,WA,200,R,0,1,"HASTINGS, Richard Norman (Doc)",H000329,1941,,0.416,0.411,-125.63291,0.864,857,47,,0.395,0.186,0
109,House,29937,73,1,WA,100,D,0,1,"INSLEE, Jay Robert",I000026,1951,,-0.33,-0.194,-169.22587,0.826,886,71,,-0.36,-0.431,0
109,House,20145,73,2,WA,100,D,0,1,"LARSEN, Richard Ray (Rick)",L000560,1965,,-0.365,0.164,-179.16695,0.81673,885,78,,-0.347,0.119,1
109,House,15613,73,7,WA,100,D,0,1,"McDERMOTT, James A.",M000404,1936,,-0.666,-0.197,-118.66188,0.872,866,49,,-0.758,-0.348,0
109,House,20535,73,5,WA,200,R,0,1,"McMORRIS RODGERS, Cathy",M001159,1969,,0.436,0.098,-117.24771,0.87378,869,46,,0.442,0.264,1
109,House,20536,73,8,WA,200,R,0,1,"REICHERT, David G.",R000578,1950,,0.224,-0.146,-212.78191,0.78457,877,89,,0.227,-0.268,0
109,House,29768,73,9,WA,100,D,0,1,"SMITH, Adam",S000510,1965,,-0.291,-0.166,-204.78265,0.79154,876,86,,-0.277,-0.235,1
109,House,29147,6,1,VT,328,I,0,1,"SANDERS, Bernard",S000033,1941,,-0.543,-0.421,-166.80095,0.82626,874,62,,-0.449,-0.113,0
109,House,15010,40,9,VA,100,D,0,1,"BOUCHER, Frederick C.",B000657,1946,,-0.265,0.189,-238.11263,0.761,873,116,,-0.219,0.177,0
109,House,20144,40,7,VA,200,R,0,1,"CANTOR, Eric",C001046,1963,,0.518,0.191,-128.61599,0.864,882,63,,0.468,0.178,0
109,House,20141,40,1,VA,200,R,0,1,"DAVIS, Jo Ann",D000597,1950,2007,0.426,0.173,-230.38427,0.752,807,103,,0.446,-0.04,1
109,House,29576,40,11,VA,200,R,0,1,"DAVIS, Thomas M., III",D000136,1949,,0.282,-0.404,-182.84384,0.806,849,71,,0.324,-0.422,0
109,House,20534,40,2,VA,200,R,0,1,"DRAKE, Thelma D.",D000605,1949,,0.402,0.287,-102.27282,0.892,891,38,,0.375,0.252,1
109,House,20143,40,4,VA,200,R,0,1,"FORBES, J. Randy",F000445,1952,,0.407,0.218,-137.09873,0.855,878,60,,0.38,0.211,1
109,House,89767,40,5,VA,200,R,0,1,"GOODE, Virgil H., Jr.",G000280,1946,,0.439,0.633,-219.2675,0.779,879,76,,0.378,0.606,0
109,House,39308,40,6,VA,200,R,0,1,"GOODLATTE, Robert William",G000289,1952,,0.496,-0.002,-127.06092,0.86751,894,47,,0.434,0.386,0
109,House,29149,40,8,VA,100,D,0,1,"MORAN, James P.",M000933,1945,,-0.302,-0.203,-236.20244,0.759,855,101,,-0.338,-0.336,0
109,House,39307,40,3,VA,100,D,0,1,"SCOTT, Robert C.",S000185,1947,,-0.45,-0.003,-180.95824,0.8147,883,77,,-0.5,-0.141,0
109,House,14869,40,10,VA,200,R,0,1,"WOLF, Frank Rudolph",W000672,1939,,0.284,-0.213,-179.23053,0.816,883,71,,0.3,-0.26,0
109,House,20357,67,1,UT,200,R,0,1,"BISHOP, Robert (Rob)",B001250,1951,,0.537,0.105,-142.08448,0.84656,853,60,,0.514,0.239,0
109,House,29766,67,3,UT,200,R,0,1,"CANNON, Christopher B.",C000116,1950,2024,0.596,0.017,-143.71534,0.837,805,62,,0.55,0.019,0
109,House,20140,67,2,UT,100,D,0,1,"MATHESON, James David (Jim)",M001142,1960,,-0.115,0.546,-405.24972,0.634,889,155,,-0.151,0.493,0
109,House,15085,49,6,TX,200,R,0,1,"BARTON, Joe Linus",B000213,1949,,0.528,0.047,-167.41971,0.81949,841,67,,0.519,0.074,0
109,House,39302,49,23,TX,200,R,0,1,"BONILLA, Henry",B000617,1954,,0.4,0.136,-134.92771,0.859,886,47,,0.419,0.297,0
109,House,29760,49,8,TX,200,R,0,1,"BRADY, Kevin Patrick",B000755,1955,,0.52,0.239,-121.94395,0.86693,854,45,,0.503,0.352,0
109,House,20355,49,26,TX,200,R,0,1,"BURGESS, Michael C.",B001248,1950,,0.565,-0.164,-180.82895,0.81482,883,92,,0.439,0.192,0
109,House,20356,49,31,TX,200,R,0,1,"CARTER, John R.",C001051,1941,,0.486,0.552,-120.10187,0.87022,864,54,,0.447,0.368,0
109,House,20531,49,11,TX,200,R,0,1,"CONAWAY, K. Michael",C001062,1948,,0.593,0.367,-147.31685,0.84257,860,60,,0.482,0.322,1
109,House,20533,49,28,TX,100,D,0,1,"CUELLAR, Henry",C001063,1955,,-0.225,0.634,-221.29693,0.77358,862,99,,-0.172,0.719,0
109,House,20139,49,7,TX,200,R,0,1,"CULBERSON, John",C001048,1956,,0.503,0.366,-124.89671,0.86365,852,55,,0.476,0.322,0
109,House,15094,49,22,TX,200,R,1,1,"DeLAY, Thomas Dale",D000217,1947,,0.593,0.059,-100.22745,0.852,624,53,,0.454,0.222,0
109,House,29571,49,25,TX,100,D,0,1,"DOGGETT, Lloyd Alton, II",D000399,1946,,-0.403,-0.33,-157.39698,0.83451,870,69,,-0.441,-0.156,0
109,House,29144,49,17,TX,100,D,0,1,"EDWARDS, Thomas Chester (Chet)",E000063,1951,,-0.226,0.5,-221.63001,0.778,881,110,,-0.2,0.652,0
109,House,20527,49,1,TX,200,R,0,1,"GOHMERT, Louie",G000552,1953,,0.644,-0.406,-217.62343,0.77057,835,85,,0.557,0.195,0
109,House,29943,49,20,TX,100,D,0,1,"GONZALEZ, Charles A.",G000544,1945,,-0.347,0.262,-192.29413,0.802,873,87,,-0.309,0.193,0
109,House,29762,49,12,TX,200,R,0,1,"GRANGER, Kay",G000377,1943,,0.403,0.243,-131.42091,0.8601,872,44,,0.389,0.09,0
109,House,20529,49,9,TX,100,D,0,1,"GREEN, Al",G000553,1947,,-0.446,0.263,-153.55792,0.8412,888,51,,-0.432,0.291,0
109,House,39304,49,29,TX,100,D,0,1,"GREEN, Raymond Eugene (Gene)",G000410,1947,,-0.324,0.453,-255.94026,0.74438,867,118,,-0.327,0.583,0
109,House,94828,49,4,TX,200,R,0,1,"HALL, Ralph Moody",H000067,1923,2019,0.424,0.308,-162.1447,0.832,880,64,,0.401,0.26,0
109,House,20352,49,5,TX,200,R,0,1,"HENSARLING, Jeb",H001036,1957,,0.703,0.04,-145.84119,0.84901,891,65,,0.773,-0.14,0
109,House,29763,49,15,TX,100,D,0,1,"HINOJOSA, Rub√©n",H000636,1940,,-0.34,0.235,-214.2292,0.763,791,98,,-0.289,0.488,0
109,House,29573,49,18,TX,100,D,0,1,"JACKSON LEE, Sheila",J000032,1950,,-0.459,0.121,-187.30559,0.79906,835,80,,-0.491,0.213,0
109,House,39305,49,30,TX,100,D,0,1,"JOHNSON, Eddie Bernice",J000126,1934,2023,-0.485,0.198,-158.21758,0.83441,874,65,,-0.494,0.132,0
109,House,29143,49,3,TX,200,R,0,1,"JOHNSON, Sam",J000174,1930,2020,0.61,0.277,-108.71388,0.87382,806,47,,0.664,0.337,0
109,House,20532,49,24,TX,200,R,0,1,"MARCHANT, Kenny",M001158,1951,,0.6,0.154,-126.83027,0.86492,874,54,,0.504,0.336,0
109,House,20530,49,10,TX,200,R,0,1,"McCAUL, Michael T.",M001157,1962,,0.411,0.172,-131.17467,0.86093,876,55,,0.38,0.223,0
109,House,20353,49,19,TX,200,R,0,1,"NEUGEBAUER, Randy",N000182,1949,,0.628,0.322,-108.58559,0.885,892,42,,0.631,0.336,0
109,House,15049,49,27,TX,100,D,0,1,"ORTIZ, Solomon P.",O000107,1937,,-0.272,0.712,-178.82089,0.808,838,80,,-0.283,0.702,1
109,House,14290,49,14,TX,200,R,0,1,"PAUL, Ronald Ernest",P000583,1935,,0.863,-0.505,-727.61348,0.416,830,264,,0.879,-0.477,0
109,House,20528,49,2,TX,200,R,0,1,"POE, Ted",P000592,1948,,0.594,-0.029,-225.55359,0.76954,861,97,,0.549,0.093,0
109,House,29764,49,16,TX,100,D,0,1,"REYES, Silvestre",R000170,1944,,-0.321,0.304,-175.48399,0.803,799,81,,-0.299,0.506,1
109,House,20541,49,22,TX,200,R,2,2,"SEKULA GIBBS, Shelley",S001166,1953,,,,,,,,,0.468,0.196,0
109,House,29759,49,32,TX,200,R,0,1,"SESSIONS, Pete",S000250,1955,,0.585,0.171,-98.72287,0.88336,796,43,,0.64,0.183,0
109,House,15445,49,21,TX,200,R,0,1,"SMITH, Lamar Seeligson",S000583,1947,,0.425,0.061,-105.88771,0.88441,862,35,,0.379,0.355,0
109,House,29572,49,13,TX,200,R,0,1,"THORNBERRY, William McClellan (Mac)",T000238,1958,,0.525,0.313,-148.70801,0.84597,889,68,,0.543,0.275,1
109,House,20351,54,7,TN,200,R,0,1,"BLACKBURN, Marsha",B001243,1952,,0.632,0.14,-130.08815,0.86359,887,52,,0.673,-0.022,0
109,House,15019,54,5,TN,100,D,0,1,"COOPER, James Hayes Shofner",C000754,1954,,-0.164,-0.033,-504.07879,0.56061,871,162,,-0.288,0.323,1
109,House,20350,54,4,TN,100,D,0,1,"DAVIS, Lincoln",D000599,1943,,-0.205,0.854,-236.66773,0.765,882,100,,-0.167,0.813,0
109,House,15455,54,2,TN,200,R,0,1,"DUNCAN, John J., Jr.",D000533,1947,,0.604,-0.476,-321.95861,0.6898,867,131,,0.72,-0.272,0
109,House,29756,54,9,TN,100,D,0,1,"FORD, Harold, Jr.",F000262,1970,,-0.359,0.311,-265.77201,0.71,776,111,,-0.315,0.552,0
109,House,15100,54,6,TN,100,D,0,1,"GORDON, Barton Jennings",G000309,1949,,-0.204,0.286,-237.74923,0.762,876,118,,-0.171,0.358,0
109,House,29755,54,1,TN,200,R,0,1,"JENKINS, William Lewis",J000082,1936,,0.396,0.349,-149.4826,0.84,858,73,,0.458,0.28,0
109,House,15628,54,8,TN,100,D,0,1,"TANNER, John S.",T000038,1944,,-0.182,0.648,-338.73417,0.679,875,143,,-0.26,0.818,0
109,House,29567,54,3,TN,200,R,0,1,"WAMP, Zachary Paul",W000119,1957,,0.428,0.072,-166.39932,0.828,880,73,,0.414,0.071,0
109,House,20349,37,1,SD,100,D,0,1,"HERSETH SANDLIN, Stephanie",H001037,1970,,-0.184,0.507,-210.22075,0.786,872,94,,-0.244,0.563,0
109,House,20347,48,3,SC,200,R,0,1,"BARRETT, James Gresham",B001239,1961,,0.653,0.062,-118.43396,0.873,875,44,,0.695,0.035,0
109,House,20137,48,1,SC,200,R,0,1,"BROWN, Henry Edward, Jr.",B001235,1935,,0.367,0.24,-113.0357,0.876,853,38,,0.395,0.136,0
109,House,39301,48,6,SC,100,D,0,1,"CLYBURN, James Enos",C000537,1940,,-0.466,0.246,-154.66007,0.83748,872,60,,-0.385,0.123,0
109,House,39300,48,4,SC,200,R,0,1,"INGLIS, Robert Durden",I000023,1959,,0.518,-0.058,-235.3708,0.766,882,106,,0.571,-0.539,0
109,House,15064,48,5,SC,100,D,0,1,"SPRATT, John McKee, Jr.",S000749,1942,2024,-0.256,0.255,-171.89592,0.823,880,68,,-0.268,0.215,1
109,House,20138,48,2,SC,200,R,0,1,"WILSON, Addison Graves (Joe)",W000795,1947,,0.53,0.16,-117.80668,0.87254,864,49,,0.533,0.2,1
109,House,29564,5,1,RI,100,D,0,1,"KENNEDY, Patrick Joseph",K000113,1967,,-0.409,-0.062,-130.71979,0.847,785,61,,-0.392,-0.092,0
109,House,20136,5,2,RI,100,D,0,1,"LANGEVIN, James",L000559,1964,,-0.375,0.114,-156.53159,0.83889,891,68,,-0.346,0.119,1
109,House,29777,14,1,PA,100,D,0,1,"BRADY, Robert A.",B001227,1945,,-0.484,0.225,-196.36996,0.79479,855,79,,-0.441,0.278,1
109,House,20526,14,15,PA,200,R,0,1,"DENT, Charles W.",D000604,1960,,0.244,-0.085,-187.08836,0.81118,894,81,,0.243,-0.191,0
109,House,29561,14,14,PA,100,D,0,1,"DOYLE, Michael F.",D000482,1953,,-0.331,0.099,-195.02674,0.79815,865,85,,-0.389,0.298,0
109,House,29563,14,3,PA,200,R,0,1,"ENGLISH, Philip Sheridan",E000187,1956,,0.251,0.053,-177.0576,0.817,877,67,,0.338,-0.113,0
109,House,29559,14,2,PA,100,D,0,1,"FATTAH, Chaka",F000043,1956,,-0.472,-0.054,-123.30547,0.861,821,50,,-0.441,-0.017,0
109,House,20524,14,8,PA,200,R,0,1,"FITZPATRICK, Michael G.",F000451,1963,2020,0.202,-0.186,-275.64346,0.728,870,142,,0.151,-0.402,0
109,House,20345,14,6,PA,200,R,0,1,"GERLACH, Jim",G000549,1955,,0.221,-0.107,-223.91393,0.769,852,114,,0.164,-0.275,0
109,House,20133,14,4,PA,200,R,0,1,"HART, Melissa A.",H001033,1962,,0.39,0.155,-159.03205,0.836,890,69,,0.389,0.103,0
109,House,29396,14,17,PA,100,D,0,1,"HOLDEN, Thomas Timothy (Tim)",H000712,1957,,-0.233,0.608,-216.24566,0.779,864,98,,-0.25,0.68,0
109,House,15104,14,11,PA,100,D,0,1,"KANJORSKI, Paul E.",K000008,1937,,-0.303,0.364,-273.73852,0.728,863,124,,-0.29,0.422,0
109,House,20346,14,18,PA,200,R,0,1,"MURPHY, Timothy",M001151,1952,,0.258,0.198,-145.83641,0.84616,873,57,,0.284,0.106,0
109,House,14072,14,12,PA,100,D,0,1,"MURTHA, John Patrick, Jr.",M001120,1932,2010,-0.265,0.569,-306.96267,0.7,859,150,,-0.219,0.386,0
109,House,29751,14,5,PA,200,R,0,1,"PETERSON, John",P000263,1938,,0.34,0.24,-119.29672,0.865,822,40,,0.341,0.217,0
109,House,29752,14,16,PA,200,R,0,1,"PITTS, Joseph R.",P000373,1939,,0.538,0.012,-154.32637,0.84,884,69,,0.633,-0.119,0
109,House,20135,14,19,PA,200,R,0,1,"PLATTS, Todd",P000585,1962,,0.252,-0.15,-263.77648,0.739,872,131,,0.196,-0.199,0
109,House,20525,14,13,PA,100,D,0,1,"SCHWARTZ, Allyson Y.",S001162,1948,,-0.343,-0.008,-168.27127,0.828,890,69,,-0.324,-0.088,0
109,House,29933,14,10,PA,200,R,0,1,"SHERWOOD, Don",S001146,1941,,0.329,-0.005,-146.25792,0.844,864,58,,0.358,0.019,0
109,House,20134,14,9,PA,200,R,0,1,"SHUSTER, William (Bill)",S001154,1961,,0.374,0.323,-146.09989,0.84798,886,65,,0.456,0.472,1
109,House,15447,14,7,PA,200,R,0,1,"WELDON, Wayne Curtis (Curt)",W000268,1947,,0.232,-0.324,-183.56019,0.807,855,69,,0.202,-0.237,1
109,House,29588,72,3,OR,100,D,0,1,"BLUMENAUER, Earl",B000574,1948,,-0.426,-0.626,-165.96211,0.82263,850,67,,-0.517,-0.579,0
109,House,15410,72,4,OR,100,D,0,1,"DeFAZIO, Peter Anthony",D000191,1947,,-0.427,-0.002,-284.75185,0.72408,882,111,,-0.457,0.415,0
109,House,29750,72,5,OR,100,D,0,1,"HOOLEY, Darlene",H000762,1939,,-0.315,-0.075,-155.27771,0.837,873,65,,-0.327,0.011,0
109,House,29932,72,2,OR,200,R,0,1,"WALDEN, Greg",W000791,1957,,0.333,-0.011,-147.08329,0.84736,888,53,,0.321,-0.046,0
109,House,29931,72,1,OR,100,D,0,1,"WU, David",W000793,1955,,-0.37,0.031,-227.38298,0.773,885,99,,-0.44,0.253,0
109,House,20523,53,2,OK,100,D,0,1,"BOREN, Daniel David",B001254,1973,,-0.112,0.994,-196.13744,0.798,867,76,,-0.101,0.875,1
109,House,20344,53,4,OK,200,R,0,1,"COLE, Tom",C001053,1949,,0.323,0.412,-122.27647,0.86986,877,46,,0.399,0.28,0
109,House,29392,53,5,OK,200,R,0,1,"ISTOOK, Ernest James, Jr.",I000047,1950,,0.492,0.129,-126.75815,0.848,768,52,,0.557,0.223,0
109,House,29393,53,3,OK,200,R,0,1,"LUCAS, Frank D.",L000491,1960,,0.361,0.452,-105.4049,0.88663,876,31,,0.385,0.385,0
109,House,20131,53,1,OK,200,R,0,1,"SULLIVAN, John",S001155,1965,,0.513,0.173,-131.97724,0.856,852,58,,0.542,0.058,0
109,House,29137,24,8,OH,200,R,0,1,"BOEHNER, John Andrew",B000589,1949,,0.513,0.04,-127.35533,0.864,874,58,,0.407,0.164,0
109,House,29389,24,13,OH,100,D,0,1,"BROWN, Sherrod",B000944,1952,,-0.425,-0.097,-148.10138,0.84112,856,63,,-0.41,0.062,0
109,House,29550,24,1,OH,200,R,0,1,"CHABOT, Steve",C000266,1953,,0.542,-0.137,-216.32674,0.78293,884,89,,0.563,-0.269,0
109,House,15604,24,5,OH,200,R,0,1,"GILLMOR, Paul Eugene",G000210,1939,2007,0.254,0.106,-160.88446,0.827,845,58,,0.367,0.009,0
109,House,29136,24,7,OH,200,R,0,1,"HOBSON, David Lee",H000666,1936,2024,0.315,-0.229,-146.02572,0.847,882,53,,0.35,-0.027,0
109,House,29930,24,11,OH,100,D,0,1,"JONES, Stephanie Tubbs",J000284,1949,2008,-0.521,-0.059,-167.32541,0.82,841,77,,-0.507,0.043,0
109,House,15029,24,9,OH,100,D,0,1,"KAPTUR, Marcia Carolyn (Marcy)",K000009,1946,,-0.343,0.133,-202.4395,0.79176,867,90,,-0.391,0.236,0
109,House,29748,24,10,OH,100,D,0,1,"KUCINICH, Dennis",K000336,1946,,-0.582,0.024,-204.45933,0.793,883,93,,-0.704,0,0
109,House,29553,24,14,OH,200,R,0,1,"LaTOURETTE, Steven C.",L000553,1954,2016,0.211,-0.063,-206.33184,0.787,862,73,,0.228,-0.092,0
109,House,29552,24,18,OH,200,R,0,1,"NEY, Robert William",N000081,1954,,0.269,0.116,-158.79471,0.82,801,67,,0.252,0.219,0
109,House,14875,24,4,OH,200,R,0,1,"OXLEY, Michael Garver",O000163,1944,2016,0.382,-0.093,-134.02569,0.845,796,50,,0.415,0.068,0
109,House,29386,24,2,OH,200,R,1,1,"PORTMAN, Robert Jones (Rob)",P000449,1955,,0.371,-0.208,-5.96384,0.93789,93,1,,0.383,0.187,0
109,House,29390,24,15,OH,200,R,0,1,"PRYCE, Deborah D.",P000555,1951,,0.32,-0.329,-136.26541,0.857,881,39,,0.307,-0.139,0
109,House,14045,24,16,OH,200,R,0,1,"REGULA, Ralph Straus",R000141,1924,2017,0.221,-0.223,-163.32874,0.833,893,56,,0.301,-0.106,0
109,House,20343,24,17,OH,100,D,0,1,"RYAN, Timothy J.",R000577,1973,,-0.402,0.208,-175.14984,0.8184,874,76,,-0.385,0.344,1
109,House,20540,24,2,OH,200,R,2,2,"SCHMIDT, Jean",S001164,1951,,0.467,-0.1,-78.44954,0.867,549,22,,0.376,0.138,0
109,House,29747,24,6,OH,100,D,0,1,"STRICKLAND, Ted",S001004,1941,,-0.384,0.404,-144.02661,0.817,712,64,,-0.396,0.389,0
109,House,20130,24,12,OH,200,R,0,1,"TIBERI, Patrick (Pat)",T000462,1962,,0.386,-0.026,-172.67081,0.82165,879,74,,0.426,-0.149,0
109,House,20342,24,3,OH,200,R,0,1,"TURNER, Michael R.",T000463,1960,,0.266,0.254,-134.14099,0.85965,887,52,,0.305,0.012,1
109,House,15000,13,5,NY,100,D,0,1,"ACKERMAN, Gary Leonard",A000022,1942,,-0.429,-0.165,-144.43058,0.847,872,52,,-0.463,-0.239,0
109,House,20338,13,1,NY,100,D,0,1,"BISHOP, Timothy H.",B001242,1950,,-0.338,-0.05,-123.71046,0.869,878,46,,-0.35,-0.135,0
109,House,15007,13,24,NY,200,R,0,1,"BOEHLERT, Sherwood Louis",B000586,1936,2021,0.103,-0.718,-238.02278,0.76,866,98,,0.193,-0.568,0
109,House,29925,13,7,NY,100,D,0,1,"CROWLEY, Joseph",C001038,1962,,-0.412,-0.07,-163.7715,0.83001,879,73,,-0.386,-0.04,0
109,House,15603,13,17,NY,100,D,0,1,"ENGEL, Eliot Lance",E000179,1947,,-0.408,-0.093,-138.10534,0.8546,879,54,,-0.345,-0.213,0
109,House,29773,13,13,NY,200,R,0,1,"FOSSELLA, Vito John",F000440,1965,,0.426,-0.336,-239.35804,0.761,875,112,,0.423,-0.395,0
109,House,20519,13,27,NY,100,D,0,1,"HIGGINS, Brian",H001038,1959,,-0.348,-0.032,-186.54896,0.8076,873,79,,-0.296,0.084,0
109,House,29380,13,22,NY,100,D,0,1,"HINCHEY, Maurice Dunlea",H000627,1938,2017,-0.575,-0.007,-139.17978,0.851,865,65,,-0.607,-0.101,0
109,House,20129,13,2,NY,100,D,0,1,"ISRAEL, Steve",I000057,1958,,-0.334,-0.051,-153.16618,0.841,886,67,,-0.329,-0.109,1
109,House,29544,13,19,NY,200,R,0,1,"KELLY, Sue W.",K000078,1936,,0.231,-0.564,-216.14355,0.78,872,88,,0.247,-0.475,0
109,House,29375,13,3,NY,200,R,0,1,"KING, Peter T.",K000210,1944,,0.259,-0.03,-162.93107,0.83098,880,63,,0.273,-0.105,0
109,House,20520,13,29,NY,200,R,0,1,"KUHL, John R. (Randy), Jr.",K000364,1943,,0.277,0.06,-141.05677,0.853,889,63,,0.294,0.052,0
109,House,15612,13,18,NY,100,D,0,1,"LOWEY, Nita M.",L000480,1937,2025,-0.389,-0.152,-108.79413,0.88469,888,40,,-0.417,-0.232,0
109,House,29379,13,14,NY,100,D,0,1,"MALONEY, Carolyn Bosher",M000087,1946,,-0.387,-0.285,-139.13397,0.85406,882,55,,-0.413,-0.265,0
109,House,29744,13,4,NY,100,D,0,1,"McCARTHY, Carolyn",M000309,1944,,-0.294,-0.04,-127.24847,0.863,866,46,,-0.319,-0.053,0
109,House,39316,13,23,NY,200,R,0,1,"McHUGH, John Michael",M000472,1948,,0.225,-0.063,-171.24019,0.821,868,72,,0.224,0.068,1
109,House,15614,13,21,NY,100,D,0,1,"McNULTY, Michael Robert",M000590,1947,,-0.369,0.369,-206.45595,0.789,872,82,,-0.421,0.113,0
109,House,29776,13,6,NY,100,D,0,1,"MEEKS, Gregory W.",M001137,1953,,-0.416,-0.063,-207.17327,0.78097,838,84,,-0.388,-0.141,0
109,House,29377,13,8,NY,100,D,0,1,"NADLER, Jerrold Lewis",N000002,1947,,-0.507,-0.478,-115.03529,0.87694,876,46,,-0.542,-0.248,0
109,House,15050,13,11,NY,100,D,0,1,"OWENS, Major Robert Odell",O000159,1936,2013,-0.569,-0.516,-110.49609,0.88,864,41,,-0.561,-0.38,0
109,House,13035,13,15,NY,100,D,0,1,"RANGEL, Charles B.",R000053,1930,,-0.514,-0.341,-126.96505,0.862,855,57,,-0.488,-0.358,0
109,House,29928,13,26,NY,200,R,0,1,"REYNOLDS, Thomas M.",R000569,1950,,0.349,0.009,-127.24429,0.861,848,44,,0.337,-0.023,0
109,House,29134,13,16,NY,100,D,0,1,"SERRANO, Jos√© E.",S000248,1943,,-0.491,-0.377,-146.26847,0.84574,873,63,,-0.534,-0.355,0
109,House,15444,13,28,NY,100,D,0,1,"SLAUGHTER, Louise McIntosh",S000480,1929,2018,-0.465,-0.104,-118.698,0.8663,827,48,,-0.475,-0.063,0
109,House,29927,13,20,NY,200,R,0,1,"SWEENEY, John E.",S001149,1955,,0.249,0.036,-212.46869,0.764,790,89,,0.257,-0.224,0
109,House,15072,13,10,NY,100,D,0,1,"TOWNS, Edolphus",T000326,1934,,-0.519,-0.132,-214.3073,0.776,845,84,,-0.484,0.155,0
109,House,29378,13,12,NY,100,D,0,1,"VEL√ÅZQUEZ, Nydia M.",V000081,1953,,-0.547,-0.367,-133.759,0.85839,876,51,,-0.522,-0.429,0
109,House,15630,13,25,NY,200,R,0,1,"WALSH, James T.",W000099,1947,,0.208,-0.19,-173.72406,0.817,859,66,,0.284,-0.256,0
109,House,29926,13,9,NY,100,D,0,1,"WEINER, Anthony D.",W000792,1964,,-0.408,-0.371,-113.98428,0.877,872,40,,-0.414,-0.292,0
109,House,29922,65,1,NV,100,D,0,1,"BERKLEY, Shelley",B001231,1951,,-0.302,0.024,-197.89247,0.794,857,70,,-0.316,-0.106,0
109,House,29739,65,2,NV,200,R,0,1,"GIBBONS, James A.",G000152,1944,,0.484,-0.088,-246.28583,0.741,823,116,,0.534,-0.279,1
109,House,20334,65,3,NV,200,R,0,1,"PORTER, Jon C.",P000589,1955,,0.241,-0.071,-219.5805,0.782,893,88,,0.263,0.013,0
109,House,20337,66,2,NM,200,R,0,1,"PEARCE, Stevan",P000588,1947,,0.472,0.064,-145.84876,0.84663,876,60,,0.447,0.188,0
109,House,29924,66,3,NM,100,D,0,1,"UDALL, Thomas (Tom)",U000039,1948,,-0.453,0.161,-178.97492,0.81406,870,80,,-0.49,0.145,0
109,House,29779,66,1,NM,200,R,0,1,"WILSON, Heather",W000789,1960,,0.247,-0.027,-271.38548,0.733,872,106,,0.182,-0.067,0
109,House,29132,12,1,NJ,100,D,0,1,"ANDREWS, Robert Ernest",A000210,1957,,-0.297,-0.119,-182.87665,0.802,830,76,,-0.338,-0.296,1
109,House,20127,12,7,NJ,200,R,0,1,"FERGUSON, Michael",F000443,1970,,0.244,-0.404,-181.33587,0.815,886,61,,0.294,-0.495,0
109,House,29541,12,11,NJ,200,R,0,1,"FRELINGHUYSEN, Rodney P.",F000372,1946,,0.292,-0.262,-174.58445,0.82115,886,78,,0.33,-0.496,0
109,House,20336,12,5,NJ,200,R,0,1,"GARRETT, Scott",G000548,1959,,0.688,-0.243,-187.46058,0.809,883,71,,0.73,-0.253,0
109,House,29923,12,12,NJ,100,D,0,1,"HOLT, Rush",H001032,1948,,-0.463,-0.33,-146.82916,0.846,880,63,,-0.482,-0.381,0
109,House,29539,12,2,NJ,200,R,0,1,"LoBIONDO, Frank A.",L000554,1946,,0.211,-0.224,-272.83745,0.73699,894,122,,0.211,-0.401,1
109,House,29373,12,13,NJ,100,D,1,1,"MENENDEZ, Robert",M000639,1954,,-0.366,-0.126,-83.25471,0.83412,459,43,,-0.351,-0.054,0
109,House,15454,12,6,NJ,100,D,0,1,"PALLONE, Frank, Jr.",P000034,1951,,-0.402,-0.161,-138.34418,0.85619,891,60,,-0.445,-0.278,0
109,House,29741,12,8,NJ,100,D,0,1,"PASCRELL, William J., Jr.",P000096,1937,2024,-0.369,-0.004,-166.62689,0.82714,878,69,,-0.383,-0.01,0
109,House,15619,12,10,NJ,100,D,0,1,"PAYNE, Donald Milford",P000149,1934,2012,-0.592,-0.547,-76.08552,0.909,795,28,,-0.637,-0.547,0
109,House,29742,12,9,NJ,100,D,0,1,"ROTHMAN, Steven",R000462,1952,,-0.352,-0.092,-162.27445,0.824,838,69,,-0.374,-0.228,0
109,House,15112,12,3,NJ,200,R,0,1,"SAXTON, Hugh James",S000097,1943,,0.238,-0.378,-196.15235,0.8,881,77,,0.262,-0.413,1
109,House,20542,12,13,NJ,100,D,2,2,"SIRES, Albio",S001165,1951,,-0.404,0.098,-2.74792,0.85075,17,1,,-0.363,0.088,0
109,House,14863,12,4,NJ,200,R,0,1,"SMITH, Christopher Henry",S000522,1953,,0.181,-0.172,-233.59908,0.76593,876,112,,0.185,-0.403,0
109,House,29538,4,2,NH,200,R,0,1,"BASS, Charles Foster",B000220,1952,,0.331,-0.556,-230.29656,0.771,884,117,,0.423,-0.751,0
109,House,20335,4,1,NH,200,R,0,1,"BRADLEY, Jeb",B001246,1952,,0.371,-0.578,-230.86153,0.772,893,116,,0.399,-0.68,1
109,House,20518,35,1,NE,200,R,0,1,"FORTENBERRY, Jeff",F000449,1960,,0.304,-0.061,-150.43235,0.84352,884,62,,0.32,0.158,0
109,House,20126,35,3,NE,200,R,0,1,"OSBORNE, Thomas",O000165,1937,,0.299,0.025,-129.05054,0.861,860,49,,0.302,0.097,0
109,House,29921,35,2,NE,200,R,0,1,"TERRY, Lee Raymond",T000459,1962,,0.426,-0.067,-175.99024,0.819,883,73,,0.463,-0.047,0
109,House,29384,36,1,ND,100,D,0,1,"POMEROY, Earl Ralph, III",P000422,1952,,-0.266,0.339,-212.15268,0.786,879,102,,-0.252,0.429,0
109,House,20340,47,1,NC,100,D,0,1,"BUTTERFIELD, George Kenneth, Jr. (G.K.)",B001251,1947,,-0.404,0.184,-165.80414,0.82845,881,63,,-0.355,0.214,1
109,House,15092,47,6,NC,200,R,0,1,"COBLE, Howard",C000556,1931,2015,0.52,-0.081,-222.07243,0.775,871,87,,0.546,0.032,0
109,House,29745,47,2,NC,100,D,0,1,"ETHERIDGE, Bobby R.",E000226,1941,,-0.288,0.288,-176.2146,0.82,888,85,,-0.308,0.35,0
109,House,20521,47,5,NC,200,R,0,1,"FOXX, Virginia Ann",F000450,1943,,0.623,0.174,-117.67285,0.87628,891,49,,0.617,0.354,0
109,House,29929,47,8,NC,200,R,0,1,"HAYES, Robert (Robin)",H001029,1945,,0.351,0.388,-129.03261,0.862,870,47,,0.4,0.407,1
109,House,29546,47,3,NC,200,R,0,1,"JONES, Walter Beaman, Jr.",J000255,1943,2019,0.244,-0.362,-692.49595,0.43591,834,280,,0.226,-0.01,1
109,House,20522,47,10,NC,200,R,0,1,"McHENRY, Patrick T.",M001156,1975,,0.524,0.156,-136.35362,0.85601,877,60,,0.684,0.266,0
109,House,29746,47,7,NC,100,D,0,1,"McINTYRE, Mike",M000485,1956,,-0.148,0.56,-218.22591,0.779,875,92,,-0.196,0.594,1
109,House,20341,47,13,NC,100,D,0,1,"MILLER, Brad",M001154,1953,,-0.376,0.063,-175.54675,0.821,891,76,,-0.343,-0.02,0
109,House,29549,47,9,NC,200,R,0,1,"MYRICK, Sue",M001134,1941,,0.56,0.027,-137.4344,0.853,863,61,,0.641,0.012,0
109,House,15438,47,4,NC,100,D,0,1,"PRICE, David Eugene",P000523,1940,,-0.343,-0.03,-150.21429,0.84421,887,55,,-0.354,-0.195,0
109,House,29135,47,11,NC,200,R,0,1,"TAYLOR, Charles Hart",T000067,1941,,0.488,0.116,-150.68199,0.839,856,67,,0.412,0.248,0
109,House,29383,47,12,NC,100,D,0,1,"WATT, Melvin L.",W000207,1945,,-0.526,-0.155,-137.03969,0.855,873,64,,-0.531,-0.271,0
109,House,20125,64,1,MT,200,R,0,1,"REHBERG, Denny",R000571,1955,,0.337,0.244,-128.9818,0.865,888,49,,0.37,0.139,0
109,House,29734,46,3,MS,200,R,0,1,"PICKERING, Charles W. (Chip), Jr.",P000323,1963,,0.342,0.325,-117.3224,0.871,850,43,,0.29,0.272,0
109,House,15637,46,4,MS,100,D,0,1,"TAYLOR, Gary Eugene (Gene)",T000074,1953,,-0.045,0.893,-562.83016,0.518,855,224,,-0.215,0.977,1
109,House,29368,46,2,MS,100,D,0,1,"THOMPSON, Bennie",T000193,1948,,-0.519,0.391,-185.66131,0.8096,879,76,,-0.458,0.471,0
109,House,29534,46,1,MS,200,R,0,1,"WICKER, Roger F.",W000437,1951,,0.377,0.341,-111.5665,0.87951,869,39,,0.376,0.316,0
109,House,20123,34,2,MO,200,R,0,1,"AKIN, W. Todd",A000358,1947,2021,0.612,0.235,-113.09471,0.88,882,45,,0.621,0.137,1
109,House,29735,34,7,MO,200,R,0,1,"BLUNT, Roy",B000575,1950,,0.398,0.18,-110.38963,0.88058,868,39,,0.426,0.221,0
109,House,20516,34,3,MO,100,D,0,1,"CARNAHAN, Russ",C001060,1958,,-0.347,-0.005,-134.31289,0.86,890,53,,-0.323,-0.019,0
109,House,20147,34,1,MO,100,D,0,1,"CLAY, William Lacy, Jr.",C001049,1956,,-0.481,-0.078,-168.20235,0.81676,831,74,,-0.5,0.073,0
109,House,20517,34,5,MO,100,D,0,1,"CLEAVER, Emanuel, II",C001061,1944,,-0.452,-0.001,-146.30121,0.84406,863,62,,-0.43,0.017,0
109,House,29736,34,8,MO,200,R,0,1,"EMERSON, Jo Ann",E000172,1950,,0.269,0.274,-169.90006,0.823,871,71,,0.252,0.204,0
109,House,20124,34,6,MO,200,R,0,1,"GRAVES, Samuel",G000546,1963,,0.448,0.164,-144.43292,0.84752,873,63,,0.421,0.404,0
109,House,29737,34,9,MO,200,R,0,1,"HULSHOF, Kenny",H000948,1958,,0.363,0.281,-157.95455,0.837,885,66,,0.317,0.28,0
109,House,14451,34,4,MO,100,D,0,1,"SKELTON, Isaac Newton, IV (Ike)",S000465,1931,2013,-0.172,0.724,-210.82187,0.783,862,94,,-0.232,0.604,1
109,House,29532,33,1,MN,200,R,0,1,"GUTKNECHT, Gilbert W.",G000536,1951,,0.552,0.342,-240.52143,0.762,883,101,,0.596,-0.023,0
109,House,20121,33,6,MN,200,R,0,1,"KENNEDY, Mark",K000358,1957,,0.409,0.304,-261.13786,0.742,876,116,,0.382,-0.138,0
109,House,20333,33,2,MN,200,R,0,1,"KLINE, John",K000363,1947,,0.49,0.154,-143.74973,0.851,894,70,,0.464,0.011,1
109,House,20122,33,4,MN,100,D,0,1,"McCOLLUM, Betty",M001143,1954,,-0.419,-0.184,-123.48388,0.86922,881,53,,-0.437,-0.328,0
109,House,14265,33,8,MN,100,D,0,1,"OBERSTAR, James Louis",O000006,1934,2014,-0.553,0.304,-248.09229,0.745,843,96,,-0.557,0.554,0
109,House,29127,33,7,MN,100,D,0,1,"PETERSON, Collin Clark",P000258,1944,,-0.148,0.712,-290.02544,0.71977,882,131,,-0.16,0.948,0
109,House,29126,33,3,MN,200,R,0,1,"RAMSTAD, James (Jim)",R000033,1946,2020,0.316,-0.683,-296.22236,0.715,882,144,,0.308,-0.779,0
109,House,14656,33,5,MN,100,D,0,1,"SABO, Martin Olav",S000005,1938,2016,-0.516,-0.317,-257.86828,0.744,871,104,,-0.483,0.045,0
109,House,29124,23,4,MI,200,R,0,1,"CAMP, David Lee",C000071,1953,,0.385,-0.048,-118.9947,0.871,864,37,,0.337,0.127,0
109,House,10713,23,14,MI,100,D,0,1,"CONYERS, John, Jr.",C000714,1929,2019,-0.658,-0.512,-135.6832,0.85436,862,51,,-0.634,-0.412,0
109,House,2605,23,15,MI,100,D,0,1,"DINGELL, John David, Jr.",D000355,1926,2019,-0.448,0.313,-218.28539,0.78,878,99,,-0.452,0.246,0
109,House,29362,23,3,MI,200,R,0,1,"EHLERS, Vernon James",E000092,1934,2017,0.316,-0.622,-252.3083,0.752,884,121,,0.345,-0.708,0
109,House,29361,23,2,MI,200,R,0,1,"HOEKSTRA, Peter",H000676,1953,,0.516,-0.262,-167.73283,0.826,878,72,,0.479,-0.107,0
109,House,14430,23,5,MI,100,D,0,1,"KILDEE, Dale Edward",K000172,1929,2021,-0.385,0.011,-171.00731,0.826,894,65,,-0.404,0.227,0
109,House,29733,23,13,MI,100,D,0,1,"KILPATRICK, Carolyn Cheeks",K000180,1945,,-0.491,-0.172,-135.0934,0.855,863,59,,-0.496,-0.212,0
109,House,29365,23,9,MI,200,R,0,1,"KNOLLENBERG, Joseph",K000288,1933,2018,0.366,-0.053,-144.43979,0.849,882,53,,0.381,-0.016,0
109,House,15033,23,12,MI,100,D,0,1,"LEVIN, Sander Martin",L000263,1931,,-0.379,-0.091,-139.574,0.85545,894,57,,-0.376,-0.1,0
109,House,20332,23,11,MI,200,R,0,1,"McCOTTER, Thaddeus George",M001147,1965,,0.335,0.012,-201.55909,0.796,885,92,,0.273,0.093,0
109,House,20331,23,10,MI,200,R,0,1,"MILLER, Candice S.",M001150,1954,,0.343,-0.001,-165.91032,0.825,860,68,,0.358,0.027,1
109,House,20120,23,8,MI,200,R,0,1,"ROGERS, Mike",R000572,1963,,0.4,0.098,-142.85578,0.851,884,74,,0.434,0.079,0
109,House,20515,23,7,MI,200,R,0,1,"SCHWARZ, John J. H. (Joe)",S001161,1937,,0.249,-0.282,-178.25411,0.816,875,79,,0.244,-0.254,1
109,House,29360,23,1,MI,100,D,0,1,"STUPAK, Bart T.",S001045,1952,,-0.396,0.701,-183.08985,0.802,832,75,,-0.412,0.588,0
109,House,15446,23,6,MI,200,R,0,1,"UPTON, Frederick Stephen",U000031,1953,,0.32,-0.355,-227.37839,0.77543,894,94,,0.261,-0.269,0
109,House,29728,2,1,ME,100,D,0,1,"ALLEN, Thomas H.",A000357,1945,,-0.4,-0.105,-130.78999,0.863,886,56,,-0.374,-0.208,0
109,House,20328,2,2,ME,100,D,0,1,"MICHAUD, Michael H.",M001149,1955,,-0.283,-0.071,-205.75264,0.793,888,81,,-0.364,0.056,0
109,House,29356,52,6,MD,200,R,0,1,"BARTLETT, Roscoe Gardner",B000208,1926,,0.493,-0.091,-331.5152,0.688,885,144,,0.579,-0.48,1
109,House,15408,52,3,MD,100,D,0,1,"CARDIN, Benjamin Louis",C000141,1943,,-0.32,-0.224,-108.50005,0.88173,862,35,,-0.336,-0.211,0
109,House,29587,52,7,MD,100,D,0,1,"CUMMINGS, Elijah Eugene",C000984,1951,2019,-0.438,-0.148,-125.26899,0.86675,876,44,,-0.41,-0.124,0
109,House,29122,52,1,MD,200,R,0,1,"GILCHREST, Wayne Thomas",G000180,1946,,0.204,-0.563,-209.07707,0.787,871,91,,0.241,-0.612,0
109,House,14873,52,5,MD,100,D,0,1,"HOYER, Steny Hamilton",H000874,1939,,-0.381,0.122,-140.94939,0.85231,882,60,,-0.343,-0.059,0
109,House,20329,52,2,MD,100,D,0,1,"RUPPERSBERGER, C. A. (Dutch)",R000576,1946,,-0.299,0.12,-165.00211,0.82778,873,69,,-0.261,0.045,0
109,House,20330,52,8,MD,100,D,0,1,"VAN HOLLEN, Christopher",V000128,1959,,-0.396,-0.222,-107.41587,0.88643,891,39,,-0.371,-0.327,0
109,House,29355,52,4,MD,100,D,0,1,"WYNN, Albert Russell",W000784,1951,,-0.38,0.038,-219.83661,0.778,877,96,,-0.321,0.074,0
109,House,29919,3,8,MA,100,D,0,1,"CAPUANO, Michael Everett",C001037,1952,,-0.58,-0.082,-192.62868,0.8028,877,85,,-0.559,0.06,0
109,House,29731,3,10,MA,100,D,0,1,"DELAHUNT, Bill",D000210,1941,2024,-0.495,-0.293,-155.19561,0.832,844,65,,-0.489,-0.196,0
109,House,14824,3,4,MA,100,D,0,1,"FRANK, Barney",F000339,1940,,-0.499,-0.534,-180.22956,0.815,880,69,,-0.507,-0.636,0
109,House,20119,3,9,MA,100,D,0,1,"LYNCH, Stephen F.",L000562,1955,,-0.344,0.049,-198.02209,0.79747,875,84,,-0.377,0.192,0
109,House,14435,3,7,MA,100,D,0,1,"MARKEY, Edward John",M000133,1946,,-0.516,-0.469,-114.33522,0.87906,887,39,,-0.538,-0.354,0
109,House,29729,3,3,MA,100,D,0,1,"McGOVERN, James P.",M000312,1959,,-0.538,-0.341,-104.06293,0.88942,888,43,,-0.53,-0.338,0
109,House,29358,3,5,MA,100,D,0,1,"MEEHAN, Martin Thomas",M000627,1956,,-0.39,-0.539,-118.17654,0.869,841,42,,-0.457,-0.359,1
109,House,15616,3,2,MA,100,D,0,1,"NEAL, Richard Edmund",N000015,1949,,-0.417,-0.106,-119.22431,0.87013,857,49,,-0.439,-0.272,0
109,House,29123,3,1,MA,100,D,0,1,"OLVER, John Walter",O000085,1936,2023,-0.577,-0.207,-140.23106,0.852,875,54,,-0.595,-0.164,0
109,House,29730,3,6,MA,100,D,0,1,"TIERNEY, John F.",T000266,1951,,-0.488,-0.433,-148.08935,0.846,887,60,,-0.492,-0.321,0
109,House,90327,45,5,LA,200,R,0,1,"ALEXANDER, Rodney",A000361,1946,,0.331,0.408,-111.02623,0.883,889,40,,0.376,0.189,0
109,House,15401,45,6,LA,200,R,0,1,"BAKER, Richard Hugh",B000072,1948,,0.423,0.022,-130.68066,0.858,852,46,,0.451,0.316,0
109,House,20514,45,7,LA,200,R,0,1,"BOUSTANY, Charles W.",B001255,1956,,0.392,0.308,-130.73175,0.862,877,56,,0.344,0.236,0
109,House,29120,45,2,LA,100,D,0,1,"JEFFERSON, William Jennings",J000070,1947,,-0.424,0.242,-200.06569,0.786,832,81,,-0.373,0.33,0
109,House,20512,45,1,LA,200,R,0,1,"JINDAL, Bobby",J000287,1971,,0.388,-0.04,-218.15738,0.78,880,103,,0.453,0.051,0
109,House,15451,45,4,LA,200,R,0,1,"McCRERY, James O., III",M000388,1949,,0.362,0.08,-140.07728,0.851,866,50,,0.394,0.189,0
109,House,20513,45,3,LA,100,D,0,1,"MELANCON, Charles J.",M001161,1947,,-0.178,0.798,-242.25251,0.756,868,96,,-0.171,0.79,0
109,House,20326,51,6,KY,100,D,0,1,"CHANDLER, A. B. (Ben)",C001058,1959,,-0.232,0.516,-219.54933,0.781,888,111,,-0.25,0.411,0
109,House,20511,51,4,KY,200,R,0,1,"DAVIS, Geoffrey C. (Geoff)",D000603,1958,,0.398,0.412,-173.12007,0.822,884,78,,0.392,0.174,0
109,House,29352,51,2,KY,200,R,0,1,"LEWIS, Ron",L000293,1946,,0.418,0.417,-131.5618,0.862,883,56,,0.425,0.191,0
109,House,29725,51,3,KY,200,R,0,1,"NORTHUP, Anne Meagher",N000143,1948,,0.335,-0.035,-115.14395,0.874,853,37,,0.352,0.141,0
109,House,14854,51,5,KY,200,R,0,1,"ROGERS, Harold Dallas (Hal)",R000395,1937,,0.333,0.152,-127.86767,0.86561,886,47,,0.367,0.125,0
109,House,29525,51,1,KY,200,R,0,1,"WHITFIELD, Wayne Edward (Ed)",W000413,1943,,0.303,0.182,-178.91726,0.814,868,73,,0.335,-0.012,0
109,House,29915,32,3,KS,100,D,0,1,"MOORE, Dennis",M001140,1945,2021,-0.267,0.159,-192.77998,0.802,875,82,,-0.254,0.05,0
109,House,29722,32,1,KS,200,R,0,1,"MORAN, Jerry",M000934,1954,,0.414,0.219,-257.77977,0.74682,883,114,,0.341,0.168,0
109,House,29723,32,2,KS,200,R,0,1,"RYUN, Jim",R000566,1947,,0.547,0.267,-102.40854,0.891,888,39,,0.53,0.386,1
109,House,29524,32,4,KS,200,R,0,1,"TIAHRT, Todd",T000260,1951,,0.449,0.341,-147.2986,0.843,863,60,,0.47,0.283,0
109,House,15014,22,5,IN,200,R,0,1,"BURTON, Danny Lee",B001149,1938,,0.585,-0.026,-147.84296,0.84,847,58,,0.532,0.145,0
109,House,29350,22,4,IN,200,R,0,1,"BUYER, Stephen Earle",B001203,1958,,0.435,0.192,-132.48714,0.854,839,52,,0.478,0.316,0
109,House,29720,22,7,IN,100,D,0,1,"CARSON, Julia May",C000191,1938,2007,-0.464,-0.156,-124.19924,0.862,837,56,,-0.485,-0.093,0
109,House,20324,22,2,IN,200,R,0,1,"CHOCOLA, Chris",C001052,1962,,0.573,-0.164,-137.68483,0.857,890,57,,0.609,-0.212,0
109,House,29520,22,8,IN,200,R,0,1,"HOSTETTLER, John Nathan",H000807,1961,,0.705,0.077,-331.36706,0.687,882,122,,0.62,0.17,1
109,House,20117,22,6,IN,200,R,0,1,"PENCE, Mike",P000587,1959,,0.655,0.088,-134.78865,0.856,865,54,,0.729,-0.101,0
109,House,20510,22,9,IN,200,R,0,1,"SODREL, Michael E.",S001160,1945,,0.422,0.249,-121.87517,0.872,891,52,,0.423,0.233,0
109,House,29519,22,3,IN,200,R,0,1,"SOUDER, Mark Edward",S001143,1950,2022,0.435,-0.011,-165.14312,0.828,875,61,,0.388,0.155,0
109,House,15124,22,1,IN,100,D,0,1,"VISCLOSKY, Peter",V000108,1949,,-0.402,0.244,-213.85013,0.78619,889,89,,-0.381,0.204,0
109,House,20509,21,8,IL,100,D,0,1,"BEAN, Melissa L.",B001253,1962,,-0.155,-0.063,-400.81206,0.637,890,130,,-0.174,-0.019,0
109,House,29912,21,13,IL,200,R,0,1,"BIGGERT, Judy Borg",B001232,1937,,0.323,-0.372,-207.09024,0.792,887,86,,0.364,-0.535,0
109,House,15453,21,12,IL,100,D,0,1,"COSTELLO, Jerry Francis",C000794,1949,,-0.317,0.657,-260.56892,0.743,876,120,,-0.39,0.676,0
109,House,29717,21,7,IL,100,D,0,1,"DAVIS, Danny K.",D000096,1941,,-0.487,-0.266,-142.02419,0.84546,846,59,,-0.489,-0.158,0
109,House,20323,21,5,IL,100,D,0,1,"EMANUEL, Rahm",E000287,1959,,-0.372,-0.131,-144.77694,0.845,859,66,,-0.359,-0.177,0
109,House,15023,21,17,IL,100,D,0,1,"EVANS, Lane Allen",E000250,1951,2014,-0.454,-0.181,-78.83448,0.856,507,31,,-0.422,-0.071,1
109,House,29348,21,4,IL,100,D,0,1,"GUTI√âRREZ, Luis V.",G000535,1953,,-0.487,-0.26,-123.79177,0.85547,793,45,,-0.482,-0.447,0
109,House,15417,21,14,IL,200,R,0,1,"HASTERT, John Dennis",H000323,1942,,0.443,-0.122,-6.45025,0.938,101,1,,0.484,0.117,0
109,House,14239,21,6,IL,200,R,0,1,"HYDE, Henry John",H001022,1924,2007,0.312,-0.18,-136.00309,0.84,782,51,,0.38,-0.019,0
109,House,29585,21,2,IL,100,D,0,1,"JACKSON, Jesse L., Jr.",J000283,1965,,-0.538,-0.513,-140.02196,0.855,893,62,,-0.52,-0.416,0
109,House,20116,21,15,IL,200,R,0,1,"JOHNSON, Timothy V.",J000285,1946,2022,0.264,-0.52,-281.846,0.725,876,128,,0.194,-0.336,0
109,House,20115,21,10,IL,200,R,0,1,"KIRK, Mark Steven",K000360,1959,,0.274,-0.647,-182.76125,0.812,877,68,,0.275,-0.728,0
109,House,29517,21,18,IL,200,R,0,1,"LaHOOD, Ray H.",L000552,1945,,0.246,-0.076,-185.70168,0.806,860,66,,0.281,-0.099,0
109,House,20508,21,3,IL,100,D,0,1,"LIPINSKI, Daniel",L000563,1966,,-0.227,0.176,-196.40208,0.80118,886,81,,-0.294,0.3,0
109,House,29349,21,16,IL,200,R,0,1,"MANZULLO, Donald A.",M001138,1944,,0.51,0,-164.93387,0.821,838,62,,0.497,-0.026,0
109,House,29346,21,1,IL,100,D,0,1,"RUSH, Bobby L.",R000515,1946,,-0.479,-0.203,-169.83794,0.81869,849,65,,-0.468,-0.047,0
109,House,29911,21,9,IL,100,D,0,1,"SCHAKOWSKY, Janice D.",S001145,1944,,-0.602,-0.291,-102.87388,0.88896,874,47,,-0.648,-0.346,0
109,House,29718,21,19,IL,200,R,0,1,"SHIMKUS, John M.",S000364,1958,,0.375,0.154,-185.02375,0.8098,877,85,,0.347,0.146,0
109,House,29516,21,11,IL,200,R,0,1,"WELLER, Gerald C. (Jerry)",W000273,1957,,0.288,0.2,-164.43774,0.829,877,73,,0.318,-0.009,0
109,House,20114,63,1,ID,200,R,0,1,"OTTER, C. L. (Butch)",O000166,1942,,0.692,0.057,-327.60533,0.687,873,117,,0.738,-0.082,0
109,House,29910,63,2,ID,200,R,0,1,"SIMPSON, Michael K.",S001148,1950,,0.296,0.312,-156.43352,0.83612,874,61,,0.334,0.286,0
109,House,29721,31,3,IA,100,D,0,1,"BOSWELL, Leonard L.",B000652,1934,2018,-0.238,0.289,-196.43716,0.783,805,100,,-0.261,0.476,0
109,House,20325,31,5,IA,200,R,0,1,"KING, Steve",K000362,1949,,0.613,0.171,-146.96255,0.84747,888,64,,0.697,0.294,0
109,House,29522,31,4,IA,200,R,0,1,"LATHAM, Thomas",L000111,1948,,0.302,0.308,-143.93622,0.851,892,55,,0.33,0.21,0
109,House,14432,31,2,IA,200,R,0,1,"LEACH, James Albert Smith",L000169,1942,2024,0.141,-0.79,-332.81478,0.677,853,172,,0.086,-0.612,0
109,House,29118,31,1,IA,200,R,0,1,"NUSSLE, James Allen",N000172,1960,,0.417,-0.178,-131.52942,0.848,799,45,,0.359,0.05,0
109,House,15245,82,1,HI,100,D,0,1,"ABERCROMBIE, Neil",A000014,1938,,-0.432,-0.026,-273.43039,0.731,871,100,,-0.443,-0.057,1
109,House,20322,82,2,HI,100,D,2,2,"CASE, Ed",C001055,1952,,-0.204,-0.081,-269.55062,0.72578,841,122,,-0.186,-0.142,0
109,House,20507,44,12,GA,100,D,0,1,"BARROW, John",B001252,1955,,-0.119,0.46,-347.86565,0.674,882,175,,-0.157,0.528,0
109,House,29339,44,2,GA,100,D,0,1,"BISHOP, Sanford Dixon, Jr.",B000490,1947,,-0.287,0.447,-208.24946,0.7845,858,103,,-0.228,0.521,0
109,House,99342,44,10,GA,200,R,0,1,"DEAL, John Nathan",D000168,1942,,0.581,0.139,-124.87614,0.864,855,53,,0.641,0.162,0
109,House,20319,44,11,GA,200,R,0,1,"GINGREY, Phil",G000550,1942,,0.561,0.272,-164.87773,0.828,874,67,,0.534,0.18,0
109,House,29338,44,1,GA,200,R,0,1,"KINGSTON, Jack",K000220,1955,,0.54,0.302,-135.20267,0.851,838,58,,0.505,0.155,0
109,House,15431,44,5,GA,100,D,0,1,"LEWIS, John R.",L000287,1940,2020,-0.589,-0.221,-92.932,0.88404,754,42,,-0.603,-0.443,0
109,House,29341,44,7,GA,200,R,0,1,"LINDER, John Elmer",L000321,1942,,0.559,-0.008,-133.03995,0.857,860,61,,0.619,-0.082,0
109,House,20317,44,3,GA,100,D,0,1,"MARSHALL, Jim",M001146,1948,,-0.119,0.803,-300.85243,0.707,866,143,,-0.134,0.74,1
109,House,29344,44,4,GA,100,D,0,1,"McKINNEY, Cynthia Ann",M000523,1955,,-0.533,-0.583,-177.88147,0.805,821,71,,-0.614,-0.418,1
109,House,29513,44,9,GA,200,R,0,1,"NORWOOD, Charles W., Jr.",N000159,1941,2007,0.533,0.469,-128.10871,0.857,828,55,,0.634,0.331,0
109,House,20505,44,6,GA,200,R,0,1,"PRICE, Tom",P000591,1954,,0.644,-0.073,-164.27974,0.83023,883,67,,0.622,-0.091,0
109,House,20321,44,13,GA,100,D,0,1,"SCOTT, David",S001157,1945,,-0.304,0.169,-223.15108,0.77376,870,98,,-0.264,0.373,0
109,House,20506,44,8,GA,200,R,0,1,"WESTMORELAND, Lynn A.",W000796,1950,,0.672,0.189,-127.17345,0.861,852,45,,0.688,0.249,0
109,House,15006,43,9,FL,200,R,0,1,"BILIRAKIS, Michael",B000463,1930,,0.382,-0.219,-179.5128,0.813,866,86,,0.42,-0.136,0
109,House,29713,43,2,FL,100,D,0,1,"BOYD, F. Allen, Jr.",B000716,1945,,-0.181,0.414,-238.70314,0.753,842,107,,-0.176,0.445,0
109,House,20313,43,5,FL,200,R,0,1,"BROWN-WAITE, Virginia (Ginny)",B001247,1943,,0.36,0.084,-234.54694,0.758,846,110,,0.414,-0.115,0
109,House,29328,43,3,FL,100,D,0,1,"BROWN, Corrine",B000911,1946,,-0.429,0.192,-125.93712,0.858,820,44,,-0.416,0.107,0
109,House,20111,43,4,FL,200,R,0,1,"CRENSHAW, Ander",C001045,1944,,0.333,0.337,-112.4447,0.881,884,40,,0.371,0.09,0
109,House,29714,43,11,FL,100,D,0,1,"DAVIS, Jim",D000114,1957,,-0.278,0.025,-117.65108,0.846,704,44,,-0.282,-0.069,0
109,House,29336,43,21,FL,200,R,0,1,"DIAZ-BALART, Lincoln",D000299,1954,2025,0.243,-0.105,-192.5509,0.796,845,69,,0.331,-0.213,0
109,House,20316,43,25,FL,200,R,0,1,"DIAZ-BALART, Mario",D000600,1961,,0.281,0.158,-208.15324,0.77605,821,80,,0.44,-0.232,0
109,House,20315,43,24,FL,200,R,0,1,"FEENEY, Tom",F000447,1958,,0.641,-0.09,-144.57891,0.844,854,48,,0.689,-0.104,0
109,House,29510,43,16,FL,200,R,0,1,"FOLEY, Mark A.",F000238,1954,,0.311,-0.381,-173.69248,0.813,841,73,,0.294,-0.263,0
109,House,20314,43,13,FL,200,R,0,1,"HARRIS, Katherine",H001035,1957,,0.452,-0.238,-180.04911,0.802,817,85,,0.469,-0.302,0
109,House,29337,43,23,FL,100,D,0,1,"HASTINGS, Alcee Lamar",H000324,1936,2021,-0.564,0.157,-158.09343,0.81905,792,67,,-0.588,0.185,0
109,House,20112,43,8,FL,200,R,0,1,"KELLER, Richard (Ric)",K000361,1964,,0.458,-0.068,-145.23082,0.844,854,74,,0.47,-0.015,0
109,House,20503,43,14,FL,200,R,0,1,"MACK, Connie, IV",M001155,1967,,0.601,-0.16,-185.69141,0.811,884,80,,0.532,-0.125,0
109,House,20358,43,17,FL,100,D,0,1,"MEEK, Kendrick B.",M001148,1966,,-0.363,0.108,-142.61658,0.849,869,64,,-0.352,0.103,1
109,House,29331,43,7,FL,200,R,0,1,"MICA, John L.",M000689,1943,,0.453,0.137,-112.04861,0.881,884,43,,0.443,0.218,0
109,House,20110,43,1,FL,200,R,0,1,"MILLER, Jefferson B. (Jeff)",M001144,1959,,0.633,0.155,-151.39164,0.838,859,64,,0.641,0.138,1
109,House,20113,43,12,FL,200,R,0,1,"PUTNAM, Adam",P000586,1974,,0.414,0.14,-117.29209,0.876,887,38,,0.402,0.17,0
109,House,15634,43,18,FL,200,R,0,1,"ROS-LEHTINEN, Ileana",R000435,1952,,0.244,-0.225,-194.35314,0.79388,842,73,,0.329,-0.23,0
109,House,14860,43,22,FL,200,R,0,1,"SHAW, Eugene Clay, Jr.",S000303,1939,2013,0.3,-0.142,-134.33009,0.858,874,50,,0.343,-0.235,0
109,House,15627,43,6,FL,200,R,0,1,"STEARNS, Clifford Bundy",S000822,1941,,0.554,-0.075,-212.93479,0.787,887,90,,0.654,-0.13,0
109,House,20504,43,20,FL,100,D,0,1,"WASSERMAN SCHULTZ, Debbie",W000797,1966,,-0.415,0.103,-170.60477,0.82212,871,68,,-0.405,-0.185,0
109,House,29509,43,15,FL,200,R,0,1,"WELDON, David Joseph",W000267,1953,,0.471,0.146,-150.68666,0.842,875,64,,0.443,0.192,0
109,House,29715,43,19,FL,100,D,0,1,"WEXLER, Robert",W000314,1961,,-0.392,-0.193,-137.59949,0.848,832,52,,-0.379,-0.393,0
109,House,13047,43,10,FL,200,R,0,1,"YOUNG, Charles William (Bill)",Y000031,1930,2013,0.325,-0.112,-158.75277,0.826,832,71,,0.375,-0.221,0
109,House,29327,11,1,DE,200,R,0,1,"CASTLE, Michael Newbold",C000243,1939,,0.229,-0.7,-203.69426,0.789,858,86,,0.252,-0.763,0
109,House,29109,1,3,CT,100,D,0,1,"DeLAURO, Rosa L.",D000216,1943,,-0.414,-0.107,-100.12554,0.89326,887,43,,-0.431,-0.191,0
109,House,15028,1,5,CT,200,R,0,1,"JOHNSON, Nancy Lee",J000163,1935,,0.122,-0.513,-226.98958,0.773,880,94,,0.224,-0.633,0
109,House,29908,1,1,CT,100,D,0,1,"LARSON, John B.",L000557,1948,,-0.396,-0.038,-127.31252,0.85372,805,50,,-0.446,-0.051,0
109,House,15449,1,4,CT,200,R,0,1,"SHAYS, Christopher H.",S001144,1945,,0.129,-0.992,-283.2854,0.718,855,131,,0.107,-0.942,0
109,House,20109,1,2,CT,200,R,0,1,"SIMMONS, Robert (Rob)",S001152,1943,,0.171,-0.566,-219.26149,0.775,862,97,,0.15,-0.466,1
109,House,20312,62,7,CO,200,R,0,1,"BEAUPREZ, Bob",B001240,1948,,0.523,-0.102,-153.5455,0.835,853,54,,0.541,-0.045,0
109,House,29710,62,1,CO,100,D,0,1,"DeGETTE, Diana",D000197,1957,,-0.431,-0.308,-127.95576,0.86337,871,50,,-0.418,-0.358,0
109,House,15419,62,5,CO,200,R,0,1,"HEFLEY, Joel M.",H000444,1935,,0.591,0.13,-310.50174,0.7,870,115,,0.677,0.054,1
109,House,20311,62,4,CO,200,R,0,1,"MUSGRAVE, Marilyn N",M001152,1949,,0.565,0.223,-131.62321,0.859,866,54,,0.622,0.201,0
109,House,20502,62,3,CO,100,D,0,1,"SALAZAR, John",S001158,1953,,-0.277,0.561,-198.24725,0.797,876,92,,-0.26,0.564,0
109,House,29907,62,6,CO,200,R,0,1,"TANCREDO, Thomas G.",T000458,1945,,0.75,-0.022,-225.72168,0.767,851,97,,0.791,-0.189,0
109,House,29906,62,2,CO,100,D,0,1,"UDALL, Mark",U000038,1950,,-0.353,0.049,-210.66996,0.788,886,94,,-0.37,0.139,1
109,House,29942,71,43,CA,100,D,0,1,"BACA, Joe",B001234,1947,,-0.349,0.292,-149.88889,0.84,857,61,,-0.35,0.338,0
109,House,29316,71,31,CA,100,D,0,1,"BECERRA, Xavier",B000287,1958,,-0.512,-0.283,-93.44702,0.89531,845,34,,-0.471,-0.223,0
109,House,15005,71,28,CA,100,D,0,1,"BERMAN, Howard Lawrence",B000410,1941,,-0.404,-0.286,-122.45265,0.866,852,45,,-0.374,-0.355,0
109,House,29508,71,50,CA,200,R,2,2,"BILBRAY, Brian P.",B000461,1951,,0.392,-0.376,-47.53697,0.8,213,24,,0.518,-0.344,0
109,House,29775,71,45,CA,200,R,0,1,"BONO, Mary",B001228,1961,,0.353,-0.218,-181.52935,0.804,832,75,,0.344,-0.287,0
109,House,29323,71,44,CA,200,R,0,1,"CALVERT, Ken",C000059,1953,,0.339,0.276,-111.79893,0.88095,882,40,,0.369,0.066,1
109,House,20539,71,48,CA,200,R,2,2,"CAMPBELL, John (of California)",C001064,1955,,0.748,-0.415,-106.91094,0.786,445,48,,0.626,-0.102,0
109,House,29774,71,23,CA,100,D,0,1,"CAPPS, Lois",C001036,1938,,-0.389,-0.227,-118.48478,0.874,877,44,,-0.452,-0.4,0
109,House,20306,71,18,CA,100,D,0,1,"CARDOZA, Dennis A.",C001050,1959,,-0.262,0.609,-224.78822,0.77,858,109,,-0.245,0.437,0
109,House,20501,71,20,CA,100,D,0,1,"COSTA, Jim",C001059,1952,,-0.198,0.448,-203.12967,0.79049,864,96,,-0.233,0.432,0
109,House,15601,71,48,CA,200,R,1,1,"COX, Charles Christopher",C000830,1952,,0.54,-0.236,-44.31869,0.862,298,18,,0.58,-0.025,0
109,House,29107,71,50,CA,200,R,1,1,"CUNNINGHAM, Randall (Duke)",C000994,1941,,0.411,0.001,-57.3462,0.869,410,21,,0.324,0.027,0
109,House,20108,71,53,CA,100,D,0,1,"DAVIS, Susan A.",D000598,1944,,-0.343,-0.103,-125.71502,0.86459,864,50,,-0.344,-0.213,1
109,House,29104,71,4,CA,200,R,0,1,"DOOLITTLE, John Taylor",D000429,1950,,0.519,0.156,-137.90746,0.852,864,58,,0.415,0.417,0
109,House,14813,71,26,CA,200,R,0,1,"DREIER, David Timothy",D000492,1952,,0.478,-0.084,-142.71788,0.852,894,63,,0.395,-0.08,0
109,House,29312,71,14,CA,100,D,0,1,"ESHOO, Anna Georges",E000215,1942,,-0.379,-0.372,-123.46718,0.86641,861,42,,-0.373,-0.493,0
109,House,29313,71,17,CA,100,D,0,1,"FARR, Sam",F000030,1941,,-0.455,-0.219,-140.94103,0.852,881,58,,-0.498,-0.38,0
109,House,29325,71,51,CA,100,D,0,1,"FILNER, Bob",F000116,1942,2025,-0.652,0.002,-144.93477,0.846,867,67,,-0.566,-0.035,0
109,House,15413,71,24,CA,200,R,0,1,"GALLEGLY, Elton W.",G000021,1944,,0.402,-0.1,-107.46653,0.88,843,28,,0.355,0.181,0
109,House,29318,71,36,CA,100,D,0,1,"HARMAN, Jane L.",H000213,1945,,-0.262,-0.12,-164.82522,0.818,818,56,,-0.291,-0.171,0
109,House,15420,71,2,CA,200,R,0,1,"HERGER, Walter William (Wally)",H000528,1945,,0.551,0.117,-121.09815,0.872,884,46,,0.532,0.31,0
109,House,20103,71,15,CA,100,D,0,1,"HONDA, Mike",H001034,1941,,-0.529,-0.482,-124.35831,0.868,876,58,,-0.527,-0.34,0
109,House,14835,71,52,CA,200,R,0,1,"HUNTER, Duncan Lee",H000981,1948,,0.47,0.02,-136.66145,0.85,842,66,,0.456,0.182,1
109,House,20107,71,49,CA,200,R,0,1,"ISSA, Darrell",I000056,1953,,0.478,0.023,-127.63003,0.86042,849,57,,0.426,-0.052,0
109,House,14837,71,12,CA,100,D,0,1,"LANTOS, Thomas Peter",L000090,1928,2008,-0.376,-0.033,-104.05984,0.886,863,39,,-0.385,-0.11,0
109,House,29778,71,9,CA,100,D,0,1,"LEE, Barbara",L000551,1946,,-0.676,-0.582,-87.93387,0.90449,876,27,,-0.679,-0.677,0
109,House,14644,71,41,CA,200,R,0,1,"LEWIS, Charles Jeremy (Jerry)",L000274,1934,2021,0.348,-0.101,-145.6826,0.848,881,55,,0.367,-0.049,0
109,House,29504,71,16,CA,100,D,0,1,"LOFGREN, Zoe",L000397,1947,,-0.397,-0.404,-159.26811,0.83564,887,62,,-0.424,-0.391,0
109,House,14647,71,3,CA,200,R,0,1,"LUNGREN, Daniel Edward",L000517,1946,,0.497,-0.054,-173.18942,0.823,891,73,,0.51,-0.089,0
109,House,20538,71,5,CA,100,D,2,2,"MATSUI, Doris",M001163,1944,,-0.434,-0.142,-98.04558,0.89045,845,35,,-0.426,-0.257,0
109,House,29315,71,25,CA,200,R,0,1,"McKEON, Howard P. (Buck)",M000508,1938,,0.396,0.208,-104.85825,0.887,873,36,,0.374,0.231,1
109,House,29586,71,37,CA,100,D,0,1,"MILLENDER-McDONALD, Juanita",M000714,1938,2007,-0.438,-0.16,-94.8602,0.885,778,33,,-0.4,-0.227,0
109,House,29905,71,42,CA,200,R,0,1,"MILLER, Gary G.",M001139,1948,,0.478,0.222,-127.81401,0.861,856,45,,0.544,0.244,0
109,House,14256,71,7,CA,100,D,0,1,"MILLER, George",M000725,1945,,-0.552,-0.398,-113.51795,0.878,872,53,,-0.56,-0.399,0
109,House,29903,71,38,CA,100,D,0,1,"NAPOLITANO, Grace Flores",N000179,1936,,-0.448,-0.247,-104.13471,0.88431,847,40,,-0.442,-0.166,0
109,House,20307,71,21,CA,200,R,0,1,"NUNES, Devin",N000181,1973,,0.45,0.223,-116.38752,0.87492,871,43,,0.381,0.154,0
109,House,15448,71,8,CA,100,D,0,1,"PELOSI, Nancy",P000197,1940,,-0.489,-0.18,-87.38651,0.9037,863,28,,-0.445,-0.318,0
109,House,29311,71,11,CA,200,R,0,1,"POMBO, Richard William",P000419,1961,,0.461,0.469,-157.16921,0.833,858,61,,0.342,0.251,0
109,House,29505,71,19,CA,200,R,0,1,"RADANOVICH, George P.",R000004,1955,,0.484,0.18,-120.9697,0.867,846,57,,0.482,0.126,0
109,House,15621,71,46,CA,200,R,0,1,"ROHRABACHER, Dana",R000409,1947,,0.626,-0.417,-235.40574,0.76667,886,107,,0.662,-0.264,0
109,House,29317,71,34,CA,100,D,0,1,"ROYBAL-ALLARD, Lucille",R000486,1941,,-0.469,-0.171,-121.61453,0.86536,841,43,,-0.396,-0.294,0
109,House,29321,71,40,CA,200,R,0,1,"ROYCE, Edward Randall",R000487,1951,,0.657,-0.353,-168.5414,0.82534,878,77,,0.63,-0.216,0
109,House,20310,71,39,CA,100,D,0,1,"S√ÅNCHEZ, Linda T.",S001156,1969,,-0.508,-0.132,-105.96112,0.8868,882,36,,-0.485,-0.326,0
109,House,29709,71,47,CA,100,D,0,1,"SANCHEZ, Loretta",S000030,1960,,-0.367,0.025,-163.96218,0.827,863,67,,-0.345,-0.117,1
109,House,20104,71,29,CA,100,D,0,1,"SCHIFF, Adam",S001150,1960,,-0.353,-0.109,-118.14216,0.87136,858,47,,-0.331,-0.185,0
109,House,29707,71,27,CA,100,D,0,1,"SHERMAN, Brad",S000344,1954,,-0.344,-0.137,-141.10884,0.85246,884,58,,-0.368,-0.198,0
109,House,20105,71,32,CA,100,D,0,1,"SOLIS, Hilda L.",S001153,1957,,-0.508,-0.312,-99.81201,0.892,871,36,,-0.499,-0.408,0
109,House,14053,71,13,CA,100,D,0,1,"STARK, Fortney Hillman (Pete), Jr.",S000810,1931,2020,-0.631,-0.605,-114.73531,0.871,830,35,,-0.753,-0.658,0
109,House,29705,71,10,CA,100,D,0,1,"TAUSCHER, Ellen O'Kane",T000057,1951,2019,-0.308,-0.169,-137.19665,0.856,883,54,,-0.354,-0.182,1
109,House,14669,71,22,CA,200,R,0,1,"THOMAS, William Marshall",T000188,1941,,0.371,-0.277,-169.23329,0.819,845,65,,0.361,-0.143,0
109,House,29901,71,1,CA,100,D,0,1,"THOMPSON, Michael",T000460,1951,,-0.392,0.072,-207.93905,0.79123,888,82,,-0.373,0.031,0
109,House,29106,71,35,CA,100,D,0,1,"WATERS, Maxine",W000187,1938,,-0.656,-0.094,-135.95205,0.84941,833,53,,-0.621,-0.087,0
109,House,20106,71,33,CA,100,D,0,1,"WATSON, Diane Edith",W000794,1933,,-0.531,-0.351,-106.47339,0.879,827,52,,-0.554,-0.29,0
109,House,14280,71,30,CA,100,D,0,1,"WAXMAN, Henry Arnold",W000215,1939,,-0.473,-0.343,-119.30479,0.87,857,48,,-0.476,-0.457,0
109,House,29309,71,6,CA,100,D,0,1,"WOOLSEY, Lynn C.",W000738,1937,,-0.556,-0.529,-98.55387,0.893,875,37,,-0.647,-0.67,0
109,House,20100,61,6,AZ,200,R,0,1,"FLAKE, Jeff",F000444,1962,,0.855,-0.518,-277.76182,0.7229,856,119,,0.935,-0.354,0
109,House,20304,61,2,AZ,200,R,0,1,"FRANKS, Trent",F000448,1957,,0.749,0.087,-129.38582,0.86283,877,54,,0.825,0.009,1
109,House,20305,61,7,AZ,100,D,0,1,"GRIJALVA, Ra√∫l M.",G000551,1948,,-0.598,-0.264,-120.53413,0.87227,882,36,,-0.604,-0.269,0
109,House,29502,61,5,AZ,200,R,0,1,"HAYWORTH, John D., Jr.",H000413,1958,,0.559,-0.018,-195.37937,0.802,885,88,,0.599,-0.207,0
109,House,15105,61,8,AZ,200,R,0,1,"KOLBE, James Thomas",K000306,1942,2022,0.351,-0.534,-273.67698,0.725,850,119,,0.411,-0.463,0
109,House,29101,61,4,AZ,100,D,0,1,"PASTOR, Ed",P000099,1943,2018,-0.421,0.12,-239.36955,0.764,888,109,,-0.485,0.053,0
109,House,20303,61,1,AZ,200,R,0,1,"RENZI, Rick",R000574,1958,,0.265,0.199,-182.52464,0.815,890,84,,0.273,0.202,0
109,House,29501,61,3,AZ,200,R,0,1,"SHADEGG, John B.",S000275,1949,,0.749,0.008,-154.44229,0.837,866,64,,0.789,-0.17,0
109,House,29702,42,1,AR,100,D,0,1,"BERRY, Robert Marion",B000420,1942,2023,-0.293,0.956,-231.08825,0.771,890,99,,-0.315,0.949,0
109,House,20101,42,3,AR,200,R,0,1,"BOOZMAN, John",B001236,1950,,0.427,0.338,-115.12326,0.87632,872,47,,0.354,0.291,0
109,House,20102,42,4,AR,100,D,0,1,"ROSS, Michael Avery",R000573,1961,,-0.201,0.89,-181.75219,0.809,856,78,,-0.273,0.779,0
109,House,29703,42,2,AR,100,D,0,1,"SNYDER, Victor F.",S000672,1947,,-0.268,0.055,-194.88794,0.794,845,91,,-0.256,0.058,1
109,House,29701,41,4,AL,200,R,0,1,"ADERHOLT, Robert",A000055,1965,,0.405,0.467,-133.98822,0.86053,892,56,,0.384,0.243,0
109,House,29301,41,6,AL,200,R,0,1,"BACHUS, Spencer T., III",B000013,1947,,0.387,0.228,-127.94195,0.862,860,50,,0.437,0.163,0
109,House,20300,41,1,AL,200,R,0,1,"BONNER, Jr., Josiah Robins (Jo)",B001244,1959,,0.367,0.513,-128.58366,0.863,875,43,,0.382,0.239,0
109,House,29100,41,5,AL,100,D,0,1,"CRAMER, Robert E. (Bud), Jr.",C000868,1947,,-0.132,0.612,-216.72551,0.779,869,102,,-0.1,0.581,0
109,House,20302,41,7,AL,100,D,0,1,"DAVIS, Artur",D000602,1967,,-0.27,0.454,-180.78533,0.815,885,80,,-0.254,0.342,0
109,House,29300,41,2,AL,200,R,0,1,"EVERETT, Robert Terry",E000268,1937,2024,0.414,0.528,-151.6354,0.839,864,64,,0.463,0.131,1
109,House,20301,41,3,AL,200,R,0,1,"ROGERS, Mike Dennis",R000575,1958,,0.379,0.377,-132.15558,0.85832,865,48,,0.345,0.351,1
109,House,14066,81,1,AK,200,R,0,1,"YOUNG, Donald Edwin",Y000033,1933,2022,0.283,0.022,-219.13081,0.76772,829,87,,0.367,-0.047,0
110,House,29584,68,1,WY,200,R,0,1,"CUBIN, Barbara L.",C000962,1946,,0.501,0.345,-162.80987,0.795,711,71,,0.458,0.563,0
110,House,20146,56,2,WV,200,R,0,1,"CAPITO, Shelley Moore",C001047,1953,,0.282,0.144,-286.80912,0.81124,1371,126,,0.253,-0.018,0
110,House,15083,56,1,WV,100,D,0,1,"MOLLOHAN, Alan Bowlby",M000844,1943,,-0.292,0.657,-150.75501,0.894,1348,65,,-0.423,0.857,0
110,House,14448,56,3,WV,100,D,0,1,"RAHALL, Nick Joe, II",R000011,1949,,-0.306,0.45,-193.19128,0.869,1381,72,,-0.411,0.781,0
110,House,29940,25,2,WI,100,D,0,1,"BALDWIN, Tammy",B001230,1962,,-0.488,-0.13,-79.53122,0.94396,1379,32,,-0.575,-0.499,0
110,House,20751,25,8,WI,100,D,0,1,"KAGEN, Steven",K000365,1949,,-0.317,0.057,-150.86751,0.895,1364,52,,-0.278,0.173,0
110,House,29769,25,3,WI,100,D,0,1,"KIND, Ron",K000188,1963,,-0.26,-0.08,-144.52837,0.89932,1362,56,,-0.281,-0.044,0
110,House,20537,25,4,WI,100,D,0,1,"MOORE, Gwendolynne S. (Gwen)",M001160,1951,,-0.522,-0.272,-89.63069,0.93562,1347,35,,-0.566,-0.653,0
110,House,12036,25,7,WI,100,D,0,1,"OBEY, David Ross",O000007,1938,,-0.45,-0.063,-94.75976,0.933,1363,35,,-0.402,0.064,0
110,House,14675,25,6,WI,200,R,0,1,"PETRI, Thomas Evert",P000265,1940,,0.379,-0.367,-428.42785,0.734,1383,196,,0.496,-0.687,0
110,House,29939,25,1,WI,200,R,0,1,"RYAN, Paul D.",R000570,1970,,0.556,-0.25,-218.95065,0.8518,1365,81,,0.585,-0.427,0
110,House,14657,25,5,WI,200,R,0,1,"SENSENBRENNER, Frank James, Jr.",S000244,1943,,0.638,-0.579,-210.00704,0.85691,1360,81,,0.699,-0.51,0
110,House,29938,73,3,WA,100,D,0,1,"BAIRD, Brian",B001229,1956,,-0.342,0.257,-271.4734,0.813,1310,81,,-0.243,-0.048,0
110,House,14413,73,6,WA,100,D,0,1,"DICKS, Norman DeValois",D000327,1940,,-0.312,0.11,-79.51632,0.942,1331,26,,-0.316,0.058,0
110,House,29580,73,4,WA,200,R,0,1,"HASTINGS, Richard Norman (Doc)",H000329,1941,,0.416,0.411,-208.53915,0.856,1342,90,,0.451,0.314,0
110,House,29937,73,1,WA,100,D,0,1,"INSLEE, Jay Robert",I000026,1951,,-0.33,-0.194,-101.56105,0.928,1357,40,,-0.414,-0.273,0
110,House,20145,73,2,WA,100,D,0,1,"LARSEN, Richard Ray (Rick)",L000560,1965,,-0.365,0.164,-104.46162,0.92653,1369,43,,-0.395,0.329,1
110,House,15613,73,7,WA,100,D,0,1,"McDERMOTT, James A.",M000404,1936,,-0.666,-0.197,-121.09184,0.914,1348,47,,-0.626,-0.631,0
110,House,20535,73,5,WA,200,R,0,1,"McMORRIS RODGERS, Cathy",M001159,1969,,0.436,0.098,-200.68008,0.84682,1207,79,,0.388,0.173,1
110,House,20536,73,8,WA,200,R,0,1,"REICHERT, David G.",R000578,1950,,0.224,-0.146,-444.95341,0.722,1366,205,,0.228,-0.475,0
110,House,29768,73,9,WA,100,D,0,1,"SMITH, Adam",S000510,1965,,-0.291,-0.166,-157.88166,0.88917,1344,62,,-0.298,-0.228,1
110,House,20750,6,1,VT,100,D,0,1,"WELCH, Peter",W000800,1947,,-0.407,-0.383,-129.03062,0.91018,1371,49,,-0.452,-0.181,0
110,House,20765,96,1,VI,100,D,,,"CHRISTENSEN, Donna Marie",C000380,1945,,,,,,,,,,,0
110,House,15010,40,9,VA,100,D,0,1,"BOUCHER, Frederick C.",B000657,1946,,-0.265,0.189,-111.45092,0.918,1306,40,,-0.314,0.403,0
110,House,20144,40,7,VA,200,R,0,1,"CANTOR, Eric",C001046,1963,,0.518,0.191,-197.24481,0.861,1317,84,,0.594,-0.036,0
110,House,20141,40,1,VA,200,R,1,1,"DAVIS, Jo Ann",D000597,1950,2007,0.426,0.173,-18.31175,0.826,96,7,,0.329,0.249,1
110,House,29576,40,11,VA,200,R,0,1,"DAVIS, Thomas M., III",D000136,1949,,0.282,-0.404,-457.08948,0.706,1314,216,,0.326,-0.484,0
110,House,20534,40,2,VA,200,R,0,1,"DRAKE, Thelma D.",D000605,1949,,0.402,0.287,-180.92184,0.877,1374,66,,0.409,0.276,1
110,House,20143,40,4,VA,200,R,0,1,"FORBES, J. Randy",F000445,1952,,0.407,0.218,-223.9966,0.844,1318,83,,0.407,0.179,1
110,House,89767,40,5,VA,200,R,0,1,"GOODE, Virgil H., Jr.",G000280,1946,,0.439,0.633,-354.26237,0.769,1351,144,,0.464,0.382,0
110,House,39308,40,6,VA,200,R,0,1,"GOODLATTE, Robert William",G000289,1952,,0.496,-0.002,-274.11459,0.81938,1376,121,,0.463,0.126,0
110,House,29149,40,8,VA,100,D,0,1,"MORAN, James P.",M000933,1945,,-0.302,-0.203,-148.17247,0.894,1317,50,,-0.414,-0.455,0
110,House,39307,40,3,VA,100,D,0,1,"SCOTT, Robert C.",S000185,1947,,-0.45,-0.003,-66.43599,0.95283,1375,29,,-0.45,0.056,0
110,House,20756,40,1,VA,200,R,2,2,"WITTMAN, Robert J.",W000804,1959,,0.448,0.02,-67.15755,0.86606,467,30,,0.375,0.108,1
110,House,14869,40,10,VA,200,R,0,1,"WOLF, Frank Rudolph",W000672,1939,,0.284,-0.213,-324.71202,0.789,1368,140,,0.29,-0.224,0
110,House,20357,67,1,UT,200,R,0,1,"BISHOP, Robert (Rob)",B001250,1951,,0.537,0.105,-219.42466,0.83936,1253,91,,0.502,0.157,1
110,House,29766,67,3,UT,200,R,0,1,"CANNON, Christopher B.",C000116,1950,2024,0.596,0.017,-246.67092,0.823,1267,105,,0.638,-0.128,0
110,House,20140,67,2,UT,100,D,0,1,"MATHESON, James David (Jim)",M001142,1960,,-0.115,0.546,-430.0821,0.73,1365,165,,-0.122,0.675,0
110,House,15085,49,6,TX,200,R,0,1,"BARTON, Joe Linus",B000213,1949,,0.528,0.047,-280.47359,0.81228,1349,117,,0.522,0.178,0
110,House,29760,49,8,TX,200,R,0,1,"BRADY, Kevin Patrick",B000755,1955,,0.52,0.239,-263.97587,0.81572,1296,120,,0.486,0.297,0
110,House,20355,49,26,TX,200,R,0,1,"BURGESS, Michael C.",B001248,1950,,0.565,-0.164,-322.1379,0.78532,1333,130,,0.488,0.004,0
110,House,20356,49,31,TX,200,R,0,1,"CARTER, John R.",C001051,1941,,0.486,0.552,-235.07341,0.83676,1319,96,,0.51,0.449,0
110,House,20531,49,11,TX,200,R,0,1,"CONAWAY, K. Michael",C001062,1948,,0.593,0.367,-196.56188,0.86232,1327,81,,0.582,0.321,1
110,House,20533,49,28,TX,100,D,0,1,"CUELLAR, Henry",C001063,1955,,-0.225,0.634,-194.95958,0.86727,1369,80,,-0.223,0.745,0
110,House,20139,49,7,TX,200,R,0,1,"CULBERSON, John",C001048,1956,,0.503,0.366,-226.67175,0.83977,1298,99,,0.523,0.38,0
110,House,29571,49,25,TX,100,D,0,1,"DOGGETT, Lloyd Alton, II",D000399,1946,,-0.403,-0.33,-114.98684,0.91812,1346,43,,-0.387,-0.46,0
110,House,29144,49,17,TX,100,D,0,1,"EDWARDS, Thomas Chester (Chet)",E000063,1951,,-0.226,0.5,-118.50548,0.915,1338,38,,-0.269,0.579,0
110,House,20527,49,1,TX,200,R,0,1,"GOHMERT, Louie",G000552,1953,,0.644,-0.406,-381.73711,0.74368,1289,145,,0.489,0.256,0
110,House,29943,49,20,TX,100,D,0,1,"GONZALEZ, Charles A.",G000544,1945,,-0.347,0.262,-123.55679,0.913,1355,49,,-0.432,0.494,0
110,House,29762,49,12,TX,200,R,0,1,"GRANGER, Kay",G000377,1943,,0.403,0.243,-234.38224,0.83663,1314,95,,0.44,0.141,0
110,House,20529,49,9,TX,100,D,0,1,"GREEN, Al",G000553,1947,,-0.446,0.263,-83.81269,0.94049,1366,31,,-0.433,0.093,0
110,House,39304,49,29,TX,100,D,0,1,"GREEN, Raymond Eugene (Gene)",G000410,1947,,-0.324,0.453,-163.53807,0.88567,1347,56,,-0.333,0.695,0
110,House,94828,49,4,TX,200,R,0,1,"HALL, Ralph Moody",H000067,1923,2019,0.424,0.308,-287.82385,0.809,1358,107,,0.418,0.297,0
110,House,20352,49,5,TX,200,R,0,1,"HENSARLING, Jeb",H001036,1957,,0.703,0.04,-134.41782,0.90602,1362,51,,0.765,-0.18,0
110,House,29763,49,15,TX,100,D,0,1,"HINOJOSA, Rub√©n",H000636,1940,,-0.34,0.235,-105.18843,0.918,1227,32,,-0.37,0.472,0
110,House,29573,49,18,TX,100,D,0,1,"JACKSON LEE, Sheila",J000032,1950,,-0.459,0.121,-112.43294,0.91859,1324,42,,-0.538,0.003,0
110,House,39305,49,30,TX,100,D,0,1,"JOHNSON, Eddie Bernice",J000126,1934,2023,-0.485,0.198,-94.57372,0.92529,1218,40,,-0.532,0.211,0
110,House,29143,49,3,TX,200,R,0,1,"JOHNSON, Sam",J000174,1930,2020,0.61,0.277,-185.60235,0.86222,1252,69,,0.64,0.121,0
110,House,29761,49,22,TX,100,D,0,1,"LAMPSON, Nicholas V.",L000043,1945,,-0.179,0.186,-696.20111,0.573,1249,256,,-0.025,0.332,0
110,House,20532,49,24,TX,200,R,0,1,"MARCHANT, Kenny",M001158,1951,,0.6,0.154,-214.22462,0.84743,1294,86,,0.576,0.34,0
110,House,20530,49,10,TX,200,R,0,1,"McCAUL, Michael T.",M001157,1962,,0.411,0.172,-248.0649,0.83226,1351,109,,0.448,-0.013,0
110,House,20353,49,19,TX,200,R,0,1,"NEUGEBAUER, Randy",N000182,1949,,0.628,0.322,-163.39132,0.885,1342,75,,0.598,0.321,0
110,House,15049,49,27,TX,100,D,0,1,"ORTIZ, Solomon P.",O000107,1937,,-0.272,0.712,-102.91101,0.916,1178,34,,-0.34,0.587,1
110,House,14290,49,14,TX,200,R,0,1,"PAUL, Ronald Ernest",P000583,1935,,0.863,-0.505,-666.87467,0.525,1035,198,,0.741,-0.671,0
110,House,20528,49,2,TX,200,R,0,1,"POE, Ted",P000592,1948,,0.594,-0.029,-300.21339,0.79616,1317,124,,0.567,0.25,0
110,House,29764,49,16,TX,100,D,0,1,"REYES, Silvestre",R000170,1944,,-0.321,0.304,-87.24366,0.936,1320,27,,-0.341,0.414,1
110,House,29771,49,23,TX,100,D,0,1,"RODRIGUEZ, Ciro D.",R000568,1946,,-0.349,0.238,-145.18716,0.9,1379,53,,-0.306,0.476,0
110,House,29759,49,32,TX,200,R,0,1,"SESSIONS, Pete",S000250,1955,,0.585,0.171,-148.74863,0.88679,1238,54,,0.587,0.061,0
110,House,15445,49,21,TX,200,R,0,1,"SMITH, Lamar Seeligson",S000583,1947,,0.425,0.061,-214.44805,0.85312,1350,77,,0.433,0.16,0
110,House,29572,49,13,TX,200,R,0,1,"THORNBERRY, William McClellan (Mac)",T000238,1958,,0.525,0.313,-241.48608,0.83764,1363,106,,0.555,0.132,1
110,House,20351,54,7,TN,200,R,0,1,"BLACKBURN, Marsha",B001243,1952,,0.632,0.14,-158.68124,0.88879,1346,60,,0.622,0.084,0
110,House,20748,54,9,TN,100,D,0,1,"COHEN, Stephen",C001068,1949,,-0.39,-0.293,-100.88252,0.92891,1368,41,,-0.382,-0.148,0
110,House,15019,54,5,TN,100,D,0,1,"COOPER, James Hayes Shofner",C000754,1954,,-0.164,-0.033,-644.18024,0.62032,1349,149,,-0.201,-0.429,1
110,House,20747,54,1,TN,200,R,0,1,"DAVIS, David",D000606,1959,,0.55,0.253,-163.4214,0.887,1363,60,,0.554,0.152,0
110,House,20350,54,4,TN,100,D,0,1,"DAVIS, Lincoln",D000599,1943,,-0.205,0.854,-204.66939,0.858,1336,73,,-0.201,0.734,0
110,House,15455,54,2,TN,200,R,0,1,"DUNCAN, John J., Jr.",D000533,1947,,0.604,-0.476,-407.86966,0.74428,1381,150,,0.689,-0.556,0
110,House,15100,54,6,TN,100,D,0,1,"GORDON, Barton Jennings",G000309,1949,,-0.204,0.286,-286.7455,0.806,1331,93,,-0.182,0.39,0
110,House,15628,54,8,TN,100,D,0,1,"TANNER, John S.",T000038,1944,,-0.182,0.648,-234.93823,0.84,1344,96,,-0.195,0.7,0
110,House,29567,54,3,TN,200,R,0,1,"WAMP, Zachary Paul",W000119,1957,,0.428,0.072,-266.82382,0.821,1353,106,,0.429,0.242,0
110,House,20349,37,1,SD,100,D,0,1,"HERSETH SANDLIN, Stephanie",H001037,1970,,-0.184,0.507,-200.90908,0.864,1379,75,,-0.205,0.633,0
110,House,20347,48,3,SC,200,R,0,1,"BARRETT, James Gresham",B001239,1961,,0.653,0.062,-151.46643,0.894,1351,53,,0.673,-0.058,0
110,House,20137,48,1,SC,200,R,0,1,"BROWN, Henry Edward, Jr.",B001235,1935,,0.367,0.24,-247.95327,0.832,1344,104,,0.373,0.253,0
110,House,39301,48,6,SC,100,D,0,1,"CLYBURN, James Enos",C000537,1940,,-0.466,0.246,-83.74208,0.94054,1366,34,,-0.469,0.346,0
110,House,39300,48,4,SC,200,R,0,1,"INGLIS, Robert Durden",I000023,1959,,0.518,-0.058,-337.0167,0.783,1376,119,,0.58,-0.47,0
110,House,15064,48,5,SC,100,D,0,1,"SPRATT, John McKee, Jr.",S000749,1942,2024,-0.256,0.255,-88.96865,0.937,1357,28,,-0.287,0.347,1
110,House,20138,48,2,SC,200,R,0,1,"WILSON, Addison Graves (Joe)",W000795,1947,,0.53,0.16,-180.56804,0.87685,1374,70,,0.573,-0.09,1
110,House,29564,5,1,RI,100,D,0,1,"KENNEDY, Patrick Joseph",K000113,1967,,-0.409,-0.062,-69.13917,0.949,1317,22,,-0.402,-0.046,0
110,House,20136,5,2,RI,100,D,0,1,"LANGEVIN, James",L000559,1964,,-0.375,0.114,-79.57152,0.94361,1371,25,,-0.361,-0.088,1
110,House,20766,92,1,PR,200,R,,,"FORTU√ëO, Luis G.",F000452,1960,,,,,,,,,,,0
110,House,20743,14,4,PA,100,D,0,1,"ALTMIRE, Jason",A000362,1968,,-0.133,0.59,-359.01475,0.772,1386,177,,-0.096,0.625,0
110,House,29777,14,1,PA,100,D,0,1,"BRADY, Robert A.",B001227,1945,,-0.484,0.225,-59.80689,0.95411,1273,16,,-0.441,0.106,1
110,House,20746,14,10,PA,100,D,0,1,"CARNEY, Chris",C001065,1959,,-0.119,0.488,-372.93019,0.759,1350,168,,-0.099,0.552,0
110,House,20526,14,15,PA,200,R,0,1,"DENT, Charles W.",D000604,1960,,0.244,-0.085,-314.13846,0.79681,1383,150,,0.248,-0.251,0
110,House,29561,14,14,PA,100,D,0,1,"DOYLE, Michael F.",D000482,1953,,-0.331,0.099,-92.3165,0.93026,1277,33,,-0.43,0.167,0
110,House,29563,14,3,PA,200,R,0,1,"ENGLISH, Philip Sheridan",E000187,1956,,0.251,0.053,-345.43442,0.775,1354,134,,0.257,-0.038,0
110,House,29559,14,2,PA,100,D,0,1,"FATTAH, Chaka",F000043,1956,,-0.472,-0.054,-66.50909,0.948,1238,24,,-0.438,-0.049,0
110,House,20345,14,6,PA,200,R,0,1,"GERLACH, Jim",G000549,1955,,0.221,-0.107,-301.9,0.798,1340,124,,0.232,-0.301,0
110,House,29396,14,17,PA,100,D,0,1,"HOLDEN, Thomas Timothy (Tim)",H000712,1957,,-0.233,0.608,-148.73888,0.895,1343,58,,-0.256,0.598,0
110,House,15104,14,11,PA,100,D,0,1,"KANJORSKI, Paul E.",K000008,1937,,-0.303,0.364,-183.01072,0.871,1327,61,,-0.358,0.622,0
110,House,20745,14,8,PA,100,D,0,1,"MURPHY, Patrick",M001168,1973,,-0.204,0.107,-313.34566,0.796,1371,116,,-0.168,0.122,1
110,House,20346,14,18,PA,200,R,0,1,"MURPHY, Timothy",M001151,1952,,0.258,0.198,-350.2448,0.7731,1361,156,,0.208,0.137,0
110,House,14072,14,12,PA,100,D,0,1,"MURTHA, John Patrick, Jr.",M001120,1932,2010,-0.265,0.569,-141.55955,0.901,1351,54,,-0.391,0.524,0
110,House,29751,14,5,PA,200,R,0,1,"PETERSON, John",P000263,1938,,0.34,0.24,-223.68162,0.826,1172,100,,0.332,0.289,0
110,House,29752,14,16,PA,200,R,0,1,"PITTS, Joseph R.",P000373,1939,,0.538,0.012,-179.51658,0.872,1314,60,,0.572,-0.077,0
110,House,20135,14,19,PA,200,R,0,1,"PLATTS, Todd",P000585,1962,,0.252,-0.15,-375.86997,0.759,1365,170,,0.286,-0.365,0
110,House,20525,14,13,PA,100,D,0,1,"SCHWARTZ, Allyson Y.",S001162,1948,,-0.343,-0.008,-118.86161,0.917,1374,38,,-0.308,-0.024,0
110,House,20744,14,7,PA,100,D,0,1,"SESTAK, Joe",S001169,1951,,-0.271,-0.155,-122.15077,0.914,1356,48,,-0.266,-0.086,1
110,House,20134,14,9,PA,200,R,0,1,"SHUSTER, William (Bill)",S001154,1961,,0.374,0.323,-246.43841,0.83371,1355,99,,0.407,0.314,1
110,House,29588,72,3,OR,100,D,0,1,"BLUMENAUER, Earl",B000574,1948,,-0.426,-0.626,-153.59829,0.89306,1358,55,,-0.476,-0.88,0
110,House,15410,72,4,OR,100,D,0,1,"DeFAZIO, Peter Anthony",D000191,1947,,-0.427,-0.002,-303.73854,0.79892,1353,91,,-0.273,-0.238,0
110,House,29750,72,5,OR,100,D,0,1,"HOOLEY, Darlene",H000762,1939,,-0.315,-0.075,-97.16872,0.927,1282,37,,-0.301,-0.123,0
110,House,29932,72,2,OR,200,R,0,1,"WALDEN, Greg",W000791,1957,,0.333,-0.011,-312.43243,0.79285,1346,148,,0.316,-0.041,0
110,House,29931,72,1,OR,100,D,0,1,"WU, David",W000793,1955,,-0.37,0.031,-153.01498,0.894,1362,58,,-0.346,-0.339,0
110,House,20523,53,2,OK,100,D,0,1,"BOREN, Daniel David",B001254,1973,,-0.112,0.994,-248.80819,0.829,1325,90,,-0.144,0.896,1
110,House,20344,53,4,OK,200,R,0,1,"COLE, Tom",C001053,1949,,0.323,0.412,-234.79004,0.84069,1353,91,,0.378,0.327,1
110,House,20742,53,5,OK,200,R,0,1,"FALLIN, Mary",F000453,1954,,0.432,0.244,-174.5935,0.881,1374,65,,0.413,0.312,0
110,House,29393,53,3,OK,200,R,0,1,"LUCAS, Frank D.",L000491,1960,,0.361,0.452,-204.77941,0.85809,1338,74,,0.371,0.393,0
110,House,20131,53,1,OK,200,R,0,1,"SULLIVAN, John",S001155,1965,,0.513,0.173,-194.9246,0.857,1265,84,,0.543,0.032,0
110,House,29137,24,8,OH,200,R,0,1,"BOEHNER, John Andrew",B000589,1949,,0.513,0.04,-166.51344,0.881,1312,57,,0.566,0.155,0
110,House,29550,24,1,OH,200,R,0,1,"CHABOT, Steve",C000266,1953,,0.542,-0.137,-270.75342,0.82126,1375,104,,0.543,-0.401,0
110,House,20941,24,11,OH,100,D,2,2,"FUDGE, Marcia L.",F000455,1952,,-0.581,0.14,-0.04255,0.99293,6,0,,-0.589,-0.271,0
110,House,15604,24,5,OH,200,R,1,1,"GILLMOR, Paul Eugene",G000210,1939,2007,0.254,0.106,-192.46959,0.753,677,98,,0.276,0.028,0
110,House,29136,24,7,OH,200,R,0,1,"HOBSON, David Lee",H000666,1936,2024,0.315,-0.229,-314.38783,0.79,1334,130,,0.314,-0.121,0
110,House,29930,24,11,OH,100,D,1,1,"JONES, Stephanie Tubbs",J000284,1949,2008,-0.521,-0.059,-65.6991,0.943,1121,27,,-0.494,-0.069,0
110,House,20738,24,4,OH,200,R,0,1,"JORDAN, Jim",J000289,1964,,0.713,-0.183,-184.96475,0.87362,1369,62,,0.647,0.003,0
110,House,15029,24,9,OH,100,D,0,1,"KAPTUR, Marcia Carolyn (Marcy)",K000009,1946,,-0.343,0.133,-200.93301,0.86104,1343,68,,-0.345,0.036,0
110,House,29748,24,10,OH,100,D,0,1,"KUCINICH, Dennis",K000336,1946,,-0.582,0.024,-481.39123,0.689,1290,111,,-0.954,0.3,0
110,House,29553,24,14,OH,200,R,0,1,"LaTOURETTE, Steven C.",L000553,1954,2016,0.211,-0.063,-363.34834,0.766,1361,146,,0.223,-0.082,0
110,House,20755,24,5,OH,200,R,2,2,"LATTA, Robert E.",L000566,1956,,0.509,0.285,-47.18696,0.90448,470,18,,0.489,0.258,0
110,House,29390,24,15,OH,200,R,0,1,"PRYCE, Deborah D.",P000555,1951,,0.32,-0.329,-274.76485,0.79,1164,113,,0.301,-0.181,0
110,House,14045,24,16,OH,200,R,0,1,"REGULA, Ralph Straus",R000141,1924,2017,0.221,-0.223,-348.93843,0.776,1379,163,,0.271,-0.006,0
110,House,20343,24,17,OH,100,D,0,1,"RYAN, Timothy J.",R000577,1973,,-0.402,0.208,-94.89481,0.93188,1345,43,,-0.408,0.346,0
110,House,20540,24,2,OH,200,R,0,1,"SCHMIDT, Jean",S001164,1951,,0.467,-0.1,-204.92957,0.859,1350,89,,0.466,-0.1,0
110,House,20741,24,18,OH,100,D,0,1,"SPACE, Zack",S001173,1961,,-0.167,0.498,-222.86499,0.849,1357,87,,-0.168,0.561,0
110,House,20740,24,13,OH,100,D,0,1,"SUTTON, Betty",S001174,1963,,-0.44,0.165,-71.06209,0.949,1356,31,,-0.455,0.043,0
110,House,20130,24,12,OH,200,R,0,1,"TIBERI, Patrick (Pat)",T000462,1962,,0.386,-0.026,-268.84275,0.82135,1366,116,,0.401,-0.099,0
110,House,20342,24,3,OH,200,R,0,1,"TURNER, Michael R.",T000463,1960,,0.266,0.254,-278.3114,0.81604,1369,124,,0.274,0.093,1
110,House,20739,24,6,OH,100,D,0,1,"WILSON, Charlie",W000801,1943,2013,-0.321,0.635,-127.99592,0.906,1298,56,,-0.272,0.491,0
110,House,15000,13,5,NY,100,D,0,1,"ACKERMAN, Gary Leonard",A000022,1942,,-0.429,-0.165,-56.95976,0.958,1321,18,,-0.403,-0.159,0
110,House,20736,13,24,NY,100,D,0,1,"ARCURI, Michael",A000363,1959,,-0.206,0.341,-139.99626,0.903,1375,48,,-0.304,0.146,0
110,House,20338,13,1,NY,100,D,0,1,"BISHOP, Timothy H.",B001242,1950,,-0.338,-0.05,-65.18714,0.953,1355,16,,-0.369,-0.142,0
110,House,20733,13,11,NY,100,D,0,1,"CLARKE, Yvette Diane",C001067,1964,,-0.607,-0.259,-60.74926,0.95177,1229,26,,-0.611,-0.089,0
110,House,29925,13,7,NY,100,D,0,1,"CROWLEY, Joseph",C001038,1962,,-0.412,-0.07,-88.70846,0.93752,1375,39,,-0.453,-0.162,0
110,House,15603,13,17,NY,100,D,0,1,"ENGEL, Eliot Lance",E000179,1947,,-0.408,-0.093,-80.41727,0.9356,1208,31,,-0.382,-0.148,0
110,House,29773,13,13,NY,200,R,0,1,"FOSSELLA, Vito John",F000440,1965,,0.426,-0.336,-327.41958,0.775,1286,155,,0.449,-0.583,0
110,House,20735,13,20,NY,100,D,0,1,"GILLIBRAND, Kirsten",G000555,1966,,-0.454,-0.332,-438.82598,0.71462,1306,125,,-0.187,0.301,1
110,House,20734,13,19,NY,100,D,0,1,"HALL, John",H001039,1948,,-0.319,-0.046,-112.81545,0.921,1376,42,,-0.315,-0.057,0
110,House,20519,13,27,NY,100,D,0,1,"HIGGINS, Brian",H001038,1959,,-0.348,-0.032,-79.90383,0.94021,1296,33,,-0.364,0.11,0
110,House,29380,13,22,NY,100,D,0,1,"HINCHEY, Maurice Dunlea",H000627,1938,2017,-0.575,-0.007,-95.35658,0.932,1352,35,,-0.592,-0.093,0
110,House,20129,13,2,NY,100,D,0,1,"ISRAEL, Steve",I000057,1958,,-0.334,-0.051,-81.68018,0.941,1354,29,,-0.344,-0.25,0
110,House,29375,13,3,NY,200,R,0,1,"KING, Peter T.",K000210,1944,,0.259,-0.03,-338.71627,0.77781,1348,145,,0.294,-0.175,0
110,House,20520,13,29,NY,200,R,0,1,"KUHL, John R. (Randy), Jr.",K000364,1943,,0.277,0.06,-328.98699,0.786,1363,151,,0.274,0.025,0
110,House,15612,13,18,NY,100,D,0,1,"LOWEY, Nita M.",L000480,1937,2025,-0.389,-0.152,-54.00332,0.96047,1339,13,,-0.383,-0.166,0
110,House,29379,13,14,NY,100,D,0,1,"MALONEY, Carolyn Bosher",M000087,1946,,-0.387,-0.285,-63.48138,0.95325,1326,18,,-0.385,-0.158,0
110,House,29744,13,4,NY,100,D,0,1,"McCARTHY, Carolyn",M000309,1944,,-0.294,-0.04,-77.81419,0.944,1358,17,,-0.343,-0.049,0
110,House,39316,13,23,NY,200,R,0,1,"McHUGH, John Michael",M000472,1948,,0.225,-0.063,-303.01228,0.801,1366,118,,0.211,-0.026,1
110,House,15614,13,21,NY,100,D,0,1,"McNULTY, Michael Robert",M000590,1947,,-0.369,0.369,-119.31445,0.914,1321,45,,-0.391,-0.11,0
110,House,29776,13,6,NY,100,D,0,1,"MEEKS, Gregory W.",M001137,1953,,-0.416,-0.063,-96.53917,0.92958,1322,36,,-0.44,0,0
110,House,29377,13,8,NY,100,D,0,1,"NADLER, Jerrold Lewis",N000002,1947,,-0.507,-0.478,-78.07102,0.94295,1329,26,,-0.456,-0.193,0
110,House,13035,13,15,NY,100,D,0,1,"RANGEL, Charles B.",R000053,1930,,-0.514,-0.341,-83.97267,0.936,1267,34,,-0.439,-0.12,0
110,House,29928,13,26,NY,200,R,0,1,"REYNOLDS, Thomas M.",R000569,1950,,0.349,0.009,-245.48599,0.83,1314,96,,0.35,0.123,0
110,House,29134,13,16,NY,100,D,0,1,"SERRANO, Jos√© E.",S000248,1943,,-0.491,-0.377,-89.23631,0.93712,1374,36,,-0.537,-0.33,0
110,House,15444,13,28,NY,100,D,0,1,"SLAUGHTER, Louise McIntosh",S000480,1929,2018,-0.465,-0.104,-63.07712,0.95348,1324,25,,-0.552,0.003,0
110,House,15072,13,10,NY,100,D,0,1,"TOWNS, Edolphus",T000326,1934,,-0.519,-0.132,-90.5876,0.934,1334,38,,-0.505,-0.105,0
110,House,29378,13,12,NY,100,D,0,1,"VEL√ÅZQUEZ, Nydia M.",V000081,1953,,-0.547,-0.367,-69.9222,0.95024,1370,24,,-0.556,-0.201,0
110,House,15630,13,25,NY,200,R,0,1,"WALSH, James T.",W000099,1947,,0.208,-0.19,-341.7766,0.77,1308,163,,0.223,-0.146,0
110,House,29926,13,9,NY,100,D,0,1,"WEINER, Anthony D.",W000792,1964,,-0.408,-0.371,-92.6709,0.933,1332,30,,-0.379,-0.311,0
110,House,29922,65,1,NV,100,D,0,1,"BERKLEY, Shelley",B001231,1951,,-0.302,0.024,-141.89566,0.899,1335,51,,-0.273,0.124,0
110,House,20730,65,2,NV,200,R,0,1,"HELLER, Dean",H001041,1960,,0.463,-0.459,-275.40988,0.81741,1366,114,,0.489,-0.359,0
110,House,20334,65,3,NV,200,R,0,1,"PORTER, Jon C.",P000589,1955,,0.241,-0.071,-310.87533,0.795,1354,127,,0.233,-0.13,0
110,House,20337,66,2,NM,200,R,0,1,"PEARCE, Stevan",P000588,1947,,0.472,0.064,-240.29139,0.83739,1354,91,,0.471,0.107,0
110,House,29924,66,3,NM,100,D,0,1,"UDALL, Thomas (Tom)",U000039,1948,,-0.453,0.161,-117.95831,0.91609,1346,41,,-0.336,-0.063,0
110,House,29779,66,1,NM,200,R,0,1,"WILSON, Heather",W000789,1960,,0.247,-0.027,-339.82007,0.772,1314,158,,0.288,-0.014,0
110,House,29132,12,1,NJ,100,D,0,1,"ANDREWS, Robert Ernest",A000210,1957,,-0.297,-0.119,-72.77812,0.942,1226,25,,-0.349,-0.04,1
110,House,20127,12,7,NJ,200,R,0,1,"FERGUSON, Michael",F000443,1970,,0.244,-0.404,-294.08729,0.797,1294,125,,0.221,-0.375,0
110,House,29541,12,11,NJ,200,R,0,1,"FRELINGHUYSEN, Rodney P.",F000372,1946,,0.292,-0.262,-356.51872,0.77131,1373,146,,0.309,-0.401,0
110,House,20336,12,5,NJ,200,R,0,1,"GARRETT, Scott",G000548,1959,,0.688,-0.243,-207.2349,0.859,1363,81,,0.651,-0.238,0
110,House,29923,12,12,NJ,100,D,0,1,"HOLT, Rush",H001032,1948,,-0.463,-0.33,-95.46019,0.933,1368,34,,-0.473,-0.471,0
110,House,29539,12,2,NJ,200,R,0,1,"LoBIONDO, Frank A.",L000554,1946,,0.211,-0.224,-342.77794,0.77992,1379,154,,0.184,-0.366,1
110,House,15454,12,6,NJ,100,D,0,1,"PALLONE, Frank, Jr.",P000034,1951,,-0.402,-0.161,-76.01833,0.94591,1367,29,,-0.46,-0.37,0
110,House,29741,12,8,NJ,100,D,0,1,"PASCRELL, William J., Jr.",P000096,1937,2024,-0.369,-0.004,-103.11855,0.92703,1361,41,,-0.428,-0.092,0
110,House,15619,12,10,NJ,100,D,0,1,"PAYNE, Donald Milford",P000149,1934,2012,-0.592,-0.547,-83.41643,0.938,1306,33,,-0.57,-0.391,0
110,House,29742,12,9,NJ,100,D,0,1,"ROTHMAN, Steven",R000462,1952,,-0.352,-0.092,-94.56622,0.932,1338,38,,-0.388,-0.121,0
110,House,15112,12,3,NJ,200,R,0,1,"SAXTON, Hugh James",S000097,1943,,0.238,-0.378,-313.21007,0.783,1283,141,,0.235,-0.29,1
110,House,20542,12,13,NJ,100,D,0,1,"SIRES, Albio",S001165,1951,,-0.404,0.098,-85.00214,0.93915,1354,34,,-0.376,-0.075,0
110,House,14863,12,4,NJ,200,R,0,1,"SMITH, Christopher Henry",S000522,1953,,0.181,-0.172,-334.86243,0.78175,1360,144,,0.161,-0.38,0
110,House,20732,4,2,NH,100,D,0,1,"HODES, Paul",H001043,1951,,-0.256,-0.158,-99.51719,0.93,1373,39,,-0.337,-0.066,0
110,House,20731,4,1,NH,100,D,0,1,"SHEA-PORTER, Carol",S001170,1952,,-0.315,-0.131,-81.28056,0.94215,1364,30,,-0.336,-0.032,1
110,House,20518,35,1,NE,200,R,0,1,"FORTENBERRY, Jeff",F000449,1960,,0.304,-0.061,-321.74614,0.78752,1347,154,,0.296,-0.114,0
110,House,20729,35,3,NE,200,R,0,1,"SMITH, Adrian",S001172,1970,,0.511,0.252,-176.04634,0.87991,1376,68,,0.519,0.151,0
110,House,29921,35,2,NE,200,R,0,1,"TERRY, Lee Raymond",T000459,1962,,0.426,-0.067,-304.21078,0.8,1362,138,,0.445,-0.19,0
110,House,29384,36,1,ND,100,D,0,1,"POMEROY, Earl Ralph, III",P000422,1952,,-0.266,0.339,-110.73823,0.922,1367,36,,-0.261,0.362,0
110,House,20340,47,1,NC,100,D,0,1,"BUTTERFIELD, George Kenneth, Jr. (G.K.)",B001251,1947,,-0.404,0.184,-84.73887,0.93841,1333,36,,-0.459,0.291,0
110,House,15092,47,6,NC,200,R,0,1,"COBLE, Howard",C000556,1931,2015,0.52,-0.081,-298.04723,0.798,1323,114,,0.533,-0.06,0
110,House,29745,47,2,NC,100,D,0,1,"ETHERIDGE, Bobby R.",E000226,1941,,-0.288,0.288,-103.73805,0.927,1376,32,,-0.298,0.327,0
110,House,20521,47,5,NC,200,R,0,1,"FOXX, Virginia Ann",F000450,1943,,0.623,0.174,-205.00249,0.86195,1380,85,,0.631,0.335,0
110,House,29929,47,8,NC,200,R,0,1,"HAYES, Robert (Robin)",H001029,1945,,0.351,0.388,-310.39382,0.792,1330,127,,0.325,0.26,1
110,House,29546,47,3,NC,200,R,0,1,"JONES, Walter Beaman, Jr.",J000255,1943,2019,0.244,-0.362,-749.53058,0.567,1321,323,,0.226,0.128,1
110,House,20522,47,10,NC,200,R,0,1,"McHENRY, Patrick T.",M001156,1975,,0.524,0.156,-184.12029,0.87026,1325,68,,0.597,0.126,0
110,House,29746,47,7,NC,100,D,0,1,"McINTYRE, Mike",M000485,1956,,-0.148,0.56,-249.58537,0.834,1379,102,,-0.151,0.613,1
110,House,20341,47,13,NC,100,D,0,1,"MILLER, Brad",M001154,1953,,-0.376,0.063,-98.24516,0.931,1365,32,,-0.353,-0.039,0
110,House,29549,47,9,NC,200,R,0,1,"MYRICK, Sue",M001134,1941,,0.56,0.027,-169.77161,0.878,1306,67,,0.581,-0.11,0
110,House,15438,47,4,NC,100,D,0,1,"PRICE, David Eugene",P000523,1940,,-0.343,-0.03,-80.63615,0.94296,1373,29,,-0.459,-0.032,0
110,House,20737,47,11,NC,100,D,0,1,"SHULER, Heath",S001171,1971,,-0.07,0.224,-439.06452,0.722,1348,205,,-0.084,0.624,0
110,House,29383,47,12,NC,100,D,0,1,"WATT, Melvin L.",W000207,1945,,-0.526,-0.155,-91.07093,0.936,1372,36,,-0.53,0.059,0
110,House,20125,64,1,MT,200,R,0,1,"REHBERG, Denny",R000571,1955,,0.337,0.244,-236.84982,0.842,1382,88,,0.329,0.283,0
110,House,20761,46,1,MS,100,D,2,2,"CHILDERS, Travis W.",C001074,1958,,-0.011,0.631,-81.1135,0.718,245,42,,-0.007,0.596,0
110,House,29734,46,3,MS,200,R,0,1,"PICKERING, Charles W. (Chip), Jr.",P000323,1963,,0.342,0.325,-247.70237,0.815,1210,92,,0.333,0.333,0
110,House,15637,46,4,MS,100,D,0,1,"TAYLOR, Gary Eugene (Gene)",T000074,1953,,-0.045,0.893,-508.13201,0.689,1363,230,,-0.105,0.994,1
110,House,29368,46,2,MS,100,D,0,1,"THOMPSON, Bennie",T000193,1948,,-0.519,0.391,-76.48853,0.94523,1358,35,,-0.506,0.262,0
110,House,29534,46,1,MS,200,R,1,1,"WICKER, Roger F.",W000437,1951,,0.377,0.341,-190.39494,0.80914,899,76,,0.352,0.373,0
110,House,20123,34,2,MO,200,R,0,1,"AKIN, W. Todd",A000358,1947,2021,0.612,0.235,-158.92238,0.89,1364,56,,0.615,0.097,1
110,House,29735,34,7,MO,200,R,0,1,"BLUNT, Roy",B000575,1950,,0.398,0.18,-239.62562,0.83433,1323,98,,0.483,0.327,0
110,House,20516,34,3,MO,100,D,0,1,"CARNAHAN, Russ",C001060,1958,,-0.347,-0.005,-82.08232,0.942,1364,28,,-0.325,0.094,0
110,House,20147,34,1,MO,100,D,0,1,"CLAY, William Lacy, Jr.",C001049,1956,,-0.481,-0.078,-138.27978,0.90097,1326,49,,-0.544,-0.149,0
110,House,20517,34,5,MO,100,D,0,1,"CLEAVER, Emanuel, II",C001061,1944,,-0.452,-0.001,-77.46236,0.94428,1351,34,,-0.487,0.068,0
110,House,29736,34,8,MO,200,R,0,1,"EMERSON, Jo Ann",E000172,1950,,0.269,0.274,-324.66915,0.787,1354,146,,0.249,0.117,0
110,House,20124,34,6,MO,200,R,0,1,"GRAVES, Samuel",G000546,1963,,0.448,0.164,-320.80209,0.78808,1347,136,,0.401,0.03,0
110,House,29737,34,9,MO,200,R,0,1,"HULSHOF, Kenny",H000948,1958,,0.363,0.281,-219.20785,0.831,1183,89,,0.365,0.169,0
110,House,14451,34,4,MO,100,D,0,1,"SKELTON, Isaac Newton, IV (Ike)",S000465,1931,2013,-0.172,0.724,-160.44729,0.888,1356,48,,-0.285,0.648,1
110,House,20728,33,6,MN,200,R,0,1,"BACHMANN, Michele",B001256,1956,,0.584,-0.03,-200.38447,0.863,1364,69,,0.571,0.001,0
110,House,20727,33,5,MN,100,D,0,1,"ELLISON, Keith",E000288,1963,,-0.537,-0.58,-77.07632,0.94398,1337,32,,-0.596,-0.494,0
110,House,20333,33,2,MN,200,R,0,1,"KLINE, John",K000363,1947,,0.49,0.154,-197.35715,0.865,1360,84,,0.543,-0.039,1
110,House,20122,33,4,MN,100,D,0,1,"McCOLLUM, Betty",M001143,1954,,-0.419,-0.184,-79.39026,0.94362,1368,29,,-0.472,-0.054,0
110,House,14265,33,8,MN,100,D,0,1,"OBERSTAR, James Louis",O000006,1934,2014,-0.553,0.304,-127.26421,0.902,1229,53,,-0.428,0.49,0
110,House,29127,33,7,MN,100,D,0,1,"PETERSON, Collin Clark",P000258,1944,,-0.148,0.712,-256.17897,0.82785,1356,99,,-0.224,0.886,0
110,House,29126,33,3,MN,200,R,0,1,"RAMSTAD, James (Jim)",R000033,1946,2020,0.316,-0.683,-430.07266,0.73,1369,220,,0.303,-0.891,0
110,House,20726,33,1,MN,100,D,0,1,"WALZ, Tim",W000799,1964,,-0.275,0.131,-117.40887,0.91872,1385,48,,-0.292,0.384,0
110,House,29124,23,4,MI,200,R,0,1,"CAMP, David Lee",C000071,1953,,0.385,-0.048,-238.68391,0.839,1364,93,,0.429,0.053,0
110,House,10713,23,14,MI,100,D,0,1,"CONYERS, John, Jr.",C000714,1929,2019,-0.658,-0.512,-101.58013,0.92467,1297,40,,-0.55,-0.313,0
110,House,2605,23,15,MI,100,D,0,1,"DINGELL, John David, Jr.",D000355,1926,2019,-0.448,0.313,-117.2516,0.915,1321,48,,-0.473,0.469,0
110,House,29362,23,3,MI,200,R,0,1,"EHLERS, Vernon James",E000092,1934,2017,0.316,-0.622,-413.74062,0.736,1348,184,,0.349,-0.708,0
110,House,29361,23,2,MI,200,R,0,1,"HOEKSTRA, Peter",H000676,1953,,0.516,-0.262,-328.45958,0.785,1356,146,,0.487,0.102,0
110,House,14430,23,5,MI,100,D,0,1,"KILDEE, Dale Edward",K000172,1929,2021,-0.385,0.011,-85.37511,0.94,1386,36,,-0.367,0.244,0
110,House,29733,23,13,MI,100,D,0,1,"KILPATRICK, Carolyn Cheeks",K000180,1945,,-0.491,-0.172,-73.32044,0.946,1332,29,,-0.518,0.039,0
110,House,29365,23,9,MI,200,R,0,1,"KNOLLENBERG, Joseph",K000288,1933,2018,0.366,-0.053,-282.73391,0.811,1349,114,,0.339,-0.08,0
110,House,15033,23,12,MI,100,D,0,1,"LEVIN, Sander Martin",L000263,1931,,-0.379,-0.091,-69.95855,0.94846,1322,25,,-0.368,0.126,0
110,House,20332,23,11,MI,200,R,0,1,"McCOTTER, Thaddeus George",M001147,1965,,0.335,0.012,-309.57916,0.797,1367,138,,0.318,0.1,0
110,House,20331,23,10,MI,200,R,0,1,"MILLER, Candice S.",M001150,1954,,0.343,-0.001,-333.50643,0.785,1381,154,,0.295,0.034,1
110,House,20120,23,8,MI,200,R,0,1,"ROGERS, Mike",R000572,1963,,0.4,0.098,-259.31651,0.826,1357,118,,0.405,0.009,0
110,House,29360,23,1,MI,100,D,0,1,"STUPAK, Bart T.",S001045,1952,,-0.396,0.701,-240.37312,0.836,1346,92,,-0.277,0.652,0
110,House,15446,23,6,MI,200,R,0,1,"UPTON, Frederick Stephen",U000031,1953,,0.32,-0.355,-304.64073,0.80217,1382,132,,0.339,-0.334,0
110,House,20725,23,7,MI,200,R,0,1,"WALBERG, Tim",W000798,1951,,0.499,0.159,-277.59413,0.8161,1366,110,,0.51,-0.047,0
110,House,29728,2,1,ME,100,D,0,1,"ALLEN, Thomas H.",A000357,1945,,-0.4,-0.105,-79.86849,0.943,1357,30,,-0.359,-0.083,0
110,House,20328,2,2,ME,100,D,0,1,"MICHAUD, Michael H.",M001149,1955,,-0.283,-0.071,-199.43773,0.864,1367,75,,-0.304,-0.269,0
110,House,29356,52,6,MD,200,R,0,1,"BARTLETT, Roscoe Gardner",B000208,1926,,0.493,-0.091,-401.85543,0.745,1365,160,,0.447,-0.136,1
110,House,29587,52,7,MD,100,D,0,1,"CUMMINGS, Elijah Eugene",C000984,1951,2019,-0.438,-0.148,-63.11041,0.95409,1343,20,,-0.42,-0.026,1
110,House,20763,52,4,MD,100,D,2,2,"EDWARDS, Donna F.",E000290,1958,,-0.562,-0.294,-5.21237,0.971,178,1,,-0.534,-0.465,0
110,House,29122,52,1,MD,200,R,0,1,"GILCHREST, Wayne Thomas",G000180,1946,,0.204,-0.563,-434.13587,0.701,1224,201,,0.144,-0.507,0
110,House,14873,52,5,MD,100,D,0,1,"HOYER, Steny Hamilton",H000874,1939,,-0.381,0.122,-85.23496,0.93977,1372,31,,-0.436,0.33,0
110,House,20329,52,2,MD,100,D,0,1,"RUPPERSBERGER, C. A. (Dutch)",R000576,1946,,-0.299,0.12,-110.42882,0.9198,1321,38,,-0.319,0.285,0
110,House,20724,52,3,MD,100,D,0,1,"SARBANES, John",S001168,1962,,-0.466,-0.078,-62.30244,0.95579,1378,26,,-0.419,-0.044,0
110,House,20330,52,8,MD,100,D,0,1,"VAN HOLLEN, Christopher",V000128,1959,,-0.396,-0.222,-65.06762,0.95345,1365,25,,-0.379,-0.273,0
110,House,29355,52,4,MD,100,D,1,1,"WYNN, Albert Russell",W000784,1951,,-0.38,0.038,-68.12111,0.938,1060,25,,-0.502,-0.245,0
110,House,29919,3,8,MA,100,D,0,1,"CAPUANO, Michael Everett",C001037,1952,,-0.58,-0.082,-123.23325,0.91355,1363,43,,-0.516,-0.313,0
110,House,29731,3,10,MA,100,D,0,1,"DELAHUNT, Bill",D000210,1941,2024,-0.495,-0.293,-83.52078,0.936,1270,32,,-0.492,-0.276,0
110,House,14824,3,4,MA,100,D,0,1,"FRANK, Barney",F000339,1940,,-0.499,-0.534,-82.76662,0.94,1344,32,,-0.562,-0.402,0
110,House,20119,3,9,MA,100,D,0,1,"LYNCH, Stephen F.",L000562,1955,,-0.344,0.049,-104.0164,0.92663,1365,48,,-0.355,0.115,0
110,House,14435,3,7,MA,100,D,0,1,"MARKEY, Edward John",M000133,1946,,-0.516,-0.469,-64.32229,0.95394,1364,18,,-0.523,-0.287,0
110,House,29729,3,3,MA,100,D,0,1,"McGOVERN, James P.",M000312,1959,,-0.538,-0.341,-53.67609,0.96152,1368,15,,-0.525,-0.328,0
110,House,29358,3,5,MA,100,D,1,1,"MEEHAN, Martin Thomas",M000627,1956,,-0.39,-0.539,-26.27405,0.94,426,8,,-0.49,-0.204,1
110,House,15616,3,2,MA,100,D,0,1,"NEAL, Richard Edmund",N000015,1949,,-0.417,-0.106,-51.39739,0.96251,1345,17,,-0.453,-0.168,0
110,House,29123,3,1,MA,100,D,0,1,"OLVER, John Walter",O000085,1936,2023,-0.577,-0.207,-65.24481,0.953,1368,26,,-0.589,-0.312,0
110,House,29730,3,6,MA,100,D,0,1,"TIERNEY, John F.",T000266,1951,,-0.488,-0.433,-73.90771,0.947,1349,22,,-0.471,-0.527,0
110,House,20754,3,5,MA,100,D,2,2,"TSONGAS, Nicola S. (Niki)",T000465,1946,,-0.396,-0.199,-27.67279,0.95515,603,6,,-0.488,0.043,1
110,House,90327,45,5,LA,200,R,0,1,"ALEXANDER, Rodney",A000361,1946,,0.331,0.408,-249.74333,0.828,1322,100,,0.337,0.287,0
110,House,15401,45,6,LA,200,R,1,1,"BAKER, Richard Hugh",B000072,1948,,0.423,0.022,-221.59408,0.783,905,91,,0.382,0.495,0
110,House,20514,45,7,LA,200,R,0,1,"BOUSTANY, Charles W.",B001255,1956,,0.392,0.308,-303.11958,0.8,1359,119,,0.331,0.316,0
110,House,20760,45,6,LA,100,D,2,2,"CAZAYOUX, Donald J. Jr.",C001073,1964,,-0.027,0.517,-92.25862,0.738,304,45,,-0.025,0.533,0
110,House,29120,45,2,LA,100,D,0,1,"JEFFERSON, William Jennings",J000070,1947,,-0.424,0.242,-91.08822,0.931,1274,39,,-0.443,0.302,0
110,House,20512,45,1,LA,200,R,1,1,"JINDAL, Bobby",J000287,1971,,0.388,-0.04,-254.7795,0.668,631,126,,0.369,-0.215,0
110,House,15451,45,4,LA,200,R,0,1,"McCRERY, James O., III",M000388,1949,,0.362,0.08,-278.46565,0.806,1292,107,,0.399,0.304,0
110,House,20513,45,3,LA,100,D,0,1,"MELANCON, Charles J.",M001161,1947,,-0.178,0.798,-217.92839,0.85,1338,90,,-0.23,0.936,0
110,House,20759,45,1,LA,200,R,2,2,"SCALISE, Steve",S001176,1965,,0.558,0.168,-40.73252,0.87144,296,18,,0.55,0.048,0
110,House,20326,51,6,KY,100,D,0,1,"CHANDLER, A. B. (Ben)",C001058,1959,,-0.232,0.516,-177.08142,0.879,1368,61,,-0.237,0.315,0
110,House,20511,51,4,KY,200,R,0,1,"DAVIS, Geoffrey C. (Geoff)",D000603,1958,,0.398,0.412,-223.63487,0.844,1318,86,,0.425,0.44,1
110,House,29352,51,2,KY,200,R,0,1,"LEWIS, Ron",L000293,1946,,0.418,0.417,-199.04159,0.861,1334,77,,0.42,0.551,0
110,House,14854,51,5,KY,200,R,0,1,"ROGERS, Harold Dallas (Hal)",R000395,1937,,0.333,0.152,-222.21892,0.84925,1360,82,,0.376,0.233,0
110,House,29525,51,1,KY,200,R,0,1,"WHITFIELD, Wayne Edward (Ed)",W000413,1943,,0.303,0.182,-353.77094,0.769,1344,134,,0.299,0.207,0
110,House,20723,51,3,KY,100,D,0,1,"YARMUTH, John",Y000062,1947,,-0.378,-0.275,-94.84571,0.93254,1358,39,,-0.34,-0.134,0
110,House,20721,32,2,KS,100,D,0,1,"BOYDA, Nancy",B001258,1955,,-0.193,0.566,-242.66467,0.837,1362,85,,-0.192,0.574,1
110,House,29915,32,3,KS,100,D,0,1,"MOORE, Dennis",M001140,1945,2021,-0.267,0.159,-88.93751,0.937,1376,30,,-0.271,0.177,0
110,House,29722,32,1,KS,200,R,0,1,"MORAN, Jerry",M000934,1954,,0.414,0.219,-365.16354,0.76224,1345,155,,0.354,0.249,0
110,House,29524,32,4,KS,200,R,0,1,"TIAHRT, Todd",T000260,1951,,0.449,0.341,-267.9936,0.817,1328,113,,0.373,0.375,0
110,House,15014,22,5,IN,200,R,0,1,"BURTON, Danny Lee",B001149,1938,,0.585,-0.026,-193.88142,0.865,1335,77,,0.573,0.089,0
110,House,29350,22,4,IN,200,R,0,1,"BUYER, Stephen Earle",B001203,1958,,0.435,0.192,-255.61815,0.812,1228,122,,0.476,0.234,0
110,House,20757,22,7,IN,100,D,2,2,"CARSON, Andr√©",C001072,1974,,-0.435,0.03,-13.66343,0.96255,358,6,,-0.383,-0.056,0
110,House,29720,22,7,IN,100,D,1,1,"CARSON, Julia May",C000191,1938,2007,-0.464,-0.156,-42.4505,0.938,661,19,,-0.466,0.058,0
110,House,20717,22,2,IN,100,D,0,1,"DONNELLY, Joe",D000607,1955,,-0.119,0.435,-389.32415,0.75434,1381,191,,-0.073,0.635,0
110,House,20718,22,8,IN,100,D,0,1,"ELLSWORTH, Brad",E000289,1958,,-0.106,0.612,-335.88989,0.784,1379,156,,-0.102,0.736,1
110,House,29914,22,9,IN,100,D,0,1,"HILL, Baron P.",H001030,1953,,-0.121,0.137,-498.05328,0.694,1364,212,,-0.063,0.103,0
110,House,20117,22,6,IN,200,R,0,1,"PENCE, Mike",P000587,1959,,0.655,0.088,-132.68566,0.904,1310,44,,0.696,-0.083,0
110,House,29519,22,3,IN,200,R,0,1,"SOUDER, Mark Edward",S001143,1950,2022,0.435,-0.011,-352.59925,0.761,1294,145,,0.414,-0.024,0
110,House,15124,22,1,IN,100,D,0,1,"VISCLOSKY, Peter",V000108,1949,,-0.402,0.244,-75.42223,0.94562,1349,34,,-0.417,0.306,0
110,House,20509,21,8,IL,100,D,0,1,"BEAN, Melissa L.",B001253,1962,,-0.155,-0.063,-381.6656,0.751,1332,139,,-0.128,0.107,0
110,House,29912,21,13,IL,200,R,0,1,"BIGGERT, Judy Borg",B001232,1937,,0.323,-0.372,-383.05605,0.757,1373,170,,0.386,-0.595,0
110,House,15453,21,12,IL,100,D,0,1,"COSTELLO, Jerry Francis",C000794,1949,,-0.317,0.657,-185.89206,0.871,1346,75,,-0.35,0.684,0
110,House,29717,21,7,IL,100,D,0,1,"DAVIS, Danny K.",D000096,1941,,-0.487,-0.266,-71.51874,0.94799,1339,26,,-0.541,-0.315,0
110,House,20323,21,5,IL,100,D,0,1,"EMANUEL, Rahm",E000287,1959,,-0.372,-0.131,-75.97212,0.945,1343,26,,-0.358,-0.026,0
110,House,20749,21,14,IL,100,D,2,2,"FOSTER, Bill",F000454,1955,,-0.238,-0.224,-65.70086,0.84533,391,28,,-0.18,0.147,0
110,House,29348,21,4,IL,100,D,0,1,"GUTI√âRREZ, Luis V.",G000535,1953,,-0.487,-0.26,-80.53229,0.93612,1220,33,,-0.538,-0.088,0
110,House,20716,21,17,IL,100,D,0,1,"HARE, Phil",H001040,1949,,-0.38,0.155,-80.21741,0.943,1375,35,,-0.341,0.062,0
110,House,15417,21,14,IL,200,R,1,1,"HASTERT, John Dennis",H000323,1942,,0.443,-0.122,-170.05896,0.775,668,75,,0.488,0.111,0
110,House,29585,21,2,IL,100,D,0,1,"JACKSON, Jesse L., Jr.",J000283,1965,,-0.538,-0.513,-78.89495,0.945,1386,31,,-0.537,-0.246,0
110,House,20116,21,15,IL,200,R,0,1,"JOHNSON, Timothy V.",J000285,1946,2022,0.264,-0.52,-546.78655,0.656,1295,260,,0.216,-0.279,0
110,House,20115,21,10,IL,200,R,0,1,"KIRK, Mark Steven",K000360,1959,,0.274,-0.647,-367.08275,0.761,1343,164,,0.243,-0.71,0
110,House,29517,21,18,IL,200,R,0,1,"LaHOOD, Ray H.",L000552,1945,,0.246,-0.076,-360.75535,0.731,1151,152,,0.224,-0.076,0
110,House,20508,21,3,IL,100,D,0,1,"LIPINSKI, Daniel",L000563,1966,,-0.227,0.176,-149.80728,0.89613,1366,60,,-0.272,0.301,0
110,House,29349,21,16,IL,200,R,0,1,"MANZULLO, Donald A.",M001138,1944,,0.51,0,-327.539,0.787,1370,144,,0.474,0.235,0
110,House,20715,21,6,IL,200,R,0,1,"ROSKAM, Peter",R000580,1961,,0.429,0.018,-257.40668,0.82893,1372,109,,0.47,-0.215,0
110,House,29346,21,1,IL,100,D,0,1,"RUSH, Bobby L.",R000515,1946,,-0.479,-0.203,-70.73972,0.93274,1016,28,,-0.419,-0.189,0
110,House,29911,21,9,IL,100,D,0,1,"SCHAKOWSKY, Janice D.",S001145,1944,,-0.602,-0.291,-73.85538,0.9477,1375,28,,-0.545,-0.33,0
110,House,29718,21,19,IL,200,R,0,1,"SHIMKUS, John M.",S000364,1958,,0.375,0.154,-327.29912,0.78243,1334,156,,0.413,-0.048,0
110,House,29516,21,11,IL,200,R,0,1,"WELLER, Gerald C. (Jerry)",W000273,1957,,0.288,0.2,-304.80857,0.778,1213,135,,0.279,0.024,0
110,House,20714,63,1,ID,200,R,0,1,"SALI, William",S001167,1954,,0.639,0.265,-229.67235,0.845,1368,88,,0.643,0.164,0
110,House,29910,63,2,ID,200,R,0,1,"SIMPSON, Michael K.",S001148,1950,,0.296,0.312,-333.62214,0.77946,1339,148,,0.278,0.281,0
110,House,29721,31,3,IA,100,D,0,1,"BOSWELL, Leonard L.",B000652,1934,2018,-0.238,0.289,-139.25306,0.901,1331,59,,-0.283,0.338,0
110,House,20719,31,1,IA,100,D,0,1,"BRALEY, Bruce",B001259,1957,,-0.31,-0.205,-123.67727,0.911,1330,45,,-0.304,-0.093,0
110,House,20325,31,5,IA,200,R,0,1,"KING, Steve",K000362,1949,,0.613,0.171,-164.63257,0.88567,1356,69,,0.635,0.386,0
110,House,29522,31,4,IA,200,R,0,1,"LATHAM, Thomas",L000111,1948,,0.302,0.308,-279.18266,0.816,1372,108,,0.318,0.178,0
110,House,20720,31,2,IA,100,D,0,1,"LOEBSACK, Dave",L000565,1952,,-0.276,-0.027,-120.89104,0.91459,1354,50,,-0.337,-0.24,1
110,House,15245,82,1,HI,100,D,0,1,"ABERCROMBIE, Neil",A000014,1938,,-0.432,-0.026,-175.09893,0.874,1305,61,,-0.508,0.262,1
110,House,20713,82,2,HI,100,D,0,1,"HIRONO, Mazie",H001042,1947,,-0.515,-0.1,-72.5336,0.9484,1369,31,,-0.521,-0.007,0
110,House,20764,94,1,GU,100,D,,,"BORDALLO, Madeleine",B001245,1933,,,,,,,,,,,0
110,House,20507,44,12,GA,100,D,0,1,"BARROW, John",B001252,1955,,-0.119,0.46,-561.46732,0.665,1375,243,,-0.037,0.399,0
110,House,29339,44,2,GA,100,D,0,1,"BISHOP, Sanford Dixon, Jr.",B000490,1947,,-0.287,0.447,-99.46382,0.92877,1346,32,,-0.347,0.461,0
110,House,20753,44,10,GA,200,R,2,2,"BROUN, Paul C., Jr.",B001262,1946,,0.913,-0.408,-58.13371,0.929,793,25,,0.84,0.121,0
110,House,99342,44,9,GA,200,R,0,1,"DEAL, John Nathan",D000168,1942,,0.581,0.139,-169.55995,0.881,1336,68,,0.653,0.062,0
110,House,20319,44,11,GA,200,R,0,1,"GINGREY, Phil",G000550,1942,,0.561,0.272,-192.14719,0.868,1355,79,,0.588,0.368,1
110,House,20712,44,4,GA,100,D,0,1,"JOHNSON, Hank",J000288,1954,,-0.477,-0.052,-77.84009,0.9434,1336,24,,-0.48,-0.058,1
110,House,29338,44,1,GA,200,R,0,1,"KINGSTON, Jack",K000220,1955,,0.54,0.302,-347.79942,0.771,1338,136,,0.55,0.497,0
110,House,15431,44,5,GA,100,D,0,1,"LEWIS, John R.",L000287,1940,2020,-0.589,-0.221,-92.97674,0.93277,1336,31,,-0.552,-0.531,0
110,House,29341,44,7,GA,200,R,0,1,"LINDER, John Elmer",L000321,1942,,0.559,-0.008,-225.84178,0.844,1329,95,,0.612,0.035,0
110,House,20317,44,8,GA,100,D,0,1,"MARSHALL, Jim",M001146,1948,,-0.119,0.803,-384.54119,0.742,1291,171,,-0.087,0.881,1
110,House,29513,44,10,GA,200,R,1,1,"NORWOOD, Charles W., Jr.",N000159,1941,2007,0.533,0.469,,,,,,0.975,0.223,0
110,House,20505,44,6,GA,200,R,0,1,"PRICE, Tom",P000591,1954,,0.644,-0.073,-167.83746,0.88533,1378,65,,0.628,-0.106,0
110,House,20321,44,13,GA,100,D,0,1,"SCOTT, David",S001157,1945,,-0.304,0.169,-101.32161,0.92881,1372,41,,-0.352,0.26,0
110,House,20506,44,3,GA,200,R,0,1,"WESTMORELAND, Lynn A.",W000796,1950,,0.672,0.189,-145.47588,0.892,1275,61,,0.671,0.177,0
110,House,20758,43,9,FL,200,R,0,1,"BILIRAKIS, Gus",B001257,1963,,0.423,-0.032,-313.81269,0.79594,1375,135,,0.356,0.071,0
110,House,29713,43,2,FL,100,D,0,1,"BOYD, F. Allen, Jr.",B000716,1945,,-0.181,0.414,-206.78496,0.859,1363,69,,-0.22,0.542,0
110,House,20313,43,5,FL,200,R,0,1,"BROWN-WAITE, Virginia (Ginny)",B001247,1943,,0.36,0.084,-361.82088,0.751,1265,164,,0.374,-0.046,0
110,House,29328,43,3,FL,100,D,0,1,"BROWN, Corrine",B000911,1946,,-0.429,0.192,-83.84021,0.935,1238,37,,-0.406,0.21,0
110,House,20709,43,13,FL,200,R,0,1,"BUCHANAN, Vernon G.",B001260,1951,,0.362,-0.084,-335.1137,0.78343,1373,158,,0.35,-0.145,0
110,House,20708,43,11,FL,100,D,0,1,"CASTOR, Kathy",C001066,1966,,-0.438,0.072,-85.87075,0.93775,1336,39,,-0.441,0.039,1
110,House,20111,43,4,FL,200,R,0,1,"CRENSHAW, Ander",C001045,1944,,0.333,0.337,-235.37971,0.83,1264,83,,0.377,0.162,0
110,House,29336,43,21,FL,200,R,0,1,"DIAZ-BALART, Lincoln",D000299,1954,2025,0.243,-0.105,-425.10071,0.73,1349,183,,0.28,-0.04,0
110,House,20316,43,25,FL,200,R,0,1,"DIAZ-BALART, Mario",D000600,1961,,0.281,0.158,-426.11891,0.73,1354,183,,0.298,-0.088,0
110,House,20315,43,24,FL,200,R,0,1,"FEENEY, Tom",F000447,1958,,0.641,-0.09,-191.01578,0.863,1301,66,,0.615,-0.117,0
110,House,29337,43,23,FL,100,D,0,1,"HASTINGS, Alcee Lamar",H000324,1936,2021,-0.564,0.157,-71.24227,0.94734,1317,26,,-0.507,0.077,0
110,House,20112,43,8,FL,200,R,0,1,"KELLER, Richard (Ric)",K000361,1964,,0.458,-0.068,-258.00331,0.825,1337,112,,0.451,-0.245,0
110,House,20711,43,22,FL,100,D,0,1,"KLEIN, Ron",K000366,1957,,-0.265,0,-115.97965,0.918,1355,44,,-0.261,0.056,0
110,House,20503,43,14,FL,200,R,0,1,"MACK, Connie, IV",M001155,1967,,0.601,-0.16,-240.32835,0.834,1321,93,,0.595,-0.204,0
110,House,20710,43,16,FL,100,D,0,1,"MAHONEY, Tim",M001164,1956,,-0.163,0.531,-257.89237,0.827,1357,93,,-0.162,0.54,0
110,House,20358,43,17,FL,100,D,0,1,"MEEK, Kendrick B.",M001148,1966,,-0.363,0.108,-68.12976,0.95,1338,25,,-0.39,0.225,1
110,House,29331,43,7,FL,200,R,0,1,"MICA, John L.",M000689,1943,,0.453,0.137,-245.23269,0.836,1373,105,,0.478,0.11,0
110,House,20110,43,1,FL,200,R,0,1,"MILLER, Jefferson B. (Jeff)",M001144,1959,,0.633,0.155,-186.74378,0.869,1331,61,,0.645,-0.013,1
110,House,20113,43,12,FL,200,R,0,1,"PUTNAM, Adam",P000586,1974,,0.414,0.14,-218.49389,0.849,1332,91,,0.479,0.062,0
110,House,15634,43,18,FL,200,R,0,1,"ROS-LEHTINEN, Ileana",R000435,1952,,0.244,-0.225,-457.46405,0.71276,1351,197,,0.227,-0.146,0
110,House,15627,43,6,FL,200,R,0,1,"STEARNS, Clifford Bundy",S000822,1941,,0.554,-0.075,-297.04904,0.805,1373,110,,0.555,-0.112,0
110,House,20504,43,20,FL,100,D,0,1,"WASSERMAN SCHULTZ, Debbie",W000797,1966,,-0.415,0.103,-74.32208,0.9467,1357,28,,-0.451,0.012,0
110,House,29509,43,15,FL,200,R,0,1,"WELDON, David Joseph",W000267,1953,,0.471,0.146,-325.0637,0.78,1310,147,,0.485,0.17,0
110,House,29715,43,19,FL,100,D,0,1,"WEXLER, Robert",W000314,1961,,-0.392,-0.193,-78.44647,0.941,1280,32,,-0.463,-0.115,0
110,House,13047,43,10,FL,200,R,0,1,"YOUNG, Charles William (Bill)",Y000031,1930,2013,0.325,-0.112,-353.67552,0.769,1345,143,,0.323,-0.015,0
110,House,29327,11,1,DE,200,R,0,1,"CASTLE, Michael Newbold",C000243,1939,,0.229,-0.7,-383.50904,0.757,1378,186,,0.245,-0.767,0
110,House,21993,55,0,DC,100,D,,,"NORTON, Eleanor Holmes",N000147,1937,,-0.491,-0.114,-52.41114,0.87211,383,20,,-0.442,0.239,0
110,House,20706,1,2,CT,100,D,0,1,"COURTNEY, Joe",C001069,1953,,-0.337,0.041,-88.16014,0.93829,1384,31,,-0.328,-0.096,1
110,House,29109,1,3,CT,100,D,0,1,"DeLAURO, Rosa L.",D000216,1943,,-0.414,-0.107,-69.45482,0.95039,1365,22,,-0.422,-0.008,0
110,House,29908,1,1,CT,100,D,0,1,"LARSON, John B.",L000557,1948,,-0.396,-0.038,-71.9872,0.94673,1315,22,,-0.444,-0.02,0
110,House,20707,1,5,CT,100,D,0,1,"MURPHY, Christopher",M001169,1973,,-0.282,-0.238,-116.08294,0.91927,1379,40,,-0.316,-0.094,0
110,House,15449,1,4,CT,200,R,0,1,"SHAYS, Christopher H.",S001144,1945,,0.129,-0.992,-381.22854,0.748,1316,193,,0.19,-0.867,0
110,House,29710,62,1,CO,100,D,0,1,"DeGETTE, Diana",D000197,1957,,-0.431,-0.308,-69.03587,0.94938,1329,24,,-0.41,-0.201,0
110,House,20704,62,5,CO,200,R,0,1,"LAMBORN, Doug",L000564,1954,,0.665,0.257,-116.18446,0.91869,1370,34,,0.732,0.048,1
110,House,20311,62,4,CO,200,R,0,1,"MUSGRAVE, Marilyn N",M001152,1949,,0.565,0.223,-205.31125,0.857,1329,77,,0.536,0.104,0
110,House,20705,62,7,CO,100,D,0,1,"PERLMUTTER, Ed",P000593,1953,,-0.282,0.072,-142.97659,0.89922,1346,48,,-0.268,0.162,0
110,House,20502,62,3,CO,100,D,0,1,"SALAZAR, John",S001158,1953,,-0.277,0.561,-126.64109,0.911,1366,48,,-0.272,0.469,0
110,House,29907,62,6,CO,200,R,0,1,"TANCREDO, Thomas G.",T000458,1945,,0.75,-0.022,-181.60666,0.838,1030,69,,0.726,-0.084,0
110,House,29906,62,2,CO,100,D,0,1,"UDALL, Mark",U000038,1950,,-0.353,0.049,-175.17729,0.873,1288,68,,-0.243,0.197,1
110,House,29942,71,43,CA,100,D,0,1,"BACA, Joe",B001234,1947,,-0.349,0.292,-84.30347,0.94,1351,29,,-0.377,0.221,0
110,House,29316,71,31,CA,100,D,0,1,"BECERRA, Xavier",B000287,1958,,-0.512,-0.283,-61.61076,0.95503,1339,27,,-0.476,-0.056,0
110,House,15005,71,28,CA,100,D,0,1,"BERMAN, Howard Lawrence",B000410,1941,,-0.404,-0.286,-89.48229,0.935,1335,34,,-0.382,-0.261,0
110,House,29508,71,50,CA,200,R,0,1,"BILBRAY, Brian P.",B000461,1951,,0.392,-0.376,-364.94376,0.762,1340,150,,0.531,-0.492,0
110,House,29775,71,45,CA,200,R,0,1,"BONO, Mary",B001228,1961,,0.353,-0.218,-279.71892,0.809,1317,123,,0.351,-0.224,0
110,House,29323,71,44,CA,200,R,0,1,"CALVERT, Ken",C000059,1953,,0.339,0.276,-231.60455,0.84007,1329,88,,0.377,0.237,1
110,House,20539,71,48,CA,200,R,0,1,"CAMPBELL, John (of California)",C001064,1955,,0.748,-0.415,-186.68859,0.865,1286,76,,0.775,-0.417,0
110,House,29774,71,23,CA,100,D,0,1,"CAPPS, Lois",C001036,1938,,-0.389,-0.227,-78.76015,0.945,1381,30,,-0.484,-0.304,0
110,House,20306,71,18,CA,100,D,0,1,"CARDOZA, Dennis A.",C001050,1959,,-0.262,0.609,-122.39776,0.912,1327,45,,-0.315,0.418,0
110,House,20501,71,20,CA,100,D,0,1,"COSTA, Jim",C001059,1952,,-0.198,0.448,-159.15619,0.88793,1339,51,,-0.257,0.509,0
110,House,20108,71,53,CA,100,D,0,1,"DAVIS, Susan A.",D000598,1944,,-0.343,-0.103,-75.14254,0.94659,1369,27,,-0.345,-0.05,1
110,House,29104,71,4,CA,200,R,0,1,"DOOLITTLE, John Taylor",D000429,1950,,0.519,0.156,-402.49048,0.737,1321,181,,0.445,0.429,0
110,House,14813,71,26,CA,200,R,0,1,"DREIER, David Timothy",D000492,1952,,0.478,-0.084,-240.57119,0.837,1350,105,,0.474,-0.068,0
110,House,29312,71,14,CA,100,D,0,1,"ESHOO, Anna Georges",E000215,1942,,-0.379,-0.372,-74.19361,0.94698,1362,26,,-0.382,-0.261,0
110,House,29313,71,17,CA,100,D,0,1,"FARR, Sam",F000030,1941,,-0.455,-0.219,-69.75799,0.95,1356,28,,-0.483,-0.127,0
110,House,29325,71,51,CA,100,D,0,1,"FILNER, Bob",F000116,1942,2025,-0.652,0.002,-155.27825,0.891,1340,56,,-0.553,-0.473,0
110,House,15413,71,24,CA,200,R,0,1,"GALLEGLY, Elton W.",G000021,1944,,0.402,-0.1,-230.18718,0.842,1335,98,,0.423,0.095,0
110,House,29318,71,36,CA,100,D,0,1,"HARMAN, Jane L.",H000213,1945,,-0.262,-0.12,-153.92881,0.889,1306,60,,-0.318,-0.189,0
110,House,15420,71,2,CA,200,R,0,1,"HERGER, Walter William (Wally)",H000528,1945,,0.551,0.117,-242.6219,0.833,1329,112,,0.513,0.232,0
110,House,20103,71,15,CA,100,D,0,1,"HONDA, Mike",H001034,1941,,-0.529,-0.482,-76.96721,0.943,1310,34,,-0.589,-0.168,0
110,House,14835,71,52,CA,200,R,0,1,"HUNTER, Duncan Lee",H000981,1948,,0.47,0.02,-239.70175,0.798,1060,97,,0.416,0.271,1
110,House,20107,71,49,CA,200,R,0,1,"ISSA, Darrell",I000056,1953,,0.478,0.023,-231.98247,0.83961,1327,96,,0.555,-0.218,0
110,House,14837,71,12,CA,100,D,1,1,"LANTOS, Thomas Peter",L000090,1928,2008,-0.376,-0.033,-40.63158,0.955,873,15,,-0.375,-0.013,0
110,House,29778,71,9,CA,100,D,0,1,"LEE, Barbara",L000551,1946,,-0.676,-0.582,-76.00063,0.94534,1352,30,,-0.712,-0.494,0
110,House,14644,71,41,CA,200,R,0,1,"LEWIS, Charles Jeremy (Jerry)",L000274,1934,2021,0.348,-0.101,-390.12695,0.748,1344,154,,0.351,0.053,0
110,House,29504,71,16,CA,100,D,0,1,"LOFGREN, Zoe",L000397,1947,,-0.397,-0.404,-79.68788,0.94301,1358,24,,-0.439,-0.407,0
110,House,14647,71,3,CA,200,R,0,1,"LUNGREN, Daniel Edward",L000517,1946,,0.497,-0.054,-259.03677,0.825,1345,106,,0.525,-0.137,0
110,House,20538,71,5,CA,100,D,0,1,"MATSUI, Doris",M001163,1944,,-0.434,-0.142,-60.55023,0.95701,1378,21,,-0.455,-0.103,0
110,House,20703,71,22,CA,200,R,0,1,"MCCARTHY, Kevin",M001165,1965,,0.453,0.233,-198.52524,0.86556,1375,76,,0.468,0.068,0
110,House,29315,71,25,CA,200,R,0,1,"McKEON, Howard P. (Buck)",M000508,1938,,0.396,0.208,-225.34162,0.846,1350,94,,0.457,0.133,1
110,House,20702,71,11,CA,100,D,0,1,"McNERNEY, Jerry",M001166,1951,,-0.263,-0.159,-286.45453,0.81194,1375,99,,-0.185,-0.013,0
110,House,29586,71,37,CA,100,D,1,1,"MILLENDER-McDONALD, Juanita",M000714,1938,2007,-0.438,-0.16,-0.53611,0.995,100,0,,-0.587,-0.011,0
110,House,29905,71,42,CA,200,R,0,1,"MILLER, Gary G.",M001139,1948,,0.478,0.222,-234.39744,0.833,1282,102,,0.483,0.184,0
110,House,14256,71,7,CA,100,D,0,1,"MILLER, George",M000725,1945,,-0.552,-0.398,-77.72857,0.941,1281,24,,-0.579,-0.219,0
110,House,29903,71,38,CA,100,D,0,1,"NAPOLITANO, Grace Flores",N000179,1936,,-0.448,-0.247,-66.21164,0.95245,1359,29,,-0.48,-0.066,0
110,House,20307,71,21,CA,200,R,0,1,"NUNES, Devin",N000181,1973,,0.45,0.223,-215.81995,0.85052,1333,106,,0.497,0.043,0
110,House,15448,71,8,CA,100,D,0,1,"PELOSI, Nancy",P000197,1940,,-0.489,-0.18,-7.64804,0.9493,147,3,,-0.432,0.047,0
110,House,29505,71,19,CA,200,R,0,1,"RADANOVICH, George P.",R000004,1955,,0.484,0.18,-222.69922,0.837,1248,93,,0.502,0.199,0
110,House,20752,71,37,CA,100,D,2,2,"RICHARDSON, Laura",R000581,1962,,-0.339,-0.022,-34.64593,0.948,650,14,,-0.426,0.084,0
110,House,15621,71,46,CA,200,R,0,1,"ROHRABACHER, Dana",R000409,1947,,0.626,-0.417,-306.57374,0.7933,1324,119,,0.598,-0.343,0
110,House,29317,71,34,CA,100,D,0,1,"ROYBAL-ALLARD, Lucille",R000486,1941,,-0.469,-0.171,-68.64808,0.95109,1369,25,,-0.446,-0.074,0
110,House,29321,71,40,CA,200,R,0,1,"ROYCE, Edward Randall",R000487,1951,,0.657,-0.353,-178.13652,0.87698,1357,71,,0.689,-0.33,0
110,House,20310,71,39,CA,100,D,0,1,"S√ÅNCHEZ, Linda T.",S001156,1969,,-0.508,-0.132,-62.13697,0.95572,1372,23,,-0.549,-0.099,0
110,House,29709,71,47,CA,100,D,0,1,"SANCHEZ, Loretta",S000030,1960,,-0.367,0.025,-118.39851,0.914,1322,42,,-0.389,0.037,1
110,House,20104,71,29,CA,100,D,0,1,"SCHIFF, Adam",S001150,1960,,-0.353,-0.109,-71.73795,0.94898,1370,28,,-0.334,-0.134,0
110,House,29707,71,27,CA,100,D,0,1,"SHERMAN, Brad",S000344,1954,,-0.344,-0.137,-106.88663,0.92505,1372,43,,-0.39,-0.144,0
110,House,20105,71,32,CA,100,D,0,1,"SOLIS, Hilda L.",S001153,1957,,-0.508,-0.312,-59.00517,0.958,1369,23,,-0.506,-0.091,0
110,House,20762,71,12,CA,100,D,2,2,"SPEIER, Karen Lorraine Jacqueline (Jackie)",S001175,1950,,-0.381,-0.41,-13.42257,0.95431,287,4,,-0.474,-0.535,0
110,House,14053,71,13,CA,100,D,0,1,"STARK, Fortney Hillman (Pete), Jr.",S000810,1931,2020,-0.631,-0.605,-177.04001,0.869,1263,61,,-0.888,-0.46,0
110,House,29705,71,10,CA,100,D,0,1,"TAUSCHER, Ellen O'Kane",T000057,1951,2019,-0.308,-0.169,-71.58172,0.949,1376,23,,-0.354,-0.062,1
110,House,29901,71,1,CA,100,D,0,1,"THOMPSON, Michael",T000460,1951,,-0.392,0.072,-202.12529,0.86292,1371,63,,-0.307,0.034,0
110,House,29106,71,35,CA,100,D,0,1,"WATERS, Maxine",W000187,1938,,-0.656,-0.094,-145.36189,0.8955,1317,46,,-0.581,-0.675,0
110,House,20106,71,33,CA,100,D,0,1,"WATSON, Diane Edith",W000794,1933,,-0.531,-0.351,-71.46094,0.947,1322,27,,-0.54,-0.275,0
110,House,14280,71,30,CA,100,D,0,1,"WAXMAN, Henry Arnold",W000215,1939,,-0.473,-0.343,-87.24272,0.935,1305,30,,-0.428,-0.512,0
110,House,29309,71,6,CA,100,D,0,1,"WOOLSEY, Lynn C.",W000738,1937,,-0.556,-0.529,-93.02408,0.93,1288,44,,-0.622,-0.656,0
110,House,20100,61,6,AZ,200,R,0,1,"FLAKE, Jeff",F000444,1962,,0.855,-0.518,-212.90945,0.8544,1353,78,,0.937,-0.348,0
110,House,20304,61,2,AZ,200,R,0,1,"FRANKS, Trent",F000448,1957,,0.749,0.087,-100.63673,0.92913,1369,33,,0.79,0.007,1
110,House,20701,61,8,AZ,100,D,0,1,"GIFFORDS, Gabrielle",G000554,1970,,-0.11,0.076,-307.73444,0.795,1344,118,,-0.137,0.233,1
110,House,20305,61,7,AZ,100,D,0,1,"GRIJALVA, Ra√∫l M.",G000551,1948,,-0.598,-0.264,-63.04055,0.95461,1357,29,,-0.584,-0.042,0
110,House,20700,61,5,AZ,100,D,0,1,"MITCHELL, Harry E.",M001167,1940,,-0.056,0.028,-436.09739,0.728,1374,181,,-0.099,0.115,0
110,House,29101,61,4,AZ,100,D,0,1,"PASTOR, Ed",P000099,1943,2018,-0.421,0.12,-109.6774,0.923,1361,36,,-0.477,0.043,0
110,House,20303,61,1,AZ,200,R,0,1,"RENZI, Rick",R000574,1958,,0.265,0.199,-333.33758,0.772,1288,135,,0.256,0.177,0
110,House,29501,61,3,AZ,200,R,0,1,"SHADEGG, John B.",S000275,1949,,0.749,0.008,-152.34779,0.894,1362,51,,0.748,-0.036,0
110,House,29401,93,1,AS,100,D,,,"FALEOMAVAEGA, Eni F. H.",F000010,1943,2017,,,,,,,,,,0
110,House,29702,42,1,AR,100,D,0,1,"BERRY, Robert Marion",B000420,1942,2023,-0.293,0.956,-190.03224,0.869,1358,74,,-0.37,0.843,0
110,House,20101,42,3,AR,200,R,0,1,"BOOZMAN, John",B001236,1950,,0.427,0.338,-236.06637,0.84224,1375,90,,0.37,0.263,0
110,House,20102,42,4,AR,100,D,0,1,"ROSS, Michael Avery",R000573,1961,,-0.201,0.89,-153.96092,0.894,1374,51,,-0.241,0.719,0
110,House,29703,42,2,AR,100,D,0,1,"SNYDER, Victor F.",S000672,1947,,-0.268,0.055,-119.57021,0.915,1353,41,,-0.3,0.265,1
110,House,29701,41,4,AL,200,R,0,1,"ADERHOLT, Robert",A000055,1965,,0.405,0.467,-262.26707,0.82367,1352,99,,0.36,0.435,0
110,House,29301,41,6,AL,200,R,0,1,"BACHUS, Spencer T., III",B000013,1947,,0.387,0.228,-240.45316,0.828,1276,108,,0.419,0.144,0
110,House,20300,41,1,AL,200,R,0,1,"BONNER, Jr., Josiah Robins (Jo)",B001244,1959,,0.367,0.513,-185.43928,0.867,1295,73,,0.401,0.393,0
110,House,29100,41,5,AL,100,D,0,1,"CRAMER, Robert E. (Bud), Jr.",C000868,1947,,-0.132,0.612,-170.63525,0.877,1299,47,,-0.208,0.682,0
110,House,20302,41,7,AL,100,D,0,1,"DAVIS, Artur",D000602,1967,,-0.27,0.454,-103.78526,0.927,1370,34,,-0.291,0.393,0
110,House,29300,41,2,AL,200,R,0,1,"EVERETT, Robert Terry",E000268,1937,2024,0.414,0.528,-277.57737,0.806,1290,104,,0.388,0.401,1
110,House,20301,41,3,AL,200,R,0,1,"ROGERS, Mike Dennis",R000575,1958,,0.379,0.377,-277.11986,0.81565,1360,116,,0.343,0.348,1
110,House,14066,81,1,AK,200,R,0,1,"YOUNG, Donald Edwin",Y000033,1933,2022,0.283,0.022,-430.16807,0.68294,1128,168,,0.291,0.269,0
111,House,20953,68,1,WY,200,R,0,1,"LUMMIS, Cynthia M.",L000571,1954,,0.684,-0.327,-168.89794,0.84184,981,73,,0.697,-0.383,0
111,House,20146,56,2,WV,200,R,0,1,"CAPITO, Shelley Moore",C001047,1953,,0.282,0.144,-174.19908,0.83531,968,66,,0.252,0.084,0
111,House,15083,56,1,WV,100,D,0,1,"MOLLOHAN, Alan Bowlby",M000844,1943,,-0.292,0.657,-87.36443,0.911,933,24,,-0.374,0.509,0
111,House,14448,56,3,WV,100,D,0,1,"RAHALL, Nick Joe, II",R000011,1949,,-0.306,0.45,-124.60902,0.88,979,44,,-0.42,0.907,0
111,House,29940,25,2,WI,100,D,0,1,"BALDWIN, Tammy",B001230,1962,,-0.488,-0.13,-54.84233,0.94442,959,20,,-0.557,-0.532,0
111,House,20751,25,8,WI,100,D,0,1,"KAGEN, Steven",K000365,1949,,-0.317,0.057,-81.9318,0.917,951,26,,-0.366,-0.121,0
111,House,29769,25,3,WI,100,D,0,1,"KIND, Ron",K000188,1963,,-0.26,-0.08,-339.49739,0.70316,964,91,,-0.236,-0.588,0
111,House,20537,25,4,WI,100,D,0,1,"MOORE, Gwendolynne S. (Gwen)",M001160,1951,,-0.522,-0.272,-89.29506,0.90901,936,38,,-0.593,-0.309,0
111,House,12036,25,7,WI,100,D,0,1,"OBEY, David Ross",O000007,1938,,-0.45,-0.063,-56.94896,0.942,959,21,,-0.448,-0.016,0
111,House,14675,25,6,WI,200,R,0,1,"PETRI, Thomas Evert",P000265,1940,,0.379,-0.367,-270.37337,0.76,983,112,,0.539,-0.738,0
111,House,29939,25,1,WI,200,R,0,1,"RYAN, Paul D.",R000570,1970,,0.556,-0.25,-143.99454,0.86004,955,49,,0.588,-0.278,0
111,House,14657,25,5,WI,200,R,0,1,"SENSENBRENNER, Frank James, Jr.",S000244,1943,,0.638,-0.579,-181.93468,0.83151,986,73,,0.69,-0.383,0
111,House,29938,73,3,WA,100,D,0,1,"BAIRD, Brian",B001229,1956,,-0.342,0.257,-392.1358,0.66,944,104,,-0.187,0.087,0
111,House,14413,73,6,WA,100,D,0,1,"DICKS, Norman DeValois",D000327,1940,,-0.312,0.11,-54.61937,0.945,963,16,,-0.353,0.113,0
111,House,29580,73,4,WA,200,R,0,1,"HASTINGS, Richard Norman (Doc)",H000329,1941,,0.416,0.411,-150.27337,0.853,946,61,,0.423,0.637,0
111,House,29937,73,1,WA,100,D,0,1,"INSLEE, Jay Robert",I000026,1951,,-0.33,-0.194,-57.98968,0.942,972,18,,-0.356,-0.137,0
111,House,20145,73,2,WA,100,D,0,1,"LARSEN, Richard Ray (Rick)",L000560,1965,,-0.365,0.164,-62.79734,0.93756,974,24,,-0.38,0.281,1
111,House,15613,73,7,WA,100,D,0,1,"McDERMOTT, James A.",M000404,1936,,-0.666,-0.197,-66.17527,0.934,971,25,,-0.608,-0.42,0
111,House,20535,73,5,WA,200,R,0,1,"McMORRIS RODGERS, Cathy",M001159,1969,,0.436,0.098,-139.7697,0.86046,930,49,,0.457,0.03,1
111,House,20536,73,8,WA,200,R,0,1,"REICHERT, David G.",R000578,1950,,0.224,-0.146,-241.95919,0.77742,961,88,,0.191,-0.084,0
111,House,29768,73,9,WA,100,D,0,1,"SMITH, Adam",S000510,1965,,-0.291,-0.166,-160.15968,0.8459,957,56,,-0.26,-0.048,1
111,House,20750,6,1,VT,100,D,0,1,"WELCH, Peter",W000800,1947,,-0.407,-0.383,-97.44085,0.90123,937,33,,-0.464,-0.303,0
111,House,20765,96,1,VI,100,D,,,"CHRISTENSEN, Donna Marie",C000380,1945,,,,,,,,,,,0
111,House,15010,40,9,VA,100,D,0,1,"BOUCHER, Frederick C.",B000657,1946,,-0.265,0.189,-134.08027,0.864,916,43,,-0.247,0.535,0
111,House,20144,40,7,VA,200,R,0,1,"CANTOR, Eric",C001046,1963,,0.518,0.191,-135.42208,0.867,949,52,,0.547,-0.08,0
111,House,20952,40,11,VA,100,D,0,1,"CONNOLLY, Gerald E. (Gerry)",C001078,1950,2025,-0.309,-0.047,-180.04181,0.8317,977,52,,-0.282,0.277,0
111,House,20143,40,4,VA,200,R,0,1,"FORBES, J. Randy",F000445,1952,,0.407,0.218,-174.32352,0.836,972,78,,0.407,0.016,1
111,House,39308,40,6,VA,200,R,0,1,"GOODLATTE, Robert William",G000289,1952,,0.496,-0.002,-173.60427,0.83826,984,62,,0.557,-0.347,0
111,House,29149,40,8,VA,100,D,0,1,"MORAN, James P.",M000933,1945,,-0.302,-0.203,-111.57049,0.883,898,35,,-0.43,-0.045,0
111,House,20950,40,2,VA,100,D,0,1,"NYE, Glenn C., III",N000183,1974,,-0.03,0.163,-438.53623,0.641,985,211,,-0.03,0.176,1
111,House,20951,40,5,VA,100,D,0,1,"PERRIELLO, Tom",P000600,1974,,-0.122,0.026,-297.78918,0.731,952,137,,-0.122,0.029,0
111,House,39307,40,3,VA,100,D,0,1,"SCOTT, Robert C.",S000185,1947,,-0.45,-0.003,-80.26205,0.91963,958,27,,-0.426,-0.193,0
111,House,20756,40,1,VA,200,R,0,1,"WITTMAN, Robert J.",W000804,1959,,0.448,0.02,-215.46696,0.80118,972,95,,0.374,-0.229,1
111,House,14869,40,10,VA,200,R,0,1,"WOLF, Frank Rudolph",W000672,1939,,0.284,-0.213,-213.76431,0.805,986,96,,0.268,0.178,0
111,House,20357,67,1,UT,200,R,0,1,"BISHOP, Robert (Rob)",B001250,1951,,0.537,0.105,-156.75937,0.83966,897,67,,0.529,0.176,1
111,House,20949,67,3,UT,200,R,0,1,"CHAFFETZ, Jason",C001076,1967,,0.647,-0.278,-239.84522,0.78291,980,114,,0.736,-0.6,0
111,House,20140,67,2,UT,100,D,0,1,"MATHESON, James David (Jim)",M001142,1960,,-0.115,0.546,-270.23523,0.758,977,114,,-0.164,0.619,0
111,House,15085,49,6,TX,200,R,0,1,"BARTON, Joe Linus",B000213,1949,,0.528,0.047,-227.47421,0.78627,946,115,,0.48,0.264,0
111,House,29760,49,8,TX,200,R,0,1,"BRADY, Kevin Patrick",B000755,1955,,0.52,0.239,-165.57485,0.84278,968,61,,0.546,0.22,0
111,House,20355,49,26,TX,200,R,0,1,"BURGESS, Michael C.",B001248,1950,,0.565,-0.164,-180.693,0.82729,953,80,,0.588,-0.236,0
111,House,20356,49,31,TX,200,R,0,1,"CARTER, John R.",C001051,1941,,0.486,0.552,-153.42977,0.85072,949,79,,0.472,0.854,0
111,House,20531,49,11,TX,200,R,0,1,"CONAWAY, K. Michael",C001062,1948,,0.593,0.367,-118.86862,0.88145,942,40,,0.655,0.12,1
111,House,20533,49,28,TX,100,D,0,1,"CUELLAR, Henry",C001063,1955,,-0.225,0.634,-151.1291,0.85628,974,51,,-0.239,0.52,0
111,House,20139,49,7,TX,200,R,0,1,"CULBERSON, John",C001048,1956,,0.503,0.366,-190.05522,0.81517,930,98,,0.455,0.674,0
111,House,29571,49,25,TX,100,D,0,1,"DOGGETT, Lloyd Alton, II",D000399,1946,,-0.403,-0.33,-176.32972,0.83518,979,53,,-0.318,-0.43,0
111,House,29144,49,17,TX,100,D,0,1,"EDWARDS, Thomas Chester (Chet)",E000063,1951,,-0.226,0.5,-138.88011,0.865,957,50,,-0.242,0.569,0
111,House,20527,49,1,TX,200,R,0,1,"GOHMERT, Louie",G000552,1953,,0.644,-0.406,-213.65451,0.78637,889,83,,0.601,-0.114,0
111,House,29943,49,20,TX,100,D,0,1,"GONZALEZ, Charles A.",G000544,1945,,-0.347,0.262,-48.43616,0.951,959,16,,-0.385,0.187,0
111,House,29762,49,12,TX,200,R,0,1,"GRANGER, Kay",G000377,1943,,0.403,0.243,-146.15819,0.84454,865,72,,0.395,0.59,0
111,House,20529,49,9,TX,100,D,0,1,"GREEN, Al",G000553,1947,,-0.446,0.263,-40.75016,0.95923,979,8,,-0.426,0.108,0
111,House,39304,49,29,TX,100,D,0,1,"GREEN, Raymond Eugene (Gene)",G000410,1947,,-0.324,0.453,-68.42026,0.93037,948,22,,-0.383,0.51,0
111,House,94828,49,4,TX,200,R,0,1,"HALL, Ralph Moody",H000067,1923,2019,0.424,0.308,-188.60187,0.821,957,86,,0.427,0.187,0
111,House,20352,49,5,TX,200,R,0,1,"HENSARLING, Jeb",H001036,1957,,0.703,0.04,-89.04325,0.91238,971,27,,0.74,0.025,0
111,House,29763,49,15,TX,100,D,0,1,"HINOJOSA, Rub√©n",H000636,1940,,-0.34,0.235,-52.74376,0.941,874,17,,-0.398,0.295,0
111,House,29573,49,18,TX,100,D,0,1,"JACKSON LEE, Sheila",J000032,1950,,-0.459,0.121,-78.92999,0.91896,934,25,,-0.502,0.065,0
111,House,39305,49,30,TX,100,D,0,1,"JOHNSON, Eddie Bernice",J000126,1934,2023,-0.485,0.198,-60.29383,0.93768,937,21,,-0.542,0.178,0
111,House,29143,49,3,TX,200,R,0,1,"JOHNSON, Sam",J000174,1930,2020,0.61,0.277,-126.73411,0.87273,931,53,,0.612,0.344,0
111,House,20532,49,24,TX,200,R,0,1,"MARCHANT, Kenny",M001158,1951,,0.6,0.154,-129.14933,0.86687,904,49,,0.619,0.12,0
111,House,20530,49,10,TX,200,R,0,1,"McCAUL, Michael T.",M001157,1962,,0.411,0.172,-183.86735,0.82503,956,80,,0.462,-0.267,0
111,House,20353,49,19,TX,200,R,0,1,"NEUGEBAUER, Randy",N000182,1949,,0.628,0.322,-106.05501,0.894,950,33,,0.64,0.175,0
111,House,20948,49,22,TX,200,R,0,1,"OLSON, Pete",O000168,1962,,0.548,0.308,-167.82177,0.839,956,55,,0.542,0.146,0
111,House,15049,49,27,TX,100,D,0,1,"ORTIZ, Solomon P.",O000107,1937,,-0.272,0.712,-92.63958,0.907,952,25,,-0.359,0.587,1
111,House,14290,49,14,TX,200,R,0,1,"PAUL, Ronald Ernest",P000583,1935,,0.863,-0.505,-385.984,0.653,905,125,,0.991,-0.136,0
111,House,20528,49,2,TX,200,R,0,1,"POE, Ted",P000592,1948,,0.594,-0.029,-212.33128,0.80027,953,97,,0.586,0.319,0
111,House,29764,49,16,TX,100,D,0,1,"REYES, Silvestre",R000170,1944,,-0.321,0.304,-60.23566,0.937,929,23,,-0.407,0.37,1
111,House,29771,49,23,TX,100,D,0,1,"RODRIGUEZ, Ciro D.",R000568,1946,,-0.349,0.238,-83.71915,0.916,957,25,,-0.31,0.336,0
111,House,29759,49,32,TX,200,R,0,1,"SESSIONS, Pete",S000250,1955,,0.585,0.171,-114.41203,0.88698,954,39,,0.592,0.034,0
111,House,15445,49,21,TX,200,R,0,1,"SMITH, Lamar Seeligson",S000583,1947,,0.425,0.061,-174.07986,0.83463,963,88,,0.339,0.479,0
111,House,29572,49,13,TX,200,R,0,1,"THORNBERRY, William McClellan (Mac)",T000238,1958,,0.525,0.313,-134.16413,0.87242,983,47,,0.596,0.224,1
111,House,20351,54,7,TN,200,R,0,1,"BLACKBURN, Marsha",B001243,1952,,0.632,0.14,-140.86713,0.86378,962,65,,0.602,-0.058,0
111,House,20748,54,9,TN,100,D,0,1,"COHEN, Stephen",C001068,1949,,-0.39,-0.293,-88.54165,0.91137,954,24,,-0.433,-0.458,0
111,House,15019,54,5,TN,100,D,0,1,"COOPER, James Hayes Shofner",C000754,1954,,-0.164,-0.033,-563.6707,0.56028,973,161,,-0.167,-0.661,1
111,House,20350,54,4,TN,100,D,0,1,"DAVIS, Lincoln",D000599,1943,,-0.205,0.854,-139.85072,0.86,924,41,,-0.262,0.906,0
111,House,15455,54,2,TN,200,R,0,1,"DUNCAN, John J., Jr.",D000533,1947,,0.604,-0.476,-295.02152,0.73822,972,117,,0.694,-0.703,0
111,House,15100,54,6,TN,100,D,0,1,"GORDON, Barton Jennings",G000309,1949,,-0.204,0.286,-126.81883,0.873,934,38,,-0.285,0.517,0
111,House,20947,54,1,TN,200,R,0,1,"ROE, David P. (Phil)",R000582,1945,,0.486,0.024,-134.69447,0.87158,980,49,,0.495,-0.239,0
111,House,15628,54,8,TN,100,D,0,1,"TANNER, John S.",T000038,1944,,-0.182,0.648,-184.30987,0.817,912,66,,-0.23,0.711,0
111,House,29567,54,3,TN,200,R,0,1,"WAMP, Zachary Paul",W000119,1957,,0.428,0.072,-145.70947,0.83,780,58,,0.457,-0.223,0
111,House,20349,37,1,SD,100,D,0,1,"HERSETH SANDLIN, Stephanie",H001037,1970,,-0.184,0.507,-289.97183,0.74,961,114,,-0.138,0.43,0
111,House,20347,48,3,SC,200,R,0,1,"BARRETT, James Gresham",B001239,1961,,0.653,0.062,-78.0278,0.88,612,29,,0.606,-0.04,0
111,House,20137,48,1,SC,200,R,0,1,"BROWN, Henry Edward, Jr.",B001235,1935,,0.367,0.24,-128.85026,0.866,897,50,,0.351,0.378,0
111,House,39301,48,6,SC,100,D,0,1,"CLYBURN, James Enos",C000537,1940,,-0.466,0.246,-44.80893,0.95454,963,17,,-0.547,0.351,0
111,House,39300,48,4,SC,200,R,0,1,"INGLIS, Robert Durden",I000023,1959,,0.518,-0.058,-198.7102,0.811,951,70,,0.587,-0.328,0
111,House,15064,48,5,SC,100,D,0,1,"SPRATT, John McKee, Jr.",S000749,1942,2024,-0.256,0.255,-87.21276,0.914,972,23,,-0.346,0.449,1
111,House,20138,48,2,SC,200,R,0,1,"WILSON, Addison Graves (Joe)",W000795,1947,,0.53,0.16,-143.26049,0.86426,982,61,,0.524,-0.049,1
111,House,29564,5,1,RI,100,D,0,1,"KENNEDY, Patrick Joseph",K000113,1967,,-0.409,-0.062,-38.57857,0.953,795,12,,-0.45,0.168,0
111,House,20136,5,2,RI,100,D,0,1,"LANGEVIN, James",L000559,1964,,-0.375,0.114,-46.62274,0.95331,975,15,,-0.374,0.163,1
111,House,20964,92,1,PR,328,I,,,"PIERLUISI, Pedro",P000596,1959,,,,,,,,,,,0
111,House,90964,92,1,PR,100,D,,,"PIERLUISI, Pedro",P000596,1959,,,,,,,,,,,0
111,House,20743,14,4,PA,100,D,0,1,"ALTMIRE, Jason",A000362,1968,,-0.133,0.59,-318.11907,0.724,987,140,,-0.129,0.696,0
111,House,29777,14,1,PA,100,D,0,1,"BRADY, Robert A.",B001227,1945,,-0.484,0.225,-38.32365,0.96106,965,9,,-0.468,0.21,1
111,House,20746,14,10,PA,100,D,0,1,"CARNEY, Chris",C001065,1959,,-0.119,0.488,-255.64025,0.755,911,118,,-0.143,0.448,0
111,House,20960,14,12,PA,100,D,2,2,"CRITZ, Mark S.",C001081,1962,,-0.326,0.945,-41.27253,0.824,213,15,,-0.273,0.962,1
111,House,20945,14,3,PA,100,D,0,1,"DAHLKEMPER, Kathleen A. (Kathy)",D000608,1957,,-0.178,0.389,-220.38285,0.796,965,91,,-0.176,0.376,0
111,House,20526,14,15,PA,200,R,0,1,"DENT, Charles W.",D000604,1960,,0.244,-0.085,-214.18201,0.79966,958,103,,0.237,-0.33,0
111,House,29561,14,14,PA,100,D,0,1,"DOYLE, Michael F.",D000482,1953,,-0.331,0.099,-71.46776,0.92664,938,23,,-0.483,0.163,0
111,House,29559,14,2,PA,100,D,0,1,"FATTAH, Chaka",F000043,1956,,-0.472,-0.054,-48.6462,0.951,968,18,,-0.466,0.083,0
111,House,20345,14,6,PA,200,R,0,1,"GERLACH, Jim",G000549,1955,,0.221,-0.107,-196.97343,0.812,945,85,,0.245,-0.268,0
111,House,29396,14,17,PA,100,D,0,1,"HOLDEN, Thomas Timothy (Tim)",H000712,1957,,-0.233,0.608,-148.44811,0.858,968,54,,-0.261,0.783,0
111,House,15104,14,11,PA,100,D,0,1,"KANJORSKI, Paul E.",K000008,1937,,-0.303,0.364,-126.39815,0.878,975,47,,-0.328,0.428,0
111,House,20745,14,8,PA,100,D,0,1,"MURPHY, Patrick",M001168,1973,,-0.204,0.107,-131.94686,0.869,939,43,,-0.254,0.185,1
111,House,20346,14,18,PA,200,R,0,1,"MURPHY, Timothy",M001151,1952,,0.258,0.198,-267.06279,0.75737,961,122,,0.184,0.239,0
111,House,14072,14,12,PA,100,D,1,1,"MURTHA, John Patrick, Jr.",M001120,1932,2010,-0.265,0.569,-51.11835,0.919,602,16,,-0.413,0.366,0
111,House,29752,14,16,PA,200,R,0,1,"PITTS, Joseph R.",P000373,1939,,0.538,0.012,-138.31598,0.866,964,54,,0.539,-0.161,0
111,House,20135,14,19,PA,200,R,0,1,"PLATTS, Todd",P000585,1962,,0.252,-0.15,-224.59294,0.791,960,109,,0.261,-0.332,1
111,House,20525,14,13,PA,100,D,0,1,"SCHWARTZ, Allyson Y.",S001162,1948,,-0.343,-0.008,-65.54139,0.934,967,21,,-0.333,0.166,0
111,House,20744,14,7,PA,100,D,0,1,"SESTAK, Joe",S001169,1951,,-0.271,-0.155,-118.87954,0.877,909,36,,-0.273,-0.21,1
111,House,20134,14,9,PA,200,R,0,1,"SHUSTER, William (Bill)",S001154,1961,,0.374,0.323,-149.815,0.85634,966,56,,0.354,0.462,1
111,House,20946,14,5,PA,200,R,0,1,"THOMPSON, Glenn",T000467,1959,,0.335,0.334,-160.11846,0.84869,976,62,,0.325,0.545,0
111,House,29588,72,3,OR,100,D,0,1,"BLUMENAUER, Earl",B000574,1948,,-0.426,-0.626,-94.63173,0.90641,963,35,,-0.476,-0.661,0
111,House,15410,72,4,OR,100,D,0,1,"DeFAZIO, Peter Anthony",D000191,1947,,-0.427,-0.002,-144.26,0.85884,948,43,,-0.303,-0.199,0
111,House,20944,72,5,OR,100,D,0,1,"SCHRADER, Kurt",S001180,1951,,-0.182,0.054,-161.37429,0.84317,946,45,,-0.263,0.059,0
111,House,29932,72,2,OR,200,R,0,1,"WALDEN, Greg",W000791,1957,,0.333,-0.011,-224.16198,0.79195,961,109,,0.373,-0.296,0
111,House,29931,72,1,OR,100,D,0,1,"WU, David",W000793,1955,,-0.37,0.031,-161.23637,0.845,956,51,,-0.316,-0.313,0
111,House,20523,53,2,OK,100,D,0,1,"BOREN, Daniel David",B001254,1973,,-0.112,0.994,-243.14813,0.774,949,107,,-0.12,0.921,1
111,House,20344,53,4,OK,200,R,0,1,"COLE, Tom",C001053,1949,,0.323,0.412,-175.79624,0.83424,970,67,,0.315,0.514,0
111,House,20742,53,5,OK,200,R,0,1,"FALLIN, Mary",F000453,1954,,0.432,0.244,-116.27546,0.872,850,44,,0.478,0.016,1
111,House,29393,53,3,OK,200,R,0,1,"LUCAS, Frank D.",L000491,1960,,0.361,0.452,-115.48262,0.88239,923,43,,0.356,0.483,0
111,House,20131,53,1,OK,200,R,0,1,"SULLIVAN, John",S001155,1965,,0.513,0.173,-111.49289,0.871,805,41,,0.516,0.129,0
111,House,20940,24,7,OH,200,R,0,1,"AUSTRIA, Steve",A000365,1958,,0.367,0.305,-155.58238,0.854,985,78,,0.415,-0.027,0
111,House,20943,24,16,OH,100,D,0,1,"BOCCIERI, John A.",B001263,1969,,-0.185,0.384,-190.41137,0.823,978,81,,-0.181,0.343,0
111,House,29137,24,8,OH,200,R,0,1,"BOEHNER, John Andrew",B000589,1949,,0.513,0.04,-127.44073,0.87,912,45,,0.566,0.081,0
111,House,20939,24,1,OH,100,D,0,1,"DRIEHAUS, Steve",D000609,1966,,-0.184,0.087,-194.91844,0.82,983,72,,-0.183,0.097,0
111,House,20941,24,11,OH,100,D,0,1,"FUDGE, Marcia L.",F000455,1952,,-0.581,0.14,-51.91391,0.94649,944,17,,-0.565,-0.064,0
111,House,20738,24,4,OH,200,R,0,1,"JORDAN, Jim",J000289,1964,,0.713,-0.183,-113.78268,0.88953,972,47,,0.674,0.041,0
111,House,15029,24,9,OH,100,D,0,1,"KAPTUR, Marcia Carolyn (Marcy)",K000009,1946,,-0.343,0.133,-175.45593,0.83006,942,55,,-0.272,0.031,0
111,House,20942,24,15,OH,100,D,0,1,"KILROY, Mary Jo",K000372,1949,,-0.318,-0.115,-95.40897,0.906,970,27,,-0.316,-0.147,0
111,House,29748,24,10,OH,100,D,0,1,"KUCINICH, Dennis",K000336,1946,,-0.582,0.024,-458.98955,0.627,982,106,,-0.286,-0.517,0
111,House,29553,24,14,OH,200,R,0,1,"LaTOURETTE, Steven C.",L000553,1954,2016,0.211,-0.063,-236.94223,0.781,959,97,,0.197,0.106,0
111,House,20755,24,5,OH,200,R,0,1,"LATTA, Robert E.",L000566,1956,,0.509,0.285,-112.43738,0.89119,976,29,,0.534,0.162,0
111,House,20343,24,17,OH,100,D,0,1,"RYAN, Timothy J.",R000577,1973,,-0.402,0.208,-72.86351,0.92727,965,29,,-0.405,0.353,0
111,House,20540,24,2,OH,200,R,0,1,"SCHMIDT, Jean",S001164,1951,,0.467,-0.1,-143.62672,0.859,944,52,,0.505,-0.206,0
111,House,20741,24,18,OH,100,D,0,1,"SPACE, Zack",S001173,1961,,-0.167,0.498,-202.26272,0.809,957,87,,-0.16,0.368,0
111,House,20740,24,13,OH,100,D,0,1,"SUTTON, Betty",S001174,1963,,-0.44,0.165,-41.79138,0.957,954,15,,-0.416,0.161,0
111,House,20130,24,12,OH,200,R,0,1,"TIBERI, Patrick (Pat)",T000462,1962,,0.386,-0.026,-185.73229,0.82393,959,70,,0.413,-0.248,0
111,House,20342,24,3,OH,200,R,0,1,"TURNER, Michael R.",T000463,1960,,0.266,0.254,-223.88344,0.79427,972,89,,0.229,0.102,1
111,House,20739,24,6,OH,100,D,0,1,"WILSON, Charlie",W000801,1943,2013,-0.321,0.635,-83.39417,0.916,947,29,,-0.342,0.58,0
111,House,15000,13,5,NY,100,D,0,1,"ACKERMAN, Gary Leonard",A000022,1942,,-0.429,-0.165,-52.97044,0.944,922,21,,-0.404,0.076,0
111,House,20736,13,24,NY,100,D,0,1,"ARCURI, Michael",A000363,1959,,-0.206,0.341,-275.57132,0.754,974,114,,-0.162,0.542,0
111,House,20338,13,1,NY,100,D,0,1,"BISHOP, Timothy H.",B001242,1950,,-0.338,-0.05,-142.8105,0.863,969,44,,-0.273,-0.172,0
111,House,20733,13,11,NY,100,D,0,1,"CLARKE, Yvette Diane",C001067,1964,,-0.607,-0.259,-55.77113,0.9439,966,21,,-0.565,-0.346,0
111,House,29925,13,7,NY,100,D,0,1,"CROWLEY, Joseph",C001038,1962,,-0.412,-0.07,-55.18913,0.94413,960,24,,-0.46,-0.056,0
111,House,15603,13,17,NY,100,D,0,1,"ENGEL, Eliot Lance",E000179,1947,,-0.408,-0.093,-54.0904,0.94379,935,21,,-0.444,0.086,0
111,House,20735,13,20,NY,100,D,1,1,"GILLIBRAND, Kirsten",G000555,1966,,-0.454,-0.332,-1.85827,0.90683,19,1,,-0.353,0.701,1
111,House,20734,13,19,NY,100,D,0,1,"HALL, John",H001039,1948,,-0.319,-0.046,-81.5453,0.918,951,27,,-0.322,0.02,0
111,House,20519,13,27,NY,100,D,0,1,"HIGGINS, Brian",H001038,1959,,-0.348,-0.032,-45.04517,0.95379,952,15,,-0.358,0.229,0
111,House,29380,13,22,NY,100,D,0,1,"HINCHEY, Maurice Dunlea",H000627,1938,2017,-0.575,-0.007,-68.50241,0.93,942,24,,-0.595,0.238,0
111,House,20129,13,2,NY,100,D,0,1,"ISRAEL, Steve",I000057,1958,,-0.334,-0.051,-55.18867,0.944,959,19,,-0.368,-0.041,0
111,House,29375,13,3,NY,200,R,0,1,"KING, Peter T.",K000210,1944,,0.259,-0.03,-221.88116,0.79345,959,86,,0.238,0.245,0
111,House,20936,13,26,NY,200,R,0,1,"LEE, Christopher John",L000568,1964,,0.313,0.16,-180.76837,0.83,973,81,,0.318,0.091,0
111,House,15612,13,18,NY,100,D,0,1,"LOWEY, Nita M.",L000480,1937,2025,-0.389,-0.152,-54.18038,0.94573,971,20,,-0.393,0.127,0
111,House,20935,13,25,NY,100,D,0,1,"MAFFEI, Daniel B.",M001171,1968,,-0.19,-0.062,-150.25356,0.857,975,45,,-0.244,-0.13,0
111,House,29379,13,14,NY,100,D,0,1,"MALONEY, Carolyn Bosher",M000087,1946,,-0.387,-0.285,-56.53358,0.94127,934,19,,-0.368,-0.103,0
111,House,20937,13,29,NY,100,D,1,1,"MASSA, Eric J.J.",M001173,1959,,-0.201,0.094,-146.2324,0.804,672,46,,-0.199,0.112,1
111,House,29744,13,4,NY,100,D,0,1,"McCARTHY, Carolyn",M000309,1944,,-0.294,-0.04,-73.71719,0.919,874,26,,-0.321,0.049,0
111,House,39316,13,23,NY,200,R,1,1,"McHUGH, John Michael",M000472,1948,,0.225,-0.063,-137.071,0.743,461,61,,0.155,0.045,1
111,House,20933,13,13,NY,100,D,0,1,"McMAHON, Michael E.",M001174,1957,,-0.156,0.173,-301.45558,0.731,961,113,,-0.155,0.17,0
111,House,29776,13,6,NY,100,D,0,1,"MEEKS, Gregory W.",M001137,1953,,-0.416,-0.063,-58.57433,0.93928,935,26,,-0.412,0.123,0
111,House,20956,13,20,NY,100,D,2,2,"MURPHY, Scott",M001178,1970,,-0.11,0.127,-273.4933,0.713,807,126,,-0.11,0.135,1
111,House,29377,13,8,NY,100,D,0,1,"NADLER, Jerrold Lewis",N000002,1947,,-0.507,-0.478,-85.47387,0.91473,959,32,,-0.504,-0.436,0
111,House,20957,13,23,NY,100,D,2,2,"OWENS, William",O000169,1949,,-0.182,0.409,-177.53822,0.65,412,53,,-0.189,0.61,1
111,House,13035,13,15,NY,100,D,0,1,"RANGEL, Charles B.",R000053,1930,,-0.514,-0.341,-68.8503,0.929,931,27,,-0.451,-0.102,0
111,House,21101,13,29,NY,200,R,2,2,"REED, Thomas W. II",R000585,1971,,0.269,0.12,-11.12947,0.79682,49,3,,0.527,-0.73,0
111,House,29134,13,16,NY,100,D,0,1,"SERRANO, Jos√© E.",S000248,1943,,-0.491,-0.377,-47.73332,0.95222,975,17,,-0.528,-0.368,0
111,House,15444,13,28,NY,100,D,0,1,"SLAUGHTER, Louise McIntosh",S000480,1929,2018,-0.465,-0.104,-44.38634,0.95315,925,11,,-0.5,-0.154,0
111,House,20934,13,21,NY,100,D,0,1,"TONKO, Paul",T000469,1949,,-0.416,-0.261,-47.09892,0.95317,982,17,,-0.403,-0.061,0
111,House,15072,13,10,NY,100,D,0,1,"TOWNS, Edolphus",T000326,1934,,-0.519,-0.132,-74.07166,0.924,942,32,,-0.511,-0.401,0
111,House,29378,13,12,NY,100,D,0,1,"VEL√ÅZQUEZ, Nydia M.",V000081,1953,,-0.547,-0.367,-72.20439,0.92629,943,26,,-0.522,-0.561,0
111,House,29926,13,9,NY,100,D,0,1,"WEINER, Anthony D.",W000792,1964,,-0.408,-0.371,-77.57245,0.923,962,29,,-0.399,-0.224,0
111,House,29922,65,1,NV,100,D,0,1,"BERKLEY, Shelley",B001231,1951,,-0.302,0.024,-72.19255,0.927,953,22,,-0.339,0.158,0
111,House,20730,65,2,NV,200,R,0,1,"HELLER, Dean",H001041,1960,,0.463,-0.459,-224.28855,0.78912,947,90,,0.496,-0.509,0
111,House,20927,65,3,NV,100,D,0,1,"TITUS, Alice (Dina)",T000468,1950,,-0.298,-0.165,-136.92424,0.86997,983,49,,-0.244,0.111,0
111,House,20930,66,1,NM,100,D,0,1,"HEINRICH, Martin",H001046,1971,,-0.334,-0.008,-127.0619,0.87898,985,40,,-0.263,-0.085,1
111,House,20932,66,3,NM,100,D,0,1,"LUJ√ÅN, Ben Ray",L000570,1972,,-0.376,0.026,-48.90091,0.95123,978,16,,-0.398,0.114,0
111,House,20931,66,2,NM,100,D,0,1,"TEAGUE, Harry",T000466,1949,,-0.142,0.543,-292.85219,0.737,961,132,,-0.141,0.547,0
111,House,20928,12,3,NJ,100,D,0,1,"ADLER, John H.",A000364,1959,2011,-0.114,0.349,-322.56459,0.716,966,142,,-0.113,0.336,0
111,House,29132,12,1,NJ,100,D,0,1,"ANDREWS, Robert Ernest",A000210,1957,,-0.297,-0.119,-68.75425,0.93,951,22,,-0.423,0.116,1
111,House,29541,12,11,NJ,200,R,0,1,"FRELINGHUYSEN, Rodney P.",F000372,1946,,0.292,-0.262,-210.60084,0.80645,979,98,,0.264,0.193,0
111,House,20336,12,5,NJ,200,R,0,1,"GARRETT, Scott",G000548,1959,,0.688,-0.243,-155.70027,0.853,977,64,,0.72,-0.137,0
111,House,29923,12,12,NJ,100,D,0,1,"HOLT, Rush",H001032,1948,,-0.463,-0.33,-61.33884,0.939,972,21,,-0.493,-0.152,0
111,House,20929,12,7,NJ,200,R,0,1,"LANCE, Leonard",L000567,1952,,0.329,-0.237,-204.32751,0.81283,986,92,,0.307,-0.355,0
111,House,29539,12,2,NJ,200,R,0,1,"LoBIONDO, Frank A.",L000554,1946,,0.211,-0.224,-202.26128,0.81471,987,75,,0.203,-0.065,1
111,House,15454,12,6,NJ,100,D,0,1,"PALLONE, Frank, Jr.",P000034,1951,,-0.402,-0.161,-41.36677,0.95829,971,15,,-0.44,-0.029,0
111,House,29741,12,8,NJ,100,D,0,1,"PASCRELL, William J., Jr.",P000096,1937,2024,-0.369,-0.004,-128.1962,0.87339,947,25,,-0.378,-0.106,0
111,House,15619,12,10,NJ,100,D,0,1,"PAYNE, Donald Milford",P000149,1934,2012,-0.592,-0.547,-64.86833,0.934,947,26,,-0.537,-0.449,0
111,House,29742,12,9,NJ,100,D,0,1,"ROTHMAN, Steven",R000462,1952,,-0.352,-0.092,-43.89024,0.955,958,11,,-0.415,0.067,0
111,House,20542,12,13,NJ,100,D,0,1,"SIRES, Albio",S001165,1951,,-0.404,0.098,-75.8428,0.92358,954,30,,-0.419,0.103,0
111,House,14863,12,4,NJ,200,R,0,1,"SMITH, Christopher Henry",S000522,1953,,0.181,-0.172,-207.58944,0.8068,967,74,,0.191,-0.039,0
111,House,20732,4,2,NH,100,D,0,1,"HODES, Paul",H001043,1951,,-0.256,-0.158,-210.32891,0.798,930,71,,-0.208,-0.238,0
111,House,20731,4,1,NH,100,D,0,1,"SHEA-PORTER, Carol",S001170,1952,,-0.315,-0.131,-82.38127,0.91768,959,30,,-0.322,-0.125,1
111,House,20518,35,1,NE,200,R,0,1,"FORTENBERRY, Jeff",F000449,1960,,0.304,-0.061,-221.94328,0.79378,961,111,,0.311,-0.233,0
111,House,20729,35,3,NE,200,R,0,1,"SMITH, Adrian",S001172,1970,,0.511,0.252,-149.51628,0.8589,983,56,,0.519,-0.079,0
111,House,29921,35,2,NE,200,R,0,1,"TERRY, Lee Raymond",T000459,1962,,0.426,-0.067,-176.93153,0.834,972,79,,0.403,-0.208,0
111,House,29384,36,1,ND,100,D,0,1,"POMEROY, Earl Ralph, III",P000422,1952,,-0.266,0.339,-96.53584,0.905,964,31,,-0.276,0.383,0
111,House,20340,47,1,NC,100,D,0,1,"BUTTERFIELD, George Kenneth, Jr. (G.K.)",B001251,1947,,-0.404,0.184,-46.79413,0.9503,918,18,,-0.443,0.18,0
111,House,15092,47,6,NC,200,R,0,1,"COBLE, Howard",C000556,1931,2015,0.52,-0.081,-184.41789,0.824,951,71,,0.567,-0.089,0
111,House,29745,47,2,NC,100,D,0,1,"ETHERIDGE, Bobby R.",E000226,1941,,-0.288,0.288,-103.58489,0.9,979,30,,-0.273,0.264,0
111,House,20521,47,5,NC,200,R,0,1,"FOXX, Virginia Ann",F000450,1943,,0.623,0.174,-133.28765,0.87332,984,54,,0.708,-0.075,0
111,House,29546,47,3,NC,200,R,0,1,"JONES, Walter Beaman, Jr.",J000255,1943,2019,0.244,-0.362,-465.72498,0.60994,942,201,,0.194,0.04,1
111,House,20938,47,8,NC,100,D,0,1,"KISSELL, Larry",K000369,1951,,-0.182,0.375,-151.60622,0.856,975,43,,-0.25,0.446,1
111,House,20522,47,10,NC,200,R,0,1,"McHENRY, Patrick T.",M001156,1975,,0.524,0.156,-133.00027,0.87037,958,54,,0.578,-0.078,0
111,House,29746,47,7,NC,100,D,0,1,"McINTYRE, Mike",M000485,1956,,-0.148,0.56,-263.94269,0.763,975,114,,-0.116,0.573,1
111,House,20341,47,13,NC,100,D,0,1,"MILLER, Brad",M001154,1953,,-0.376,0.063,-51.10851,0.949,977,16,,-0.386,0.152,0
111,House,29549,47,9,NC,200,R,0,1,"MYRICK, Sue",M001134,1941,,0.56,0.027,-128.88974,0.874,959,40,,0.565,-0.131,0
111,House,15438,47,4,NC,100,D,0,1,"PRICE, David Eugene",P000523,1940,,-0.343,-0.03,-52.35001,0.94809,982,18,,-0.475,0.081,0
111,House,20737,47,11,NC,100,D,0,1,"SHULER, Heath",S001171,1971,,-0.07,0.224,-407.17293,0.646,931,215,,-0.035,0.4,0
111,House,29383,47,12,NC,100,D,0,1,"WATT, Melvin L.",W000207,1945,,-0.526,-0.155,-82.45118,0.919,970,31,,-0.508,-0.358,0
111,House,20125,64,1,MT,200,R,0,1,"REHBERG, Denny",R000571,1955,,0.337,0.244,-135.69759,0.871,983,44,,0.329,0.406,0
111,House,20761,46,1,MS,100,D,0,1,"CHILDERS, Travis W.",C001074,1958,,-0.011,0.631,-312.129,0.724,968,152,,-0.011,0.632,0
111,House,20925,46,3,MS,200,R,0,1,"HARPER, Gregg",H001045,1956,,0.384,0.48,-172.89043,0.83519,960,75,,0.45,0.329,0
111,House,15637,46,4,MS,100,D,0,1,"TAYLOR, Gary Eugene (Gene)",T000074,1953,,-0.045,0.893,-447.59529,0.622,944,231,,0.018,0.535,1
111,House,29368,46,2,MS,100,D,0,1,"THOMPSON, Bennie",T000193,1948,,-0.519,0.391,-67.55825,0.93211,961,25,,-0.468,0.105,0
111,House,21996,95,0,MP,100,D,,,"SABLAN, Gregorio Kilili Camacho",S001177,1955,,-0.419,-0.252,-15.81433,0.93124,222,7,,-0.444,0.214,0
111,House,91996,95,1,MP,328,I,,,"SABLAN, Gregorio Kilili Camacho",S001177,1955,,,,,,,,,,,0
111,House,20123,34,2,MO,200,R,0,1,"AKIN, W. Todd",A000358,1947,2021,0.612,0.235,-139.36478,0.861,934,63,,0.626,0.263,1
111,House,29735,34,7,MO,200,R,0,1,"BLUNT, Roy",B000575,1950,,0.398,0.18,-172.39521,0.81949,866,71,,0.433,0.176,0
111,House,20516,34,3,MO,100,D,0,1,"CARNAHAN, Russ",C001060,1958,,-0.347,-0.005,-46.8723,0.953,976,15,,-0.342,0.119,0
111,House,20147,34,1,MO,100,D,0,1,"CLAY, William Lacy, Jr.",C001049,1956,,-0.481,-0.078,-118.37927,0.88155,939,38,,-0.451,-0.4,0
111,House,20517,34,5,MO,100,D,0,1,"CLEAVER, Emanuel, II",C001061,1944,,-0.452,-0.001,-79.34355,0.92067,960,24,,-0.459,-0.179,0
111,House,29736,34,8,MO,200,R,0,1,"EMERSON, Jo Ann",E000172,1950,,0.269,0.274,-201.49586,0.812,967,85,,0.274,0.342,0
111,House,20124,34,6,MO,200,R,0,1,"GRAVES, Samuel",G000546,1963,,0.448,0.164,-127.15682,0.86878,904,38,,0.489,-0.062,0
111,House,20926,34,9,MO,200,R,0,1,"LUETKEMEYER, Blaine",L000569,1952,,0.45,0.247,-145.94132,0.86124,977,58,,0.484,-0.064,0
111,House,14451,34,4,MO,100,D,0,1,"SKELTON, Isaac Newton, IV (Ike)",S000465,1931,2013,-0.172,0.724,-180.98353,0.83,969,59,,-0.233,0.69,1
111,House,20728,33,6,MN,200,R,0,1,"BACHMANN, Michele",B001256,1956,,0.584,-0.03,-122.75121,0.871,888,39,,0.584,-0.108,0
111,House,20727,33,5,MN,100,D,0,1,"ELLISON, Keith",E000288,1963,,-0.537,-0.58,-62.68177,0.93315,906,26,,-0.546,-0.649,0
111,House,20333,33,2,MN,200,R,0,1,"KLINE, John",K000363,1947,,0.49,0.154,-153.09206,0.854,969,56,,0.537,-0.16,1
111,House,20122,33,4,MN,100,D,0,1,"McCOLLUM, Betty",M001143,1954,,-0.419,-0.184,-46.62686,0.95249,958,14,,-0.446,-0.049,0
111,House,14265,33,8,MN,100,D,0,1,"OBERSTAR, James Louis",O000006,1934,2014,-0.553,0.304,-91.28729,0.91,965,34,,-0.449,0.205,0
111,House,20924,33,3,MN,200,R,0,1,"PAULSEN, Erik",P000594,1965,,0.402,-0.191,-179.56544,0.83304,983,79,,0.4,-0.34,0
111,House,29127,33,7,MN,100,D,0,1,"PETERSON, Collin Clark",P000258,1944,,-0.148,0.712,-222.85301,0.79586,976,82,,-0.219,0.976,0
111,House,20726,33,1,MN,100,D,0,1,"WALZ, Tim",W000799,1964,,-0.275,0.131,-121.57322,0.88344,981,38,,-0.268,0.145,0
111,House,29124,23,4,MI,200,R,0,1,"CAMP, David Lee",C000071,1953,,0.385,-0.048,-174.662,0.834,961,77,,0.349,0.19,0
111,House,10713,23,14,MI,100,D,0,1,"CONYERS, John, Jr.",C000714,1929,2019,-0.658,-0.512,-101.67996,0.89215,891,33,,-0.549,-0.24,0
111,House,2605,23,15,MI,100,D,0,1,"DINGELL, John David, Jr.",D000355,1926,2019,-0.448,0.313,-57.77278,0.941,952,22,,-0.448,0.315,0
111,House,29362,23,3,MI,200,R,0,1,"EHLERS, Vernon James",E000092,1934,2017,0.316,-0.622,-352.85504,0.689,949,150,,0.31,-0.902,0
111,House,29361,23,2,MI,200,R,0,1,"HOEKSTRA, Peter",H000676,1953,,0.516,-0.262,-153.45636,0.821,779,51,,0.554,-0.264,0
111,House,14430,23,5,MI,100,D,0,1,"KILDEE, Dale Edward",K000172,1929,2021,-0.385,0.011,-59.66093,0.941,986,18,,-0.404,0.334,0
111,House,29733,23,13,MI,100,D,0,1,"KILPATRICK, Carolyn Cheeks",K000180,1945,,-0.491,-0.172,-84.46774,0.909,890,35,,-0.501,-0.168,0
111,House,15033,23,12,MI,100,D,0,1,"LEVIN, Sander Martin",L000263,1931,,-0.379,-0.091,-45.93515,0.95398,975,11,,-0.419,0.221,0
111,House,20332,23,11,MI,200,R,0,1,"McCOTTER, Thaddeus George",M001147,1965,,0.335,0.012,-215.43737,0.802,976,108,,0.394,-0.396,0
111,House,20331,23,10,MI,200,R,0,1,"MILLER, Candice S.",M001150,1954,,0.343,-0.001,-225.73602,0.795,986,101,,0.284,0.009,0
111,House,20923,23,9,MI,100,D,0,1,"PETERS, Gary C.",P000595,1958,,-0.248,-0.186,-237.54207,0.78533,983,80,,-0.178,-0.133,0
111,House,20120,23,8,MI,200,R,0,1,"ROGERS, Mike",R000572,1963,,0.4,0.098,-173.36312,0.832,941,80,,0.408,-0.165,0
111,House,20922,23,7,MI,100,D,0,1,"SCHAUER, Mark H.",S001178,1961,,-0.233,-0.359,-258.87002,0.767,978,76,,-0.238,-0.473,0
111,House,29360,23,1,MI,100,D,0,1,"STUPAK, Bart T.",S001045,1952,,-0.396,0.701,-186.45843,0.815,913,61,,-0.352,0.765,0
111,House,15446,23,6,MI,200,R,0,1,"UPTON, Frederick Stephen",U000031,1953,,0.32,-0.355,-194.63506,0.82086,986,81,,0.323,-0.282,0
111,House,20328,2,2,ME,100,D,0,1,"MICHAUD, Michael H.",M001149,1955,,-0.283,-0.071,-219.74338,0.8,985,85,,-0.236,-0.244,0
111,House,20920,2,1,ME,100,D,0,1,"PINGREE, Chellie",P000597,1955,,-0.423,-0.367,-63.63792,0.9354,953,21,,-0.468,-0.318,1
111,House,29356,52,6,MD,200,R,0,1,"BARTLETT, Roscoe Gardner",B000208,1926,,0.493,-0.091,-278.69651,0.752,979,129,,0.472,0.089,1
111,House,29587,52,7,MD,100,D,0,1,"CUMMINGS, Elijah Eugene",C000984,1951,2019,-0.438,-0.148,-64.01909,0.93626,972,20,,-0.437,-0.09,0
111,House,20763,52,4,MD,100,D,0,1,"EDWARDS, Donna F.",E000290,1958,,-0.562,-0.294,-62.10806,0.939,980,24,,-0.584,-0.391,0
111,House,14873,52,5,MD,100,D,0,1,"HOYER, Steny Hamilton",H000874,1939,,-0.381,0.122,-46.51692,0.95318,970,13,,-0.422,0.227,0
111,House,20921,52,1,MD,100,D,0,1,"KRATOVIL, Frank M., Jr.",K000371,1968,,-0.037,0.103,-351.22821,0.7,984,170,,-0.037,0.122,1
111,House,20329,52,2,MD,100,D,0,1,"RUPPERSBERGER, C. A. (Dutch)",R000576,1946,,-0.299,0.12,-68.17899,0.92989,938,23,,-0.333,0.167,0
111,House,20724,52,3,MD,100,D,0,1,"SARBANES, John",S001168,1962,,-0.466,-0.078,-43.25927,0.95638,970,13,,-0.411,-0.07,0
111,House,20330,52,8,MD,100,D,0,1,"VAN HOLLEN, Christopher",V000128,1959,,-0.396,-0.222,-35.32769,0.96413,967,8,,-0.408,0.031,0
111,House,29919,3,8,MA,100,D,0,1,"CAPUANO, Michael Everett",C001037,1952,,-0.58,-0.082,-52.26367,0.94259,884,19,,-0.472,-0.307,0
111,House,29731,3,10,MA,100,D,0,1,"DELAHUNT, Bill",D000210,1941,2024,-0.495,-0.293,-62.10396,0.929,842,22,,-0.492,0.01,0
111,House,14824,3,4,MA,100,D,0,1,"FRANK, Barney",F000339,1940,,-0.499,-0.534,-72.82066,0.926,946,30,,-0.532,-0.261,0
111,House,20119,3,9,MA,100,D,0,1,"LYNCH, Stephen F.",L000562,1955,,-0.344,0.049,-94.38356,0.90618,958,35,,-0.355,0.069,0
111,House,14435,3,7,MA,100,D,0,1,"MARKEY, Edward John",M000133,1946,,-0.516,-0.469,-67.129,0.93314,970,22,,-0.469,-0.366,0
111,House,29729,3,3,MA,100,D,0,1,"McGOVERN, James P.",M000312,1959,,-0.538,-0.341,-41.5746,0.95783,965,16,,-0.533,-0.162,0
111,House,15616,3,2,MA,100,D,0,1,"NEAL, Richard Edmund",N000015,1949,,-0.417,-0.106,-56.77703,0.94263,961,22,,-0.43,-0.042,0
111,House,29123,3,1,MA,100,D,0,1,"OLVER, John Walter",O000085,1936,2023,-0.577,-0.207,-40.69136,0.959,966,13,,-0.564,-0.195,0
111,House,29730,3,6,MA,100,D,0,1,"TIERNEY, John F.",T000266,1951,,-0.488,-0.433,-87.79336,0.912,957,29,,-0.46,-0.527,0
111,House,20754,3,5,MA,100,D,0,1,"TSONGAS, Nicola S. (Niki)",T000465,1946,,-0.396,-0.199,-58.68087,0.941,965,23,,-0.471,-0.265,1
111,House,90327,45,5,LA,200,R,0,1,"ALEXANDER, Rodney",A000361,1946,,0.331,0.408,-134.64482,0.868,953,49,,0.35,0.519,0
111,House,20514,45,7,LA,200,R,0,1,"BOUSTANY, Charles W.",B001255,1956,,0.392,0.308,-193.19048,0.817,957,102,,0.521,-0.182,0
111,House,20917,45,2,LA,200,R,0,1,"CAO, Anh (Joseph)",C001079,1967,,0.133,0.168,-301.172,0.722,926,123,,0.132,0.16,0
111,House,20919,45,6,LA,200,R,0,1,"CASSIDY, Bill",C001075,1957,,0.463,-0.046,-224.62973,0.79021,954,87,,0.487,-0.461,0
111,House,20918,45,4,LA,200,R,0,1,"FLEMING, John",F000456,1951,,0.59,0.022,-150.58698,0.857,978,72,,0.51,0.071,1
111,House,20513,45,3,LA,100,D,0,1,"MELANCON, Charles J.",M001161,1947,,-0.178,0.798,-229.09397,0.772,886,92,,-0.137,0.558,0
111,House,20759,45,1,LA,200,R,0,1,"SCALISE, Steve",S001176,1965,,0.558,0.168,-144.23424,0.86143,967,64,,0.564,0.03,0
111,House,20326,51,6,KY,100,D,0,1,"CHANDLER, A. B. (Ben)",C001058,1959,,-0.232,0.516,-127.12526,0.874,942,43,,-0.244,0.572,0
111,House,20511,51,4,KY,200,R,0,1,"DAVIS, Geoffrey C. (Geoff)",D000603,1958,,0.398,0.412,-152.03636,0.851,944,58,,0.406,0.45,0
111,House,20916,51,2,KY,200,R,0,1,"GUTHRIE, Brett",G000558,1964,,0.428,0.269,-149.99313,0.85835,982,68,,0.326,0.396,0
111,House,14854,51,5,KY,200,R,0,1,"ROGERS, Harold Dallas (Hal)",R000395,1937,,0.333,0.152,-152.51137,0.85479,972,54,,0.309,0.39,0
111,House,29525,51,1,KY,200,R,0,1,"WHITFIELD, Wayne Edward (Ed)",W000413,1943,,0.303,0.182,-246.9134,0.773,960,83,,0.293,0.304,0
111,House,20723,51,3,KY,100,D,0,1,"YARMUTH, John",Y000062,1947,,-0.378,-0.275,-53.3299,0.94585,958,19,,-0.357,-0.107,0
111,House,20915,32,2,KS,200,R,0,1,"JENKINS, Lynn",J000290,1963,,0.523,0.004,-189.42698,0.82537,987,67,,0.529,-0.301,0
111,House,29915,32,3,KS,100,D,0,1,"MOORE, Dennis",M001140,1945,2021,-0.267,0.159,-116.1518,0.887,969,29,,-0.263,0.071,0
111,House,29722,32,1,KS,200,R,0,1,"MORAN, Jerry",M000934,1954,,0.414,0.219,-165.27882,0.83425,912,77,,0.521,-0.154,0
111,House,29524,32,4,KS,200,R,0,1,"TIAHRT, Todd",T000260,1951,,0.449,0.341,-174.60369,0.823,897,74,,0.473,0.59,0
111,House,15014,22,5,IN,200,R,0,1,"BURTON, Danny Lee",B001149,1938,,0.585,-0.026,-134.37124,0.871,970,53,,0.564,0.015,0
111,House,29350,22,4,IN,200,R,0,1,"BUYER, Stephen Earle",B001203,1958,,0.435,0.192,-176.16393,0.815,862,80,,0.399,0.24,0
111,House,20757,22,7,IN,100,D,0,1,"CARSON, Andr√©",C001072,1974,,-0.435,0.03,-43.40648,0.95667,980,17,,-0.464,0.221,0
111,House,20717,22,2,IN,100,D,0,1,"DONNELLY, Joe",D000607,1955,,-0.119,0.435,-290.81784,0.74368,982,147,,-0.096,0.397,0
111,House,20718,22,8,IN,100,D,0,1,"ELLSWORTH, Brad",E000289,1958,,-0.106,0.612,-297.60948,0.732,955,142,,-0.108,0.442,1
111,House,29914,22,9,IN,100,D,0,1,"HILL, Baron P.",H001030,1953,,-0.121,0.137,-393.32206,0.662,955,189,,-0.062,-0.031,0
111,House,20117,22,6,IN,200,R,0,1,"PENCE, Mike",P000587,1959,,0.655,0.088,-98.42769,0.9,931,37,,0.632,0.036,0
111,House,29519,22,3,IN,200,R,1,1,"SOUDER, Mark Edward",S001143,1950,2022,0.435,-0.011,-185.30169,0.777,734,84,,0.431,0.171,0
111,House,21100,22,3,IN,200,R,2,2,"STUTZMAN, Marlin",S001188,1976,,0.728,-0.119,-5.15275,0.90735,53,1,,0.789,0.04,0
111,House,15124,22,1,IN,100,D,0,1,"VISCLOSKY, Peter",V000108,1949,,-0.402,0.244,-126.92638,0.87794,975,43,,-0.311,0.052,0
111,House,20509,21,8,IL,100,D,0,1,"BEAN, Melissa L.",B001253,1962,,-0.155,-0.063,-375.16424,0.674,952,128,,-0.176,-0.396,0
111,House,29912,21,13,IL,200,R,0,1,"BIGGERT, Judy Borg",B001232,1937,,0.323,-0.372,-226.51537,0.794,980,120,,0.277,-0.117,0
111,House,15453,21,12,IL,100,D,0,1,"COSTELLO, Jerry Francis",C000794,1949,,-0.317,0.657,-170.11017,0.836,947,60,,-0.288,0.479,0
111,House,29717,21,7,IL,100,D,0,1,"DAVIS, Danny K.",D000096,1941,,-0.487,-0.266,-64.03056,0.93284,921,25,,-0.464,-0.257,0
111,House,20749,21,14,IL,100,D,0,1,"FOSTER, Bill",F000454,1955,,-0.238,-0.224,-292.24636,0.74282,983,103,,-0.17,-0.23,0
111,House,29348,21,4,IL,100,D,0,1,"GUTI√âRREZ, Luis V.",G000535,1953,,-0.487,-0.26,-96.31582,0.89622,879,35,,-0.45,-0.325,0
111,House,20913,21,11,IL,100,D,0,1,"HALVORSON, Deborah L.",H001044,1958,,-0.183,0.027,-293.49757,0.742,982,95,,-0.181,-0.055,0
111,House,20716,21,17,IL,100,D,0,1,"HARE, Phil",H001040,1949,,-0.38,0.155,-53.07832,0.947,977,18,,-0.426,0.233,0
111,House,29585,21,2,IL,100,D,0,1,"JACKSON, Jesse L., Jr.",J000283,1965,,-0.538,-0.513,-68.09428,0.932,970,27,,-0.491,-0.203,0
111,House,20116,21,15,IL,200,R,0,1,"JOHNSON, Timothy V.",J000285,1946,2022,0.264,-0.52,-445.25705,0.627,954,193,,0.398,-0.917,0
111,House,20115,21,10,IL,200,R,0,1,"KIRK, Mark Steven",K000360,1959,,0.274,-0.647,-240.11557,0.771,921,105,,0.274,-0.591,0
111,House,20508,21,3,IL,100,D,0,1,"LIPINSKI, Daniel",L000563,1966,,-0.227,0.176,-153.88483,0.8526,965,55,,-0.251,0.564,0
111,House,29349,21,16,IL,200,R,0,1,"MANZULLO, Donald A.",M001138,1944,,0.51,0,-189.57637,0.823,974,84,,0.509,-0.089,0
111,House,20954,21,5,IL,100,D,2,2,"QUIGLEY, Mike",Q000023,1958,,-0.326,-0.231,-119.11673,0.8691,849,38,,-0.306,-0.459,0
111,House,20715,21,6,IL,200,R,0,1,"ROSKAM, Peter",R000580,1961,,0.429,0.018,-152.10032,0.85404,964,67,,0.482,-0.142,0
111,House,29346,21,1,IL,100,D,0,1,"RUSH, Bobby L.",R000515,1946,,-0.479,-0.203,-104.316,0.89113,905,33,,-0.363,-0.236,0
111,House,29911,21,9,IL,100,D,0,1,"SCHAKOWSKY, Janice D.",S001145,1944,,-0.602,-0.291,-48.19612,0.95167,973,21,,-0.518,-0.274,0
111,House,20914,21,18,IL,200,R,0,1,"SCHOCK, Aaron",S001179,1981,,0.311,0.185,-193.45607,0.815,946,83,,0.34,0.081,0
111,House,29718,21,19,IL,200,R,0,1,"SHIMKUS, John M.",S000364,1958,,0.375,0.154,-198.03081,0.81534,970,96,,0.467,-0.1,0
111,House,20912,63,1,ID,100,D,0,1,"MINNICK, Walt",M001175,1942,,0.088,-0.484,-542.52141,0.571,969,285,,0.091,-0.612,0
111,House,29910,63,2,ID,200,R,0,1,"SIMPSON, Michael K.",S001148,1950,,0.296,0.312,-241.81286,0.77835,965,96,,0.279,0.455,0
111,House,29721,31,3,IA,100,D,0,1,"BOSWELL, Leonard L.",B000652,1934,2018,-0.238,0.289,-94.15713,0.907,964,27,,-0.286,0.247,1
111,House,20719,31,1,IA,100,D,0,1,"BRALEY, Bruce",B001259,1957,,-0.31,-0.205,-87.35178,0.912,944,27,,-0.399,-0.113,0
111,House,20325,31,5,IA,200,R,0,1,"KING, Steve",K000362,1949,,0.613,0.171,-129.49601,0.87479,968,61,,0.666,0.329,0
111,House,29522,31,4,IA,200,R,0,1,"LATHAM, Thomas",L000111,1948,,0.302,0.308,-179.64721,0.83,966,69,,0.281,0.389,0
111,House,20720,31,2,IA,100,D,0,1,"LOEBSACK, Dave",L000565,1952,,-0.276,-0.027,-90.05994,0.91098,966,36,,-0.306,-0.166,1
111,House,15245,82,1,HI,100,D,1,1,"ABERCROMBIE, Neil",A000014,1938,,-0.432,-0.026,-29.75106,0.953,617,10,,-0.465,0.091,1
111,House,20961,82,1,HI,200,R,2,2,"DJOU, Charles",D000611,1970,,0.172,-0.181,-74.17922,0.693,202,31,,0.195,-0.405,1
111,House,20713,82,2,HI,100,D,0,1,"HIRONO, Mazie",H001042,1947,,-0.515,-0.1,-43.33421,0.95626,969,18,,-0.542,-0.018,0
111,House,20764,94,1,GU,100,D,,,"BORDALLO, Madeleine",B001245,1933,,,,,,,,,,,0
111,House,20507,44,12,GA,100,D,0,1,"BARROW, John",B001252,1955,,-0.119,0.46,-208.26651,0.807,970,65,,-0.187,0.538,0
111,House,29339,44,2,GA,100,D,0,1,"BISHOP, Sanford Dixon, Jr.",B000490,1947,,-0.287,0.447,-85.43469,0.91417,952,24,,-0.34,0.494,0
111,House,20753,44,10,GA,200,R,0,1,"BROUN, Paul C., Jr.",B001262,1946,,0.913,-0.408,-102.48444,0.898,956,32,,0.924,0.02,0
111,House,99342,44,9,GA,200,R,1,1,"DEAL, John Nathan",D000168,1942,,0.581,0.139,-98.2383,0.845,583,34,,0.606,-0.075,0
111,House,20319,44,11,GA,200,R,0,1,"GINGREY, Phil",G000550,1942,,0.561,0.272,-166.71608,0.84,957,79,,0.54,0.323,0
111,House,20962,44,9,GA,200,R,2,2,"GRAVES, Tom",G000560,1970,,0.716,-0.002,-19.02918,0.89915,179,7,,0.867,0.053,0
111,House,20712,44,4,GA,100,D,0,1,"JOHNSON, Hank",J000288,1954,,-0.477,-0.052,-71.71867,0.92609,934,23,,-0.427,0.104,1
111,House,29338,44,1,GA,200,R,0,1,"KINGSTON, Jack",K000220,1955,,0.54,0.302,-203.75006,0.811,971,98,,0.613,0.422,0
111,House,15431,44,5,GA,100,D,0,1,"LEWIS, John R.",L000287,1940,2020,-0.589,-0.221,-48.0566,0.94381,831,16,,-0.536,-0.401,0
111,House,29341,44,7,GA,200,R,0,1,"LINDER, John Elmer",L000321,1942,,0.559,-0.008,-167.79538,0.831,904,67,,0.651,-0.206,0
111,House,20317,44,8,GA,100,D,0,1,"MARSHALL, Jim",M001146,1948,,-0.119,0.803,-299.73006,0.733,966,136,,-0.135,0.889,1
111,House,20505,44,6,GA,200,R,0,1,"PRICE, Tom",P000591,1954,,0.644,-0.073,-137.96866,0.86678,965,63,,0.674,-0.058,0
111,House,20321,44,13,GA,100,D,0,1,"SCOTT, David",S001157,1945,,-0.304,0.169,-81.09135,0.92051,979,21,,-0.395,0.465,0
111,House,20506,44,3,GA,200,R,0,1,"WESTMORELAND, Lynn A.",W000796,1950,,0.672,0.189,-112.42085,0.884,911,46,,0.691,0.181,0
111,House,20758,43,9,FL,200,R,0,1,"BILIRAKIS, Gus",B001257,1963,,0.423,-0.032,-182.34678,0.82974,977,83,,0.368,-0.012,0
111,House,29713,43,2,FL,100,D,0,1,"BOYD, F. Allen, Jr.",B000716,1945,,-0.181,0.414,-180.62708,0.823,925,59,,-0.197,0.322,0
111,House,20313,43,5,FL,200,R,0,1,"BROWN-WAITE, Virginia (Ginny)",B001247,1943,,0.36,0.084,-228.71033,0.775,896,100,,0.341,0.026,0
111,House,29328,43,3,FL,100,D,0,1,"BROWN, Corrine",B000911,1946,,-0.429,0.192,-65.49288,0.933,939,25,,-0.432,0.134,0
111,House,20709,43,13,FL,200,R,0,1,"BUCHANAN, Vernon G.",B001260,1951,,0.362,-0.084,-195.05623,0.81596,959,91,,0.3,-0.069,0
111,House,20708,43,11,FL,100,D,0,1,"CASTOR, Kathy",C001066,1966,,-0.438,0.072,-37.21594,0.96106,937,11,,-0.434,-0.044,0
111,House,20111,43,4,FL,200,R,0,1,"CRENSHAW, Ander",C001045,1944,,0.333,0.337,-159.99904,0.846,954,60,,0.309,0.345,0
111,House,20959,43,19,FL,100,D,2,2,"DEUTCH, Theodore E. (Ted)",D000610,1966,,-0.401,-0.078,-16.18794,0.93175,229,7,,-0.364,-0.004,0
111,House,29336,43,21,FL,200,R,0,1,"DIAZ-BALART, Lincoln",D000299,1954,2025,0.243,-0.105,-202.11361,0.803,922,83,,0.221,0.141,0
111,House,20316,43,25,FL,200,R,0,1,"DIAZ-BALART, Mario",D000600,1961,,0.281,0.158,-205.12656,0.80833,964,83,,0.233,0.147,0
111,House,20908,43,8,FL,100,D,0,1,"GRAYSON, Alan",G000556,1958,,-0.363,-0.457,-92.08629,0.909,966,27,,-0.346,-0.182,0
111,House,29337,43,23,FL,100,D,0,1,"HASTINGS, Alcee Lamar",H000324,1936,2021,-0.564,0.157,-45.8226,0.95068,906,15,,-0.491,-0.064,0
111,House,20711,43,22,FL,100,D,0,1,"KLEIN, Ron",K000366,1957,,-0.265,0,-88.46076,0.912,964,27,,-0.265,-0.059,0
111,House,20911,43,24,FL,100,D,0,1,"KOSMAS, Suzanne M.",K000370,1944,,-0.163,-0.051,-229.48284,0.79,972,85,,-0.162,-0.064,0
111,House,20503,43,14,FL,200,R,0,1,"MACK, Connie, IV",M001155,1967,,0.601,-0.16,-143.77574,0.86,951,65,,0.59,-0.03,0
111,House,20358,43,17,FL,100,D,0,1,"MEEK, Kendrick B.",M001148,1966,,-0.363,0.108,-65.87639,0.931,927,25,,-0.328,0.198,0
111,House,29331,43,7,FL,200,R,0,1,"MICA, John L.",M000689,1943,,0.453,0.137,-178.38781,0.832,973,75,,0.401,0.335,0
111,House,20110,43,1,FL,200,R,0,1,"MILLER, Jefferson B. (Jeff)",M001144,1959,,0.633,0.155,-140.29606,0.866,972,68,,0.591,0.119,1
111,House,20909,43,15,FL,200,R,0,1,"POSEY, Bill",P000599,1947,,0.533,-0.353,-275.70955,0.75564,984,118,,0.386,0.03,0
111,House,20113,43,12,FL,200,R,0,1,"PUTNAM, Adam",P000586,1974,,0.414,0.14,-177.39825,0.826,929,86,,0.316,0.195,0
111,House,20910,43,16,FL,200,R,0,1,"ROONEY, Thomas J.",R000583,1970,,0.458,0.013,-217.59572,0.80034,977,94,,0.454,-0.041,1
111,House,15634,43,18,FL,200,R,0,1,"ROS-LEHTINEN, Ileana",R000435,1952,,0.244,-0.225,-193.0448,0.81399,938,80,,0.213,-0.072,0
111,House,15627,43,6,FL,200,R,0,1,"STEARNS, Clifford Bundy",S000822,1941,,0.554,-0.075,-186.07544,0.827,977,73,,0.554,-0.226,0
111,House,20504,43,20,FL,100,D,0,1,"WASSERMAN SCHULTZ, Debbie",W000797,1966,,-0.415,0.103,-44.48801,0.95397,944,14,,-0.425,0.063,0
111,House,29715,43,19,FL,100,D,1,1,"WEXLER, Robert",W000314,1961,,-0.392,-0.193,-29.93218,0.952,612,11,,-0.447,-0.034,0
111,House,13047,43,10,FL,200,R,0,1,"YOUNG, Charles William (Bill)",Y000031,1930,2013,0.325,-0.112,-191.36879,0.793,823,88,,0.267,0.202,0
111,House,29327,11,1,DE,200,R,0,1,"CASTLE, Michael Newbold",C000243,1939,,0.229,-0.7,-265.96624,0.764,986,118,,0.263,-0.751,0
111,House,21993,55,0,DC,100,D,,,"NORTON, Eleanor Holmes",N000147,1937,,-0.491,-0.114,-19.07067,0.91624,218,7,,-0.503,0.2,0
111,House,20706,1,2,CT,100,D,0,1,"COURTNEY, Joe",C001069,1953,,-0.337,0.041,-87.60934,0.91381,972,28,,-0.353,0.142,1
111,House,29109,1,3,CT,100,D,0,1,"DeLAURO, Rosa L.",D000216,1943,,-0.414,-0.107,-54.02499,0.94588,971,18,,-0.448,-0.052,0
111,House,20907,1,4,CT,100,D,0,1,"HIMES, James A.",H001047,1966,,-0.241,-0.21,-214.45329,0.79999,961,81,,-0.195,-0.266,0
111,House,29908,1,1,CT,100,D,0,1,"LARSON, John B.",L000557,1948,,-0.396,-0.038,-43.08507,0.95515,939,12,,-0.461,-0.031,0
111,House,20707,1,5,CT,100,D,0,1,"MURPHY, Christopher",M001169,1973,,-0.282,-0.238,-94.9262,0.90696,972,31,,-0.322,-0.061,0
111,House,20906,62,6,CO,200,R,0,1,"COFFMAN, Mike",C001077,1955,,0.492,-0.213,-179.94527,0.83116,973,74,,0.564,-0.105,1
111,House,29710,62,1,CO,100,D,0,1,"DeGETTE, Diana",D000197,1957,,-0.431,-0.308,-46.05438,0.95248,946,15,,-0.428,-0.035,0
111,House,20704,62,5,CO,200,R,0,1,"LAMBORN, Doug",L000564,1954,,0.665,0.257,-97.70473,0.9052,981,34,,0.711,0.095,1
111,House,20905,62,4,CO,100,D,0,1,"MARKEY, Betsy",M001172,1956,,-0.19,0.385,-215.37512,0.801,971,81,,-0.189,0.404,0
111,House,20705,62,7,CO,100,D,0,1,"PERLMUTTER, Ed",P000593,1953,,-0.282,0.072,-107.42635,0.89392,958,30,,-0.355,0.333,0
111,House,20904,62,2,CO,100,D,0,1,"POLIS, Jared",P000598,1975,,-0.278,-0.692,-158.91356,0.84932,973,45,,-0.371,-0.556,0
111,House,20502,62,3,CO,100,D,0,1,"SALAZAR, John",S001158,1953,,-0.277,0.561,-116.89739,0.884,952,40,,-0.278,0.456,0
111,House,29942,71,43,CA,100,D,0,1,"BACA, Joe",B001234,1947,,-0.349,0.292,-44.57093,0.954,955,12,,-0.375,0.337,0
111,House,29316,71,31,CA,100,D,0,1,"BECERRA, Xavier",B000287,1958,,-0.512,-0.283,-44.35289,0.95448,952,15,,-0.507,-0.056,0
111,House,15005,71,28,CA,100,D,0,1,"BERMAN, Howard Lawrence",B000410,1941,,-0.404,-0.286,-46.3116,0.952,948,14,,-0.445,-0.003,0
111,House,29508,71,50,CA,200,R,0,1,"BILBRAY, Brian P.",B000461,1951,,0.392,-0.376,-213.93866,0.799,953,102,,0.366,-0.194,0
111,House,29775,71,45,CA,200,R,0,1,"BONO, Mary",B001228,1961,,0.353,-0.218,-177.6173,0.832,965,77,,0.374,-0.271,0
111,House,29323,71,44,CA,200,R,0,1,"CALVERT, Ken",C000059,1953,,0.339,0.276,-147.78192,0.85705,958,46,,0.347,0.345,0
111,House,20539,71,48,CA,200,R,0,1,"CAMPBELL, John (of California)",C001064,1955,,0.748,-0.415,-170.89383,0.827,897,73,,0.81,-0.506,0
111,House,29774,71,23,CA,100,D,0,1,"CAPPS, Lois",C001036,1938,,-0.389,-0.227,-42.5681,0.957,962,15,,-0.462,-0.087,0
111,House,20306,71,18,CA,100,D,0,1,"CARDOZA, Dennis A.",C001050,1959,,-0.262,0.609,-128.24059,0.872,937,38,,-0.252,0.463,0
111,House,20955,71,32,CA,100,D,2,2,"CHU, Judy",C001080,1953,,-0.482,-0.37,-25.2432,0.959,603,7,,-0.494,-0.375,0
111,House,20501,71,20,CA,100,D,0,1,"COSTA, Jim",C001059,1952,,-0.198,0.448,-183.32943,0.825,953,67,,-0.207,0.579,0
111,House,20108,71,53,CA,100,D,0,1,"DAVIS, Susan A.",D000598,1944,,-0.343,-0.103,-39.62577,0.96029,978,10,,-0.384,0.142,1
111,House,14813,71,26,CA,200,R,0,1,"DREIER, David Timothy",D000492,1952,,0.478,-0.084,-209.53884,0.807,978,116,,0.371,0.341,0
111,House,29312,71,14,CA,100,D,0,1,"ESHOO, Anna Georges",E000215,1942,,-0.379,-0.372,-45.67181,0.95363,962,13,,-0.422,-0.203,0
111,House,29313,71,17,CA,100,D,0,1,"FARR, Sam",F000030,1941,,-0.455,-0.219,-68.08688,0.932,968,22,,-0.488,-0.267,0
111,House,29325,71,51,CA,100,D,0,1,"FILNER, Bob",F000116,1942,2025,-0.652,0.002,-114.75729,0.888,966,34,,-0.556,-0.584,0
111,House,15413,71,24,CA,200,R,0,1,"GALLEGLY, Elton W.",G000021,1944,,0.402,-0.1,-156.55163,0.848,947,73,,0.382,0.219,0
111,House,20958,71,10,CA,100,D,2,2,"GARAMENDI, John",G000559,1945,,-0.314,-0.097,-36.34347,0.91335,401,14,,-0.466,-0.129,1
111,House,29318,71,36,CA,100,D,0,1,"HARMAN, Jane L.",H000213,1945,,-0.262,-0.12,-87.15462,0.908,899,26,,-0.355,-0.058,0
111,House,15420,71,2,CA,200,R,0,1,"HERGER, Walter William (Wally)",H000528,1945,,0.551,0.117,-140.20384,0.866,977,62,,0.58,0.004,0
111,House,20103,71,15,CA,100,D,0,1,"HONDA, Mike",H001034,1941,,-0.529,-0.482,-67.74057,0.931,950,27,,-0.534,-0.489,0
111,House,20963,71,52,CA,200,R,0,1,"HUNTER, Duncan Duane",H001048,1976,,0.539,0.085,-152.5999,0.85648,985,71,,0.47,0.259,1
111,House,20107,71,49,CA,200,R,0,1,"ISSA, Darrell",I000056,1953,,0.478,0.023,-179.90092,0.82992,965,78,,0.61,-0.236,0
111,House,29778,71,9,CA,100,D,0,1,"LEE, Barbara",L000551,1946,,-0.676,-0.582,-50.71341,0.9488,965,17,,-0.726,-0.613,0
111,House,14644,71,41,CA,200,R,0,1,"LEWIS, Charles Jeremy (Jerry)",L000274,1934,2021,0.348,-0.101,-253.83845,0.77,972,115,,0.356,0.514,0
111,House,29504,71,16,CA,100,D,0,1,"LOFGREN, Zoe",L000397,1947,,-0.397,-0.404,-63.07084,0.93121,885,20,,-0.451,-0.497,0
111,House,14647,71,3,CA,200,R,0,1,"LUNGREN, Daniel Edward",L000517,1946,,0.497,-0.054,-188.47152,0.824,975,72,,0.468,-0.086,0
111,House,20538,71,5,CA,100,D,0,1,"MATSUI, Doris",M001163,1944,,-0.434,-0.142,-37.8748,0.96205,979,11,,-0.468,-0.154,0
111,House,20703,71,22,CA,200,R,0,1,"MCCARTHY, Kevin",M001165,1965,,0.453,0.233,-133.55928,0.86859,948,51,,0.485,0.033,0
111,House,20903,71,4,CA,200,R,0,1,"McCLINTOCK, Tom",M001177,1956,,0.672,-0.37,-176.45117,0.83599,985,69,,0.745,-0.445,0
111,House,29315,71,25,CA,200,R,0,1,"McKEON, Howard P. (Buck)",M000508,1938,,0.396,0.208,-164.53137,0.844,970,71,,0.377,0.227,1
111,House,20702,71,11,CA,100,D,0,1,"McNERNEY, Jerry",M001166,1951,,-0.263,-0.159,-178.57533,0.83217,972,69,,-0.194,-0.041,0
111,House,29905,71,42,CA,200,R,0,1,"MILLER, Gary G.",M001139,1948,,0.478,0.222,-159.62039,0.828,845,87,,0.397,0.498,0
111,House,14256,71,7,CA,100,D,0,1,"MILLER, George",M000725,1945,,-0.552,-0.398,-54.43466,0.944,953,19,,-0.494,-0.44,0
111,House,29903,71,38,CA,100,D,0,1,"NAPOLITANO, Grace Flores",N000179,1936,,-0.448,-0.247,-74.05157,0.92576,960,28,,-0.486,-0.343,0
111,House,20307,71,21,CA,200,R,0,1,"NUNES, Devin",N000181,1973,,0.45,0.223,-164.66959,0.83563,917,70,,0.565,-0.033,0
111,House,15448,71,8,CA,100,D,0,1,"PELOSI, Nancy",P000197,1940,,-0.489,-0.18,-1.72037,0.98019,86,0,,-0.562,0.099,0
111,House,29505,71,19,CA,200,R,0,1,"RADANOVICH, George P.",R000004,1955,,0.484,0.18,-136.60656,0.835,757,59,,0.463,0.322,0
111,House,20752,71,37,CA,100,D,0,1,"RICHARDSON, Laura",R000581,1962,,-0.339,-0.022,-80.45712,0.918,945,31,,-0.364,-0.105,0
111,House,15621,71,46,CA,200,R,0,1,"ROHRABACHER, Dana",R000409,1947,,0.626,-0.417,-284.854,0.74163,953,101,,0.612,-0.403,0
111,House,29317,71,34,CA,100,D,0,1,"ROYBAL-ALLARD, Lucille",R000486,1941,,-0.469,-0.171,-46.19113,0.95378,976,16,,-0.503,0.131,0
111,House,29321,71,40,CA,200,R,0,1,"ROYCE, Edward Randall",R000487,1951,,0.657,-0.353,-140.84045,0.86613,980,58,,0.677,-0.356,0
111,House,20310,71,39,CA,100,D,0,1,"S√ÅNCHEZ, Linda T.",S001156,1969,,-0.508,-0.132,-33.11071,0.96144,842,9,,-0.522,-0.237,0
111,House,29709,71,47,CA,100,D,0,1,"SANCHEZ, Loretta",S000030,1960,,-0.367,0.025,-104.6784,0.892,918,32,,-0.331,0.001,1
111,House,20104,71,29,CA,100,D,0,1,"SCHIFF, Adam",S001150,1960,,-0.353,-0.109,-38.59395,0.96154,984,10,,-0.383,0.06,0
111,House,29707,71,27,CA,100,D,0,1,"SHERMAN, Brad",S000344,1954,,-0.344,-0.137,-79.41839,0.92154,972,29,,-0.448,0.078,0
111,House,20105,71,32,CA,100,D,1,1,"SOLIS, Hilda L.",S001153,1957,,-0.508,-0.312,,,,,,-0.63,0.024,0
111,House,20762,71,12,CA,100,D,0,1,"SPEIER, Karen Lorraine Jacqueline (Jackie)",S001175,1950,,-0.381,-0.41,-143.42863,0.85147,892,46,,-0.413,-0.851,0
111,House,14053,71,13,CA,100,D,0,1,"STARK, Fortney Hillman (Pete), Jr.",S000810,1931,2020,-0.631,-0.605,-137.18281,0.843,805,38,,-0.502,-0.865,0
111,House,29705,71,10,CA,100,D,1,1,"TAUSCHER, Ellen O'Kane",T000057,1951,2019,-0.308,-0.169,-13.2189,0.953,275,4,,-0.368,0.005,1
111,House,29901,71,1,CA,100,D,0,1,"THOMPSON, Michael",T000460,1951,,-0.392,0.072,-95.05831,0.90747,979,28,,-0.35,-0.102,0
111,House,29106,71,35,CA,100,D,0,1,"WATERS, Maxine",W000187,1938,,-0.656,-0.094,-103.01463,0.89275,908,31,,-0.574,-0.659,0
111,House,20106,71,33,CA,100,D,0,1,"WATSON, Diane Edith",W000794,1933,,-0.531,-0.351,-48.81937,0.948,921,17,,-0.554,-0.266,0
111,House,14280,71,30,CA,100,D,0,1,"WAXMAN, Henry Arnold",W000215,1939,,-0.473,-0.343,-43.64638,0.954,936,14,,-0.5,-0.306,0
111,House,29309,71,6,CA,100,D,0,1,"WOOLSEY, Lynn C.",W000738,1937,,-0.556,-0.529,-69.84845,0.928,939,27,,-0.651,-0.598,0
111,House,20100,61,6,AZ,200,R,0,1,"FLAKE, Jeff",F000444,1962,,0.855,-0.518,-145.01207,0.85718,941,54,,0.964,-0.265,0
111,House,20304,61,2,AZ,200,R,0,1,"FRANKS, Trent",F000448,1957,,0.749,0.087,-108.04206,0.89551,979,54,,0.719,0.126,1
111,House,20701,61,8,AZ,100,D,0,1,"GIFFORDS, Gabrielle",G000554,1970,,-0.11,0.076,-364.84887,0.688,974,167,,-0.08,-0.189,1
111,House,20305,61,7,AZ,100,D,0,1,"GRIJALVA, Ra√∫l M.",G000551,1948,,-0.598,-0.264,-74.75335,0.92316,935,25,,-0.565,-0.314,0
111,House,20902,61,1,AZ,100,D,0,1,"KIRKPATRICK, Ann",K000368,1950,,-0.169,-0.01,-496.14736,0.59769,964,198,,-0.066,0.125,0
111,House,20700,61,5,AZ,100,D,0,1,"MITCHELL, Harry E.",M001167,1940,,-0.056,0.028,-454.39426,0.627,973,220,,0.001,-0.18,0
111,House,29101,61,4,AZ,100,D,0,1,"PASTOR, Ed",P000099,1943,2018,-0.421,0.12,-80.69727,0.92,968,28,,-0.427,-0.047,0
111,House,29501,61,3,AZ,200,R,0,1,"SHADEGG, John B.",S000275,1949,,0.749,0.008,-112.85025,0.886,932,40,,0.818,-0.11,0
111,House,29401,93,1,AS,100,D,,,"FALEOMAVAEGA, Eni F. H.",F000010,1943,2017,,,,,,,,,,0
111,House,29702,42,1,AR,100,D,0,1,"BERRY, Robert Marion",B000420,1942,2023,-0.293,0.956,-210.59254,0.791,896,83,,-0.301,0.953,0
111,House,20101,42,3,AR,200,R,0,1,"BOOZMAN, John",B001236,1950,,0.427,0.338,-130.85708,0.8744,975,59,,0.451,0.057,0
111,House,20102,42,4,AR,100,D,0,1,"ROSS, Michael Avery",R000573,1961,,-0.201,0.89,-148.26464,0.859,974,51,,-0.218,0.828,0
111,House,29703,42,2,AR,100,D,0,1,"SNYDER, Victor F.",S000672,1947,,-0.268,0.055,-144.65869,0.86,961,44,,-0.285,0.068,1
111,House,29701,41,4,AL,200,R,0,1,"ADERHOLT, Robert",A000055,1965,,0.405,0.467,-167.40599,0.83906,954,68,,0.328,0.623,0
111,House,29301,41,6,AL,200,R,0,1,"BACHUS, Spencer T., III",B000013,1947,,0.387,0.228,-172.75462,0.836,962,79,,0.355,0.551,0
111,House,20300,41,1,AL,200,R,0,1,"BONNER, Jr., Josiah Robins (Jo)",B001244,1959,,0.367,0.513,-131.69209,0.868,933,46,,0.34,0.68,0
111,House,20900,41,2,AL,100,D,0,1,"BRIGHT, Bobby Neal, Sr.",B001264,1952,,0.067,0.671,-571.88349,0.546,945,247,,0.069,0.547,1
111,House,20302,41,7,AL,100,D,0,1,"DAVIS, Artur",D000602,1967,,-0.27,0.454,-128.60856,0.853,807,47,,-0.234,0.7,0
111,House,20901,41,5,AL,100,D,0,1,"GRIFFITH, Parker",G000557,1942,,-0.045,0.522,-196.28558,0.736,639,79,,-0.045,0.541,0
111,House,90901,41,5,AL,200,R,0,1,"GRIFFITH, Parker",G000557,1942,,0.385,0.43,-28.07315,0.903,275,11,,0.384,0.416,0
111,House,20301,41,3,AL,200,R,0,1,"ROGERS, Mike Dennis",R000575,1958,,0.379,0.377,-204.50114,0.81079,975,83,,0.29,0.532,1
111,House,14066,81,1,AK,200,R,0,1,"YOUNG, Donald Edwin",Y000033,1933,2022,0.283,0.022,-514.61039,0.55907,885,190,,0.242,0.642,0
112,House,20953,68,1,WY,200,R,0,1,"LUMMIS, Cynthia M.",L000571,1954,,0.684,-0.327,-283.63702,0.81601,1395,115,,0.623,-0.333,0
112,House,20146,56,2,WV,200,R,0,1,"CAPITO, Shelley Moore",C001047,1953,,0.282,0.144,-174.79099,0.88464,1426,62,,0.251,0.213,0
112,House,21188,56,1,WV,200,R,0,1,"McKINLEY, David",M001180,1947,,0.3,0.178,-275.22729,0.82403,1422,118,,0.254,0.18,0
112,House,14448,56,3,WV,100,D,0,1,"RAHALL, Nick Joe, II",R000011,1949,,-0.306,0.45,-615.44702,0.648,1421,285,,-0.272,0.498,0
112,House,29940,25,2,WI,100,D,0,1,"BALDWIN, Tammy",B001230,1962,,-0.488,-0.13,-170.1311,0.8848,1390,85,,-0.475,-0.312,0
112,House,21189,25,7,WI,200,R,0,1,"DUFFY, Sean",D000614,1971,,0.511,-0.109,-246.31061,0.84013,1414,125,,0.49,-0.262,0
112,House,29769,25,3,WI,100,D,0,1,"KIND, Ron",K000188,1963,,-0.26,-0.08,-418.07949,0.74278,1406,180,,-0.239,-0.065,0
112,House,20537,25,4,WI,100,D,0,1,"MOORE, Gwendolynne S. (Gwen)",M001160,1951,,-0.522,-0.272,-180.24572,0.87388,1337,83,,-0.562,-0.094,0
112,House,14675,25,6,WI,200,R,0,1,"PETRI, Thomas Evert",P000265,1940,,0.379,-0.367,-375.91314,0.769,1429,163,,0.549,-0.624,0
112,House,21190,25,8,WI,200,R,0,1,"RIBBLE, Reid",R000587,1956,,0.603,-0.333,-255.06027,0.835,1412,115,,0.598,-0.321,0
112,House,29939,25,1,WI,200,R,0,1,"RYAN, Paul D.",R000570,1970,,0.556,-0.25,-198.04502,0.86756,1394,75,,0.547,-0.186,0
112,House,14657,25,5,WI,200,R,0,1,"SENSENBRENNER, Frank James, Jr.",S000244,1943,,0.638,-0.579,-251.94144,0.83784,1424,111,,0.689,-0.599,0
112,House,31101,73,1,WA,100,D,2,2,"DelBENE, Suzan K.",D000617,1962,,-0.294,-0.204,-3.20458,0.89538,29,1,,-0.304,0.013,0
112,House,14413,73,6,WA,100,D,0,1,"DICKS, Norman DeValois",D000327,1940,,-0.312,0.11,-238.41441,0.841,1377,85,,-0.35,0.108,0
112,House,29580,73,4,WA,200,R,0,1,"HASTINGS, Richard Norman (Doc)",H000329,1941,,0.416,0.411,-158.72363,0.889,1350,72,,0.362,0.644,0
112,House,21187,73,3,WA,200,R,0,1,"HERRERA BEUTLER, Jaime",H001056,1978,,0.336,-0.129,-328.25939,0.79399,1423,143,,0.395,-0.264,0
112,House,29937,73,1,WA,100,D,1,1,"INSLEE, Jay Robert",I000026,1951,,-0.33,-0.194,-207.12559,0.804,947,82,,-0.291,-0.189,0
112,House,20145,73,2,WA,100,D,0,1,"LARSEN, Richard Ray (Rick)",L000560,1965,,-0.365,0.164,-320.08378,0.79819,1420,150,,-0.316,0.107,1
112,House,15613,73,7,WA,100,D,0,1,"McDERMOTT, James A.",M000404,1936,,-0.666,-0.197,-182.0588,0.878,1404,79,,-0.626,-0.147,0
112,House,20535,73,5,WA,200,R,0,1,"McMORRIS RODGERS, Cathy",M001159,1969,,0.436,0.098,-164.03696,0.89039,1413,60,,0.457,0.128,0
112,House,20536,73,8,WA,200,R,0,1,"REICHERT, David G.",R000578,1950,,0.224,-0.146,-411.26343,0.73706,1348,179,,0.222,-0.283,0
112,House,29768,73,9,WA,100,D,0,1,"SMITH, Adam",S000510,1965,,-0.291,-0.166,-323.65068,0.79121,1382,128,,-0.287,-0.016,1
112,House,20750,6,1,VT,100,D,0,1,"WELCH, Peter",W000800,1947,,-0.407,-0.383,-251.56851,0.83617,1406,84,,-0.37,-0.247,0
112,House,20144,40,7,VA,200,R,0,1,"CANTOR, Eric",C001046,1963,,0.518,0.191,-148.34606,0.893,1315,56,,0.482,0.278,0
112,House,20952,40,11,VA,100,D,0,1,"CONNOLLY, Gerald E. (Gerry)",C001078,1950,2025,-0.309,-0.047,-293.51601,0.81409,1427,109,,-0.278,-0.06,0
112,House,20143,40,4,VA,200,R,0,1,"FORBES, J. Randy",F000445,1952,,0.407,0.218,-212.22197,0.861,1421,75,,0.382,0.182,1
112,House,39308,40,6,VA,200,R,0,1,"GOODLATTE, Robert William",G000289,1952,,0.496,-0.002,-244.86293,0.84181,1422,100,,0.56,-0.216,0
112,House,21191,40,9,VA,200,R,0,1,"GRIFFITH, H. Morgan",G000568,1958,,0.512,-0.344,-323.18759,0.79529,1411,136,,0.512,-0.349,0
112,House,21186,40,5,VA,200,R,0,1,"HURT, Robert",H001060,1969,,0.568,0,-184.11733,0.878,1413,75,,0.569,-0.03,0
112,House,29149,40,8,VA,100,D,0,1,"MORAN, James P.",M000933,1945,,-0.302,-0.203,-260.57577,0.831,1409,103,,-0.356,-0.2,0
112,House,21185,40,2,VA,200,R,0,1,"RIGELL, E. Scott",R000589,1960,,0.405,-0.084,-295.20361,0.813,1429,112,,0.441,-0.195,1
112,House,39307,40,3,VA,100,D,0,1,"SCOTT, Robert C.",S000185,1947,,-0.45,-0.003,-242.79642,0.84304,1422,100,,-0.398,-0.045,0
112,House,20756,40,1,VA,200,R,0,1,"WITTMAN, Robert J.",W000804,1959,,0.448,0.02,-272.16954,0.82457,1411,94,,0.355,0.006,1
112,House,14869,40,10,VA,200,R,0,1,"WOLF, Frank Rudolph",W000672,1939,,0.284,-0.213,-354.54694,0.78,1425,147,,0.254,-0.042,0
112,House,20357,67,1,UT,200,R,0,1,"BISHOP, Robert (Rob)",B001250,1951,,0.537,0.105,-242.8942,0.83732,1368,91,,0.562,-0.035,0
112,House,20949,67,3,UT,200,R,0,1,"CHAFFETZ, Jason",C001076,1967,,0.647,-0.278,-209.6872,0.8595,1385,90,,0.664,-0.318,0
112,House,20140,67,2,UT,100,D,0,1,"MATHESON, James David (Jim)",M001142,1960,,-0.115,0.546,-764.12574,0.586,1428,319,,-0.046,0.405,0
112,House,15085,49,6,TX,200,R,0,1,"BARTON, Joe Linus",B000213,1949,,0.528,0.047,-308.28491,0.7998,1380,113,,0.474,-0.11,0
112,House,29760,49,8,TX,200,R,0,1,"BRADY, Kevin Patrick",B000755,1955,,0.52,0.239,-175.95147,0.8815,1395,76,,0.607,0.169,0
112,House,20355,49,26,TX,200,R,0,1,"BURGESS, Michael C.",B001248,1950,,0.565,-0.164,-312.22465,0.80162,1412,132,,0.636,-0.378,0
112,House,21183,49,23,TX,200,R,0,1,"CANSECO, Francisco (Quico)",C001082,1949,,0.571,0.522,-144.84,0.903,1418,52,,0.562,0.418,0
112,House,20356,49,31,TX,200,R,0,1,"CARTER, John R.",C001051,1941,,0.486,0.552,-175.28395,0.88326,1412,76,,0.389,0.688,0
112,House,20531,49,11,TX,200,R,0,1,"CONAWAY, K. Michael",C001062,1948,,0.593,0.367,-140.61206,0.9066,1434,59,,0.661,0.613,1
112,House,20533,49,28,TX,100,D,0,1,"CUELLAR, Henry",C001063,1955,,-0.225,0.634,-508.70595,0.70013,1427,232,,-0.226,0.541,0
112,House,20139,49,7,TX,200,R,0,1,"CULBERSON, John",C001048,1956,,0.503,0.366,-154.19281,0.88904,1311,62,,0.529,0.395,0
112,House,29571,49,25,TX,100,D,0,1,"DOGGETT, Lloyd Alton, II",D000399,1946,,-0.403,-0.33,-251.1037,0.83559,1398,103,,-0.358,-0.243,0
112,House,21184,49,27,TX,200,R,0,1,"FARENTHOLD, Blake",F000460,1961,,0.548,0.016,-206.10498,0.86534,1425,82,,0.529,0.118,0
112,House,21182,49,17,TX,200,R,0,1,"FLORES, Bill",F000461,1954,,0.572,0.293,-147.55343,0.8997,1396,57,,0.604,0.325,0
112,House,20527,49,1,TX,200,R,0,1,"GOHMERT, Louie",G000552,1953,,0.644,-0.406,-280.06408,0.80765,1311,100,,0.612,-0.321,0
112,House,29943,49,20,TX,100,D,0,1,"GONZALEZ, Charles A.",G000544,1945,,-0.347,0.262,-351.86954,0.774,1376,158,,-0.357,0.37,0
112,House,29762,49,12,TX,200,R,0,1,"GRANGER, Kay",G000377,1943,,0.403,0.243,-194.79905,0.86835,1380,81,,0.341,0.586,0
112,House,20529,49,9,TX,100,D,0,1,"GREEN, Al",G000553,1947,,-0.446,0.263,-332.81584,0.7908,1418,132,,-0.412,0.408,0
112,House,39304,49,29,TX,100,D,0,1,"GREEN, Raymond Eugene (Gene)",G000410,1947,,-0.324,0.453,-629.35889,0.6373,1397,282,,-0.276,0.441,0
112,House,94828,49,4,TX,200,R,0,1,"HALL, Ralph Moody",H000067,1923,2019,0.424,0.308,-198.7291,0.869,1410,89,,0.479,0.2,0
112,House,20352,49,5,TX,200,R,0,1,"HENSARLING, Jeb",H001036,1957,,0.703,0.04,-136.39465,0.90915,1432,56,,0.669,0.095,0
112,House,29763,49,15,TX,100,D,0,1,"HINOJOSA, Rub√©n",H000636,1940,,-0.34,0.235,-342.7228,0.769,1304,145,,-0.367,0.237,0
112,House,29573,49,18,TX,100,D,0,1,"JACKSON LEE, Sheila",J000032,1950,,-0.459,0.121,-288.65289,0.80033,1296,115,,-0.489,0.319,0
112,House,39305,49,30,TX,100,D,0,1,"JOHNSON, Eddie Bernice",J000126,1934,2023,-0.485,0.198,-256.66591,0.82938,1372,114,,-0.472,0.168,0
112,House,29143,49,3,TX,200,R,0,1,"JOHNSON, Sam",J000174,1930,2020,0.61,0.277,-148.40438,0.89662,1360,55,,0.552,0.378,0
112,House,20532,49,24,TX,200,R,0,1,"MARCHANT, Kenny",M001158,1951,,0.6,0.154,-208.91737,0.85828,1367,83,,0.597,0.104,0
112,House,20530,49,10,TX,200,R,0,1,"McCAUL, Michael T.",M001157,1962,,0.411,0.172,-175.6809,0.8834,1417,57,,0.44,0.217,0
112,House,20353,49,19,TX,200,R,0,1,"NEUGEBAUER, Randy",N000182,1949,,0.628,0.322,-136.75572,0.908,1420,59,,0.685,0.293,0
112,House,20948,49,22,TX,200,R,0,1,"OLSON, Pete",O000168,1962,,0.548,0.308,-137.67909,0.90759,1420,52,,0.505,0.549,0
112,House,14290,49,14,TX,200,R,0,1,"PAUL, Ronald Ernest",P000583,1935,,0.863,-0.505,-441.01564,0.628,949,192,,0.648,-0.762,0
112,House,20528,49,2,TX,200,R,0,1,"POE, Ted",P000592,1948,,0.594,-0.029,-267.80561,0.8269,1409,121,,0.623,-0.203,0
112,House,29764,49,16,TX,100,D,0,1,"REYES, Silvestre",R000170,1944,,-0.321,0.304,-294.79203,0.802,1339,120,,-0.36,0.237,1
112,House,29759,49,32,TX,200,R,0,1,"SESSIONS, Pete",S000250,1955,,0.585,0.171,-135.72103,0.90811,1408,52,,0.619,0.218,0
112,House,15445,49,21,TX,200,R,0,1,"SMITH, Lamar Seeligson",S000583,1947,,0.425,0.061,-158.4375,0.89435,1419,51,,0.396,0.462,0
112,House,29572,49,13,TX,200,R,0,1,"THORNBERRY, William McClellan (Mac)",T000238,1958,,0.525,0.313,-149.23354,0.9011,1433,51,,0.553,0.664,1
112,House,21180,54,6,TN,200,R,0,1,"BLACK, Diane",B001273,1951,,0.58,0.219,-145.21298,0.90154,1401,61,,0.57,0.236,0
112,House,20351,54,7,TN,200,R,0,1,"BLACKBURN, Marsha",B001243,1952,,0.632,0.14,-161.90712,0.89238,1422,65,,0.642,0.356,0
112,House,20748,54,9,TN,100,D,0,1,"COHEN, Stephen",C001068,1949,,-0.39,-0.293,-223.6383,0.85129,1389,82,,-0.401,-0.455,0
112,House,15019,54,5,TN,100,D,0,1,"COOPER, James Hayes Shofner",C000754,1954,,-0.164,-0.033,-654.52854,0.63131,1423,275,,-0.165,-0.037,1
112,House,21179,54,4,TN,200,R,0,1,"DESJARLAIS, Scott",D000616,1964,,0.579,-0.051,-216.49088,0.85942,1429,103,,0.507,0.156,0
112,House,15455,54,2,TN,200,R,0,1,"DUNCAN, John J., Jr.",D000533,1947,,0.604,-0.476,-476.88762,0.71558,1425,185,,0.658,-0.753,0
112,House,21181,54,8,TN,200,R,0,1,"FINCHER, Stephen Lee",F000458,1973,,0.526,0.181,-184.60118,0.878,1419,86,,0.521,0.057,0
112,House,21178,54,3,TN,200,R,0,1,"FLEISCHMANN, Chuck",F000459,1962,,0.432,0.392,-150.73745,0.89875,1412,65,,0.488,0.345,0
112,House,20947,54,1,TN,200,R,0,1,"ROE, David P. (Phil)",R000582,1945,,0.486,0.024,-180.71674,0.88128,1430,72,,0.476,0.102,0
112,House,21177,37,1,SD,200,R,0,1,"NOEM, Kristi",N000184,1971,,0.398,0.326,-178.25584,0.88132,1411,72,,0.362,0.301,0
112,House,39301,48,6,SC,100,D,0,1,"CLYBURN, James Enos",C000537,1940,,-0.466,0.246,-242.28626,0.84035,1393,112,,-0.468,0.272,0
112,House,21174,48,3,SC,200,R,0,1,"DUNCAN, Jeff",D000615,1966,,0.695,-0.095,-147.49714,0.90174,1426,56,,0.738,-0.107,0
112,House,21175,48,4,SC,200,R,0,1,"GOWDY, Trey",G000566,1964,,0.655,-0.002,-139.97562,0.9065,1426,49,,0.696,-0.094,0
112,House,21176,48,5,SC,200,R,0,1,"MULVANEY, Mick",M001182,1967,,0.75,-0.592,-223.71615,0.8548,1426,109,,0.802,-0.506,0
112,House,21173,48,1,SC,200,R,0,1,"SCOTT, Tim",S001184,1965,,0.631,0.012,-145.16694,0.90334,1428,57,,0.682,-0.006,0
112,House,20138,48,2,SC,200,R,0,1,"WILSON, Addison Graves (Joe)",W000795,1947,,0.53,0.16,-151.63283,0.89811,1411,56,,0.615,0.098,1
112,House,21172,5,1,RI,100,D,0,1,"CICILLINE, David N.",C001084,1961,,-0.389,-0.262,-165.00987,0.88978,1413,62,,-0.397,-0.19,0
112,House,20136,5,2,RI,100,D,0,1,"LANGEVIN, James",L000559,1964,,-0.375,0.114,-191.02897,0.87363,1414,66,,-0.385,0.061,1
112,House,20743,14,4,PA,100,D,0,1,"ALTMIRE, Jason",A000362,1968,,-0.133,0.59,-590.23517,0.661,1424,283,,-0.164,0.624,0
112,House,21171,14,11,PA,200,R,0,1,"BARLETTA, Lou",B001269,1956,,0.278,0.393,-178.78935,0.8813,1415,63,,0.25,0.389,0
112,House,29777,14,1,PA,100,D,0,1,"BRADY, Robert A.",B001227,1945,,-0.484,0.225,-189.02506,0.87545,1421,91,,-0.534,0.262,1
112,House,20960,14,12,PA,100,D,0,1,"CRITZ, Mark S.",C001081,1962,,-0.326,0.945,-402.73264,0.754,1425,162,,-0.331,0.839,1
112,House,20526,14,15,PA,200,R,0,1,"DENT, Charles W.",D000604,1960,,0.244,-0.085,-363.70595,0.7757,1432,159,,0.233,-0.107,0
112,House,29561,14,14,PA,100,D,0,1,"DOYLE, Michael F.",D000482,1953,,-0.331,0.099,-270.11622,0.82396,1395,124,,-0.462,0.058,0
112,House,29559,14,2,PA,100,D,0,1,"FATTAH, Chaka",F000043,1956,,-0.472,-0.054,-237.67324,0.842,1386,86,,-0.409,-0.004,0
112,House,20524,14,8,PA,200,R,0,1,"FITZPATRICK, Michael G.",F000451,1963,2020,0.202,-0.186,-502.77446,0.702,1423,241,,0.253,-0.376,0
112,House,20345,14,6,PA,200,R,0,1,"GERLACH, Jim",G000549,1955,,0.221,-0.107,-355.083,0.779,1421,157,,0.209,-0.056,0
112,House,29396,14,17,PA,100,D,0,1,"HOLDEN, Thomas Timothy (Tim)",H000712,1957,,-0.233,0.608,-440.36568,0.716,1316,202,,-0.315,0.8,0
112,House,21167,14,3,PA,200,R,0,1,"KELLY, Mike",K000376,1948,,0.377,0.396,-170.95255,0.8871,1427,70,,0.296,0.475,0
112,House,21170,14,10,PA,200,R,0,1,"MARINO, Thomas A.",M001179,1952,,0.352,0.477,-145.20387,0.89795,1349,62,,0.381,0.543,0
112,House,21168,14,7,PA,200,R,0,1,"MEEHAN, Patrick",M001181,1955,,0.22,0.076,-314.71284,0.80071,1416,127,,0.202,0.069,0
112,House,20346,14,18,PA,200,R,0,1,"MURPHY, Timothy",M001151,1952,,0.258,0.198,-274.78477,0.82484,1427,116,,0.356,0.093,0
112,House,29752,14,16,PA,200,R,0,1,"PITTS, Joseph R.",P000373,1939,,0.538,0.012,-194.67808,0.871,1406,83,,0.496,0.027,0
112,House,20135,14,19,PA,200,R,0,1,"PLATTS, Todd",P000585,1962,,0.252,-0.15,-334.14125,0.787,1394,144,,0.217,-0.041,1
112,House,20525,14,13,PA,100,D,0,1,"SCHWARTZ, Allyson Y.",S001162,1948,,-0.343,-0.008,-194.17973,0.869,1381,74,,-0.342,-0.035,0
112,House,20134,14,9,PA,200,R,0,1,"SHUSTER, William (Bill)",S001154,1961,,0.374,0.323,-171.87619,0.88501,1407,77,,0.316,0.369,1
112,House,20946,14,5,PA,200,R,0,1,"THOMPSON, Glenn",T000467,1959,,0.335,0.334,-250.527,0.83919,1429,98,,0.295,0.246,0
112,House,29588,72,3,OR,100,D,0,1,"BLUMENAUER, Earl",B000574,1948,,-0.426,-0.626,-229.82031,0.84421,1357,86,,-0.39,-0.551,0
112,House,21198,72,1,OR,100,D,2,2,"BONAMICI, Suzanne",B001278,1954,,-0.399,-0.417,-52.58338,0.90689,538,22,,-0.389,-0.36,0
112,House,15410,72,4,OR,100,D,0,1,"DeFAZIO, Peter Anthony",D000191,1947,,-0.427,-0.002,-509.78123,0.69534,1403,208,,-0.277,-0.202,0
112,House,20944,72,5,OR,100,D,0,1,"SCHRADER, Kurt",S001180,1951,,-0.182,0.054,-601.1127,0.6475,1383,267,,-0.174,-0.021,0
112,House,29932,72,2,OR,200,R,0,1,"WALDEN, Greg",W000791,1957,,0.333,-0.011,-257.76783,0.83453,1425,109,,0.366,-0.118,0
112,House,29931,72,1,OR,100,D,1,1,"WU, David",W000793,1955,,-0.37,0.031,-151.21454,0.791,644,66,,-0.344,-0.24,0
112,House,20523,53,2,OK,100,D,0,1,"BOREN, Daniel David",B001254,1973,,-0.112,0.994,-367.20212,0.764,1363,161,,-0.071,0.887,0
112,House,20344,53,4,OK,200,R,0,1,"COLE, Tom",C001053,1949,,0.323,0.412,-184.27977,0.87829,1420,76,,0.289,0.401,0
112,House,21166,53,5,OK,200,R,0,1,"LANKFORD, James",L000575,1968,,0.591,0.148,-163.74809,0.89159,1427,67,,0.535,0.154,0
112,House,29393,53,3,OK,200,R,0,1,"LUCAS, Frank D.",L000491,1960,,0.361,0.452,-149.77299,0.89956,1415,54,,0.295,0.58,0
112,House,20131,53,1,OK,200,R,0,1,"SULLIVAN, John",S001155,1965,,0.513,0.173,-170.21479,0.879,1320,79,,0.471,0.125,0
112,House,20940,24,7,OH,200,R,0,1,"AUSTRIA, Steve",A000365,1958,,0.367,0.305,-146.36115,0.899,1380,60,,0.326,0.454,0
112,House,29137,24,8,OH,200,R,0,1,"BOEHNER, John Andrew",B000589,1949,,0.513,0.04,,,,,,0.052,0.912,0
112,House,29550,24,1,OH,200,R,0,1,"CHABOT, Steve",C000266,1953,,0.542,-0.137,-186.64146,0.8778,1432,70,,0.622,-0.158,0
112,House,20941,24,11,OH,100,D,0,1,"FUDGE, Marcia L.",F000455,1952,,-0.581,0.14,-195.1823,0.87098,1413,75,,-0.609,0.06,0
112,House,21165,24,18,OH,200,R,0,1,"GIBBS, Bob",G000563,1954,,0.484,0.284,-165.48391,0.89079,1431,80,,0.429,0.305,0
112,House,21162,24,6,OH,200,R,0,1,"JOHNSON, Bill",J000292,1954,,0.436,0.235,-234.03292,0.84913,1431,99,,0.463,0.155,0
112,House,20738,24,4,OH,200,R,0,1,"JORDAN, Jim",J000289,1964,,0.713,-0.183,-140.64198,0.90462,1403,53,,0.731,-0.121,0
112,House,15029,24,9,OH,100,D,0,1,"KAPTUR, Marcia Carolyn (Marcy)",K000009,1946,,-0.343,0.133,-270.80994,0.82099,1373,116,,-0.401,0.15,0
112,House,29748,24,10,OH,100,D,0,1,"KUCINICH, Dennis",K000336,1946,,-0.582,0.024,-333.82678,0.782,1357,130,,-0.79,-0.071,0
112,House,29553,24,14,OH,200,R,0,1,"LaTOURETTE, Steven C.",L000553,1954,2016,0.211,-0.063,-316.31448,0.795,1382,116,,0.179,0.073,0
112,House,20755,24,5,OH,200,R,0,1,"LATTA, Robert E.",L000566,1956,,0.509,0.285,-136.70703,0.90901,1433,52,,0.508,0.365,0
112,House,21164,24,16,OH,200,R,0,1,"RENACCI, Jim",R000586,1958,,0.387,0.143,-294.44229,0.81332,1425,130,,0.395,0.012,0
112,House,20343,24,17,OH,100,D,0,1,"RYAN, Timothy J.",R000577,1973,,-0.402,0.208,-288.20386,0.81525,1411,155,,-0.438,0.265,1
112,House,20540,24,2,OH,200,R,0,1,"SCHMIDT, Jean",S001164,1951,,0.467,-0.1,-237.32072,0.843,1385,89,,0.467,-0.149,0
112,House,21163,24,15,OH,200,R,0,1,"STIVERS, Steve",S001187,1965,,0.3,0.269,-214.70793,0.84344,1261,97,,0.271,0.162,0
112,House,20740,24,13,OH,100,D,0,1,"SUTTON, Betty",S001174,1963,,-0.44,0.165,-220.09753,0.853,1387,105,,-0.428,0.14,1
112,House,20130,24,12,OH,200,R,0,1,"TIBERI, Patrick (Pat)",T000462,1962,,0.386,-0.026,-259.57191,0.83261,1417,127,,0.32,0.028,0
112,House,20342,24,3,OH,200,R,0,1,"TURNER, Michael R.",T000463,1960,,0.266,0.254,-238.31918,0.846,1425,97,,0.254,0.171,1
112,House,15000,13,5,NY,100,D,0,1,"ACKERMAN, Gary Leonard",A000022,1942,,-0.429,-0.165,-218.71898,0.848,1323,97,,-0.429,0.081,0
112,House,20338,13,1,NY,100,D,0,1,"BISHOP, Timothy H.",B001242,1950,,-0.338,-0.05,-235.4931,0.843,1383,96,,-0.338,-0.048,0
112,House,21158,13,25,NY,200,R,0,1,"BUERKLE, Ann Marie",B001276,1951,,0.579,0.253,-157.14503,0.894,1407,68,,0.57,0.133,0
112,House,20733,13,11,NY,100,D,0,1,"CLARKE, Yvette Diane",C001067,1964,,-0.607,-0.259,-159.1367,0.89093,1378,73,,-0.646,-0.182,0
112,House,29925,13,7,NY,100,D,0,1,"CROWLEY, Joseph",C001038,1962,,-0.412,-0.07,-172.86959,0.88218,1379,69,,-0.412,-0.172,0
112,House,15603,13,17,NY,100,D,0,1,"ENGEL, Eliot Lance",E000179,1947,,-0.408,-0.093,-237.17847,0.83811,1343,97,,-0.426,0.141,0
112,House,21156,13,20,NY,200,R,0,1,"GIBSON, Christopher",G000564,1964,,0.203,-0.455,-615.20738,0.65,1427,305,,0.233,-0.529,1
112,House,21154,13,13,NY,200,R,0,1,"GRIMM, Michael G.",G000569,1970,,0.219,0.136,-278.69979,0.821,1411,115,,0.236,0.137,0
112,House,21157,13,24,NY,200,R,0,1,"HANNA, Richard",H001051,1951,2020,0.215,-0.145,-417.08572,0.741,1390,181,,0.238,-0.197,0
112,House,21155,13,19,NY,200,R,0,1,"HAYWORTH, Nan",H001054,1959,,0.282,-0.182,-360.58358,0.776,1424,151,,0.286,-0.208,0
112,House,20519,13,27,NY,100,D,0,1,"HIGGINS, Brian",H001038,1959,,-0.348,-0.032,-230.82057,0.8488,1408,86,,-0.329,-0.031,0
112,House,29380,13,22,NY,100,D,0,1,"HINCHEY, Maurice Dunlea",H000627,1938,2017,-0.575,-0.007,-160.82802,0.872,1178,69,,-0.559,0.047,0
112,House,21194,13,26,NY,100,D,2,2,"HOCHUL, Kathleen C.",H001062,1958,,-0.239,0.317,-382.73427,0.701,1077,158,,-0.219,0.232,1
112,House,20129,13,2,NY,100,D,0,1,"ISRAEL, Steve",I000057,1958,,-0.334,-0.051,-212.79055,0.86,1413,86,,-0.394,0.1,0
112,House,29375,13,3,NY,200,R,0,1,"KING, Peter T.",K000210,1944,,0.259,-0.03,-267.49422,0.82686,1407,98,,0.227,0.227,0
112,House,20936,13,26,NY,200,R,1,1,"LEE, Christopher John",L000568,1964,,0.313,0.16,,,,,,0.47,0.878,0
112,House,15612,13,18,NY,100,D,0,1,"LOWEY, Nita M.",L000480,1937,2025,-0.389,-0.152,-179.54108,0.8794,1397,86,,-0.385,0.012,0
112,House,29379,13,14,NY,100,D,0,1,"MALONEY, Carolyn Bosher",M000087,1946,,-0.387,-0.285,-178.84932,0.87902,1387,77,,-0.389,-0.364,0
112,House,29744,13,4,NY,100,D,0,1,"McCARTHY, Carolyn",M000309,1944,,-0.294,-0.04,-246.12083,0.833,1343,86,,-0.317,0.08,0
112,House,29776,13,6,NY,100,D,0,1,"MEEKS, Gregory W.",M001137,1953,,-0.416,-0.063,-192.97589,0.86046,1284,80,,-0.435,0.03,0
112,House,29377,13,8,NY,100,D,0,1,"NADLER, Jerrold Lewis",N000002,1947,,-0.507,-0.478,-144.68351,0.89887,1357,64,,-0.502,-0.461,0
112,House,20957,13,23,NY,100,D,0,1,"OWENS, William",O000169,1949,,-0.182,0.409,-582.44831,0.659,1398,274,,-0.171,0.342,1
112,House,13035,13,15,NY,100,D,0,1,"RANGEL, Charles B.",R000053,1930,,-0.514,-0.341,-165.79793,0.869,1182,75,,-0.479,-0.188,0
112,House,21101,13,29,NY,200,R,0,1,"REED, Thomas W. II",R000585,1971,,0.269,0.12,-316.65025,0.80012,1420,127,,0.347,0.001,0
112,House,29134,13,16,NY,100,D,0,1,"SERRANO, Jos√© E.",S000248,1943,,-0.491,-0.377,-155.96934,0.89507,1407,63,,-0.511,-0.35,0
112,House,15444,13,28,NY,100,D,0,1,"SLAUGHTER, Louise McIntosh",S000480,1929,2018,-0.465,-0.104,-128.88375,0.89319,1141,60,,-0.483,-0.261,0
112,House,20934,13,21,NY,100,D,0,1,"TONKO, Paul",T000469,1949,,-0.416,-0.261,-165.31131,0.89047,1425,61,,-0.418,-0.303,0
112,House,15072,13,10,NY,100,D,0,1,"TOWNS, Edolphus",T000326,1934,,-0.519,-0.132,-185.75804,0.868,1307,75,,-0.53,-0.058,0
112,House,21197,13,9,NY,200,R,2,2,"TURNER, Robert L.",T000471,1941,,0.281,0.302,-100.34413,0.875,753,32,,0.283,0.242,0
112,House,29378,13,12,NY,100,D,0,1,"VEL√ÅZQUEZ, Nydia M.",V000081,1953,,-0.547,-0.367,-147.91476,0.89687,1359,70,,-0.537,-0.401,0
112,House,29926,13,9,NY,100,D,1,1,"WEINER, Anthony D.",W000792,1964,,-0.408,-0.371,-64.57824,0.843,379,32,,-0.404,-0.568,0
112,House,21196,65,2,NV,200,R,2,2,"AMODEI, Mark E.",A000369,1958,,0.384,0.208,-106.27409,0.86538,735,43,,0.447,-0.035,0
112,House,29922,65,1,NV,100,D,0,1,"BERKLEY, Shelley",B001231,1951,,-0.302,0.024,-306.58093,0.805,1410,116,,-0.288,0.056,0
112,House,21151,65,3,NV,200,R,0,1,"HECK, Joe",H001055,1961,,0.324,0.014,-321.85278,0.799,1433,139,,0.308,0.024,1
112,House,20730,65,2,NV,200,R,1,1,"HELLER, Dean",H001041,1960,,0.463,-0.459,-65.65019,0.78899,277,27,,0.711,-0.703,0
112,House,20930,66,1,NM,100,D,0,1,"HEINRICH, Martin",H001046,1971,,-0.334,-0.008,-310.98576,0.79573,1361,119,,-0.287,-0.019,1
112,House,20932,66,3,NM,100,D,0,1,"LUJ√ÅN, Ben Ray",L000570,1972,,-0.376,0.026,-240.07799,0.84272,1403,97,,-0.342,-0.032,0
112,House,20337,66,2,NM,200,R,0,1,"PEARCE, Stevan",P000588,1947,,0.472,0.064,-269.22746,0.82483,1398,121,,0.502,0.034,0
112,House,29132,12,1,NJ,100,D,0,1,"ANDREWS, Robert Ernest",A000210,1957,,-0.297,-0.119,-269.69375,0.823,1384,116,,-0.411,0.092,1
112,House,29541,12,11,NJ,200,R,0,1,"FRELINGHUYSEN, Rodney P.",F000372,1946,,0.292,-0.262,-271.41462,0.81478,1325,107,,0.246,0.1,0
112,House,20336,12,5,NJ,200,R,0,1,"GARRETT, Scott",G000548,1959,,0.688,-0.243,-196.80116,0.87,1409,91,,0.742,-0.244,0
112,House,29923,12,12,NJ,100,D,0,1,"HOLT, Rush",H001032,1948,,-0.463,-0.33,-172.99068,0.886,1425,61,,-0.482,-0.334,0
112,House,20929,12,7,NJ,200,R,0,1,"LANCE, Leonard",L000567,1952,,0.329,-0.237,-335.93674,0.79102,1433,147,,0.337,-0.259,0
112,House,29539,12,2,NJ,200,R,0,1,"LoBIONDO, Frank A.",L000554,1946,,0.211,-0.224,-434.6886,0.7385,1434,207,,0.226,-0.274,1
112,House,15454,12,6,NJ,100,D,0,1,"PALLONE, Frank, Jr.",P000034,1951,,-0.402,-0.161,-166.49749,0.89009,1430,72,,-0.519,-0.225,0
112,House,29741,12,8,NJ,100,D,0,1,"PASCRELL, William J., Jr.",P000096,1937,2024,-0.369,-0.004,-186.11424,0.8696,1332,81,,-0.429,0.105,0
112,House,15619,12,10,NJ,100,D,1,1,"PAYNE, Donald Milford",P000149,1934,2012,-0.592,-0.547,-80.02229,0.906,815,38,,-0.602,-0.535,0
112,House,31103,12,10,NJ,100,D,2,2,"PAYNE, Donald, Jr.",P000604,1958,2024,-0.52,-0.096,-2.79259,0.90174,27,0,,-0.43,-0.374,0
112,House,29742,12,9,NJ,100,D,0,1,"ROTHMAN, Steven",R000462,1952,,-0.352,-0.092,-188.17851,0.87,1355,77,,-0.394,0.08,0
112,House,21153,12,3,NJ,200,R,0,1,"RUNYAN, Jon",R000594,1973,,0.222,0.089,-237.40857,0.846,1418,82,,0.228,0.115,1
112,House,20542,12,13,NJ,100,D,0,1,"SIRES, Albio",S001165,1951,,-0.404,0.098,-210.22609,0.85898,1383,95,,-0.413,0.119,0
112,House,14863,12,4,NJ,200,R,0,1,"SMITH, Christopher Henry",S000522,1953,,0.181,-0.172,-376.33757,0.76618,1413,165,,0.228,-0.277,0
112,House,29538,4,2,NH,200,R,0,1,"BASS, Charles Foster",B000220,1952,,0.331,-0.556,-428.01426,0.738,1408,207,,0.257,-0.377,0
112,House,21152,4,1,NH,200,R,0,1,"GUINTA, Frank",G000570,1970,,0.433,0.164,-175.63493,0.882,1396,75,,0.433,0.074,0
112,House,20518,35,1,NE,200,R,0,1,"FORTENBERRY, Jeff",F000449,1960,,0.304,-0.061,-353.61125,0.77595,1394,141,,0.293,-0.2,0
112,House,20729,35,3,NE,200,R,0,1,"SMITH, Adrian",S001172,1970,,0.511,0.252,-164.25855,0.89105,1424,72,,0.495,0.331,0
112,House,29921,35,2,NE,200,R,0,1,"TERRY, Lee Raymond",T000459,1962,,0.426,-0.067,-320.70919,0.798,1419,145,,0.407,-0.1,0
112,House,21160,36,1,ND,200,R,0,1,"BERG, Rick",B001272,1959,,0.328,0.427,-175.89691,0.882,1398,77,,0.333,0.306,0
112,House,20340,47,1,NC,100,D,0,1,"BUTTERFIELD, George Kenneth, Jr. (G.K.)",B001251,1947,,-0.404,0.184,-252.73006,0.82835,1342,84,,-0.389,0.213,0
112,House,15092,47,6,NC,200,R,0,1,"COBLE, Howard",C000556,1931,2015,0.52,-0.081,-274.73379,0.809,1293,111,,0.495,-0.275,0
112,House,21159,47,2,NC,200,R,0,1,"ELLMERS, Renee",E000291,1964,,0.406,0.338,-144.17439,0.903,1406,62,,0.456,0.383,0
112,House,20521,47,5,NC,200,R,0,1,"FOXX, Virginia Ann",F000450,1943,,0.623,0.174,-248.3678,0.84066,1431,101,,0.682,0.08,0
112,House,29546,47,3,NC,200,R,0,1,"JONES, Walter Beaman, Jr.",J000255,1943,2019,0.244,-0.362,-1135.01523,0.44221,1391,498,,0.144,-0.372,1
112,House,20938,47,8,NC,100,D,0,1,"KISSELL, Larry",K000369,1951,,-0.182,0.375,-599.6391,0.655,1419,289,,-0.143,0.256,1
112,House,20522,47,10,NC,200,R,0,1,"McHENRY, Patrick T.",M001156,1975,,0.524,0.156,-168.12497,0.886,1389,68,,0.606,0.016,0
112,House,29746,47,7,NC,100,D,0,1,"McINTYRE, Mike",M000485,1956,,-0.148,0.56,-686.80963,0.606,1370,320,,-0.13,0.366,1
112,House,20341,47,13,NC,100,D,0,1,"MILLER, Brad",M001154,1953,,-0.376,0.063,-224.07065,0.854,1423,91,,-0.444,0.171,0
112,House,29549,47,9,NC,200,R,0,1,"MYRICK, Sue",M001134,1941,,0.56,0.027,-170.32693,0.879,1316,72,,0.518,0.166,0
112,House,15438,47,4,NC,100,D,0,1,"PRICE, David Eugene",P000523,1940,,-0.343,-0.03,-191.36509,0.87434,1425,76,,-0.43,-0.026,0
112,House,20737,47,11,NC,100,D,0,1,"SHULER, Heath",S001171,1971,,-0.07,0.224,-624.4027,0.613,1274,324,,-0.06,0.069,0
112,House,29383,47,12,NC,100,D,0,1,"WATT, Melvin L.",W000207,1945,,-0.526,-0.155,-208.28909,0.861,1390,75,,-0.46,-0.089,0
112,House,20125,64,1,MT,200,R,0,1,"REHBERG, Denny",R000571,1955,,0.337,0.244,-243.05497,0.844,1429,101,,0.309,0.189,0
112,House,20925,46,3,MS,200,R,0,1,"HARPER, Gregg",H001045,1956,,0.384,0.48,-153.20806,0.89813,1426,68,,0.354,0.548,0
112,House,21147,46,1,MS,200,R,0,1,"NUNNELEE, Alan",N000186,1958,2015,0.488,0.574,-154.09511,0.895,1395,66,,0.484,0.399,0
112,House,21148,46,4,MS,200,R,0,1,"PALAZZO, Steven",P000601,1970,,0.535,0.45,-155.99238,0.89617,1423,76,,0.457,0.585,1
112,House,29368,46,2,MS,100,D,0,1,"THOMPSON, Bennie",T000193,1948,,-0.519,0.391,-272.18507,0.82088,1379,135,,-0.546,0.451,0
112,House,20123,34,2,MO,200,R,0,1,"AKIN, W. Todd",A000358,1947,2021,0.612,0.235,-128.91502,0.898,1198,51,,0.561,0.152,1
112,House,20516,34,3,MO,100,D,0,1,"CARNAHAN, Russ",C001060,1958,,-0.347,-0.005,-188.89602,0.874,1397,66,,-0.387,0.011,0
112,House,20147,34,1,MO,100,D,0,1,"CLAY, William Lacy, Jr.",C001049,1956,,-0.481,-0.078,-197.27788,0.86598,1371,84,,-0.519,-0.165,0
112,House,20517,34,5,MO,100,D,0,1,"CLEAVER, Emanuel, II",C001061,1944,,-0.452,-0.001,-227.1743,0.84751,1373,93,,-0.46,-0.032,0
112,House,29736,34,8,MO,200,R,0,1,"EMERSON, Jo Ann",E000172,1950,,0.269,0.274,-253.72397,0.833,1389,113,,0.295,0.117,0
112,House,20124,34,6,MO,200,R,0,1,"GRAVES, Samuel",G000546,1963,,0.448,0.164,-206.02915,0.86131,1380,85,,0.493,0.214,0
112,House,21149,34,4,MO,200,R,0,1,"HARTZLER, Vicky",H001053,1960,,0.478,0.229,-194.03782,0.87143,1410,78,,0.509,0.221,1
112,House,21150,34,7,MO,200,R,0,1,"LONG, Billy",L000576,1955,,0.544,0.244,-196.02495,0.86829,1388,76,,0.62,0.262,0
112,House,20926,34,9,MO,200,R,0,1,"LUETKEMEYER, Blaine",L000569,1952,,0.45,0.247,-152.17721,0.89905,1430,54,,0.459,0.476,0
112,House,20728,33,6,MN,200,R,0,1,"BACHMANN, Michele",B001256,1956,,0.584,-0.03,-205.16136,0.832,1113,76,,0.624,-0.19,0
112,House,21146,33,8,MN,200,R,0,1,"CRAVAACK, Chip",C001086,1959,,0.366,0.144,-240.99513,0.844,1425,107,,0.365,0.148,0
112,House,20727,33,5,MN,100,D,0,1,"ELLISON, Keith",E000288,1963,,-0.537,-0.58,-140.33274,0.89834,1309,46,,-0.522,-0.54,0
112,House,20333,33,2,MN,200,R,0,1,"KLINE, John",K000363,1947,,0.49,0.154,-146.37568,0.903,1433,43,,0.511,0.241,1
112,House,20122,33,4,MN,100,D,0,1,"McCOLLUM, Betty",M001143,1954,,-0.419,-0.184,-182.64213,0.87407,1357,74,,-0.425,-0.143,0
112,House,20924,33,3,MN,200,R,0,1,"PAULSEN, Erik",P000594,1965,,0.402,-0.191,-262.01765,0.83107,1416,99,,0.412,-0.2,0
112,House,29127,33,7,MN,100,D,0,1,"PETERSON, Collin Clark",P000258,1944,,-0.148,0.712,-606.47181,0.64884,1402,266,,-0.147,0.76,0
112,House,20726,33,1,MN,100,D,0,1,"WALZ, Tim",W000799,1964,,-0.275,0.131,-335.79454,0.78808,1410,141,,-0.289,0.219,0
112,House,21143,23,3,MI,200,R,0,1,"AMASH, Justin",A000367,1980,,0.654,-0.757,-442.64186,0.72794,1394,216,,0.821,-0.571,0
112,House,21141,23,1,MI,200,R,0,1,"BENISHEK, Dan",B001271,1952,2021,0.491,-0.15,-274.7757,0.825,1426,131,,0.592,-0.367,0
112,House,29124,23,4,MI,200,R,0,1,"CAMP, David Lee",C000071,1953,,0.385,-0.048,-202.67203,0.867,1421,77,,0.393,0.001,0
112,House,21145,23,13,MI,100,D,0,1,"CLARKE, Hansen",C001085,1957,,-0.478,-0.192,-153.9563,0.898,1424,66,,-0.469,-0.221,0
112,House,10713,23,14,MI,100,D,0,1,"CONYERS, John, Jr.",C000714,1929,2019,-0.658,-0.512,-201.91859,0.86231,1363,81,,-0.569,-0.424,0
112,House,31100,23,11,MI,100,D,2,2,"CURSON, David Alan",C001089,1948,2024,-0.409,0.81,-3.95402,0.873,29,2,,-0.416,0.83,0
112,House,2605,23,15,MI,100,D,0,1,"DINGELL, John David, Jr.",D000355,1926,2019,-0.448,0.313,-249.71431,0.835,1384,113,,-0.431,0.313,0
112,House,21142,23,2,MI,200,R,0,1,"HUIZENGA, Bill",H001058,1969,,0.533,0.044,-218.34481,0.85645,1409,96,,0.651,-0.229,0
112,House,14430,23,5,MI,100,D,0,1,"KILDEE, Dale Edward",K000172,1929,2021,-0.385,0.011,-202.06503,0.868,1423,64,,-0.466,0.194,0
112,House,15033,23,12,MI,100,D,0,1,"LEVIN, Sander Martin",L000263,1931,,-0.379,-0.091,-176.43372,0.884,1431,67,,-0.388,0.015,0
112,House,20332,23,11,MI,200,R,1,1,"McCOTTER, Thaddeus George",M001147,1965,,0.335,0.012,-255.47863,0.809,1206,113,,0.36,0.003,0
112,House,20331,23,10,MI,200,R,0,1,"MILLER, Candice S.",M001150,1954,,0.343,-0.001,-282.56851,0.821,1432,121,,0.435,-0.232,0
112,House,20923,23,9,MI,100,D,0,1,"PETERS, Gary C.",P000595,1958,,-0.248,-0.186,-377.27721,0.76155,1385,165,,-0.271,-0.264,0
112,House,20120,23,8,MI,200,R,0,1,"ROGERS, Mike",R000572,1963,,0.4,0.098,-170.54424,0.887,1418,64,,0.426,0.223,0
112,House,15446,23,6,MI,200,R,0,1,"UPTON, Frederick Stephen",U000031,1953,,0.32,-0.355,-295.94787,0.81352,1434,104,,0.408,-0.272,0
112,House,20725,23,7,MI,200,R,0,1,"WALBERG, Tim",W000798,1951,,0.499,0.159,-208.34781,0.86371,1422,94,,0.569,-0.042,0
112,House,20328,2,2,ME,100,D,0,1,"MICHAUD, Michael H.",M001149,1955,,-0.283,-0.071,-403.33004,0.754,1426,173,,-0.236,-0.187,0
112,House,20920,2,1,ME,100,D,0,1,"PINGREE, Chellie",P000597,1955,,-0.423,-0.367,-177.49541,0.88044,1394,71,,-0.434,-0.377,1
112,House,29356,52,6,MD,200,R,0,1,"BARTLETT, Roscoe Gardner",B000208,1926,,0.493,-0.091,-390.64968,0.757,1404,149,,0.424,-0.287,1
112,House,29587,52,7,MD,100,D,0,1,"CUMMINGS, Elijah Eugene",C000984,1951,2019,-0.438,-0.148,-186.52182,0.87593,1408,84,,-0.495,-0.057,0
112,House,20763,52,4,MD,100,D,0,1,"EDWARDS, Donna F.",E000290,1958,,-0.562,-0.294,-172.40265,0.886,1418,74,,-0.56,-0.256,0
112,House,21139,52,1,MD,200,R,0,1,"HARRIS, Andy",H001052,1957,,0.673,-0.375,-433.04534,0.73778,1424,160,,0.534,-0.383,0
112,House,14873,52,5,MD,100,D,0,1,"HOYER, Steny Hamilton",H000874,1939,,-0.381,0.122,-219.35763,0.85264,1376,85,,-0.41,0.152,0
112,House,20329,52,2,MD,100,D,0,1,"RUPPERSBERGER, C. A. (Dutch)",R000576,1946,,-0.299,0.12,-291.17898,0.80953,1378,103,,-0.311,0.163,1
112,House,20724,52,3,MD,100,D,0,1,"SARBANES, John",S001168,1962,,-0.466,-0.078,-168.1822,0.88882,1427,91,,-0.476,-0.053,0
112,House,20330,52,8,MD,100,D,0,1,"VAN HOLLEN, Christopher",V000128,1959,,-0.396,-0.222,-177.78409,0.8813,1407,79,,-0.39,-0.081,0
112,House,29919,3,8,MA,100,D,0,1,"CAPUANO, Michael Everett",C001037,1952,,-0.58,-0.082,-178.18955,0.88065,1402,87,,-0.562,-0.251,0
112,House,14824,3,4,MA,100,D,0,1,"FRANK, Barney",F000339,1940,,-0.499,-0.534,-224.92067,0.85,1382,73,,-0.407,-0.532,0
112,House,21140,3,10,MA,100,D,0,1,"KEATING, William R.",K000375,1952,,-0.329,-0.099,-239.15034,0.84307,1401,116,,-0.345,-0.238,0
112,House,20119,3,9,MA,100,D,0,1,"LYNCH, Stephen F.",L000562,1955,,-0.344,0.049,-332.20189,0.7897,1407,148,,-0.339,-0.056,0
112,House,14435,3,7,MA,100,D,0,1,"MARKEY, Edward John",M000133,1946,,-0.516,-0.469,-139.26417,0.90506,1396,63,,-0.535,-0.399,0
112,House,29729,3,3,MA,100,D,0,1,"McGOVERN, James P.",M000312,1959,,-0.538,-0.341,-143.50612,0.90426,1426,74,,-0.507,-0.464,0
112,House,15616,3,2,MA,100,D,0,1,"NEAL, Richard Edmund",N000015,1949,,-0.417,-0.106,-145.40006,0.89629,1328,56,,-0.438,-0.257,0
112,House,29123,3,1,MA,100,D,0,1,"OLVER, John Walter",O000085,1936,2023,-0.577,-0.207,-147.69865,0.892,1295,63,,-0.601,-0.257,0
112,House,29730,3,6,MA,100,D,0,1,"TIERNEY, John F.",T000266,1951,,-0.488,-0.433,-165.07451,0.889,1402,71,,-0.455,-0.363,0
112,House,20754,3,5,MA,100,D,0,1,"TSONGAS, Nicola S. (Niki)",T000465,1946,,-0.396,-0.199,-183.33596,0.87517,1375,79,,-0.353,-0.214,1
112,House,90327,45,5,LA,200,R,0,1,"ALEXANDER, Rodney",A000361,1946,,0.331,0.408,-156.77595,0.894,1400,69,,0.29,0.364,0
112,House,20514,45,7,LA,200,R,0,1,"BOUSTANY, Charles W.",B001255,1956,,0.392,0.308,-194.27829,0.871,1407,81,,0.471,0.207,0
112,House,20919,45,6,LA,200,R,0,1,"CASSIDY, Bill",C001075,1957,,0.463,-0.046,-225.76574,0.85136,1403,91,,0.455,-0.022,0
112,House,20918,45,4,LA,200,R,0,1,"FLEMING, John",F000456,1951,,0.59,0.022,-153.34173,0.898,1426,57,,0.621,0.101,1
112,House,21138,45,3,LA,200,R,0,1,"LANDRY, Jeff",L000574,1970,,0.614,-0.112,-201.59879,0.861,1348,88,,0.61,-0.171,0
112,House,21137,45,2,LA,100,D,0,1,"RICHMOND, Cedric",R000588,1973,,-0.486,0.332,-284.38181,0.81438,1385,117,,-0.469,0.299,0
112,House,20759,45,1,LA,200,R,0,1,"SCALISE, Steve",S001176,1965,,0.558,0.168,-159.03111,0.89391,1418,54,,0.593,0.174,0
112,House,20326,51,6,KY,100,D,0,1,"CHANDLER, A. B. (Ben)",C001058,1959,,-0.232,0.516,-470.2733,0.716,1407,236,,-0.2,0.434,0
112,House,20511,51,4,KY,200,R,1,1,"DAVIS, Geoffrey C. (Geoff)",D000603,1958,,0.398,0.412,-200.34493,0.86,1324,85,,0.337,0.243,0
112,House,20916,51,2,KY,200,R,0,1,"GUTHRIE, Brett",G000558,1964,,0.428,0.269,-154.15664,0.8974,1424,57,,0.394,0.188,0
112,House,31102,51,4,KY,200,R,2,2,"MASSIE, Thomas",M001184,1971,,0.678,-0.735,-13.40938,0.62978,29,8,,0.879,-0.477,0
112,House,14854,51,5,KY,200,R,0,1,"ROGERS, Harold Dallas (Hal)",R000395,1937,,0.333,0.152,-165.83398,0.88978,1420,65,,0.287,0.601,0
112,House,29525,51,1,KY,200,R,0,1,"WHITFIELD, Wayne Edward (Ed)",W000413,1943,,0.303,0.182,-213.52618,0.858,1398,84,,0.312,0.125,0
112,House,20723,51,3,KY,100,D,0,1,"YARMUTH, John",Y000062,1947,,-0.378,-0.275,-159.48906,0.89145,1388,61,,-0.396,-0.214,0
112,House,21134,32,1,KS,200,R,0,1,"HUELSKAMP, Tim",H001057,1968,,0.744,-0.466,-244.9664,0.843,1431,104,,0.708,-0.285,0
112,House,20915,32,2,KS,200,R,0,1,"JENKINS, Lynn",J000290,1963,,0.523,0.004,-156.7322,0.89416,1401,70,,0.558,0.142,0
112,House,21136,32,4,KS,200,R,0,1,"POMPEO, Mike",P000602,1963,,0.66,0.164,-120.11222,0.91938,1429,44,,0.689,0.171,0
112,House,21135,32,3,KS,200,R,0,1,"YODER, Kevin",Y000063,1976,,0.558,0.03,-198.90028,0.87006,1429,96,,0.59,0.022,0
112,House,21132,22,8,IN,200,R,0,1,"BUCSHON, Larry",B001275,1962,,0.38,0.385,-144.26094,0.90385,1427,56,,0.399,0.271,0
112,House,15014,22,5,IN,200,R,0,1,"BURTON, Danny Lee",B001149,1938,,0.585,-0.026,-190.79715,0.864,1309,65,,0.616,-0.141,0
112,House,20757,22,7,IN,100,D,0,1,"CARSON, Andr√©",C001072,1974,,-0.435,0.03,-264.13652,0.8243,1367,103,,-0.411,0.078,0
112,House,20717,22,2,IN,100,D,0,1,"DONNELLY, Joe",D000607,1955,,-0.119,0.435,-510.67428,0.68921,1372,243,,-0.178,0.563,0
112,House,20117,22,6,IN,200,R,0,1,"PENCE, Mike",P000587,1959,,0.655,0.088,-125.08277,0.911,1341,50,,0.621,0.181,0
112,House,21131,22,4,IN,200,R,0,1,"ROKITA, Todd",R000592,1970,,0.602,-0.16,-157.86907,0.89146,1374,65,,0.63,-0.071,0
112,House,21100,22,3,IN,200,R,0,1,"STUTZMAN, Marlin",S001188,1976,,0.728,-0.119,-160.4182,0.89174,1400,64,,0.752,-0.113,0
112,House,15124,22,1,IN,100,D,0,1,"VISCLOSKY, Peter",V000108,1949,,-0.402,0.244,-372.91304,0.7644,1388,180,,-0.396,0.258,0
112,House,21133,22,9,IN,200,R,0,1,"YOUNG, Todd",Y000064,1972,,0.439,-0.026,-195.04868,0.87199,1424,88,,0.543,0.075,1
112,House,29912,21,13,IL,200,R,0,1,"BIGGERT, Judy Borg",B001232,1937,,0.323,-0.372,-345.20194,0.784,1422,139,,0.238,-0.055,0
112,House,15453,21,12,IL,100,D,0,1,"COSTELLO, Jerry Francis",C000794,1949,,-0.317,0.657,-517.30164,0.681,1348,231,,-0.302,0.506,0
112,House,29717,21,7,IL,100,D,0,1,"DAVIS, Danny K.",D000096,1941,,-0.487,-0.266,-209.10552,0.85572,1342,83,,-0.503,-0.121,0
112,House,21127,21,10,IL,200,R,0,1,"DOLD, Robert",D000613,1969,,0.2,-0.199,-441.31963,0.732,1416,183,,0.212,-0.254,0
112,House,29348,21,4,IL,100,D,0,1,"GUTI√âRREZ, Luis V.",G000535,1953,,-0.487,-0.26,-205.45777,0.85484,1310,70,,-0.449,-0.434,0
112,House,21129,21,14,IL,200,R,0,1,"HULTGREN, Randy",H001059,1966,,0.49,-0.034,-223.5623,0.85527,1430,96,,0.483,-0.106,0
112,House,29585,21,2,IL,100,D,0,1,"JACKSON, Jesse L., Jr.",J000283,1965,,-0.538,-0.513,-118.4706,0.898,1096,54,,-0.582,-0.345,0
112,House,20116,21,15,IL,200,R,0,1,"JOHNSON, Timothy V.",J000285,1946,2022,0.264,-0.52,-596.89026,0.644,1357,287,,0.398,-0.851,0
112,House,21128,21,11,IL,200,R,0,1,"KINZINGER, Adam",K000378,1978,,0.234,0.382,-250.15834,0.83764,1412,98,,0.295,0.254,0
112,House,20508,21,3,IL,100,D,0,1,"LIPINSKI, Daniel",L000563,1966,,-0.227,0.176,-458.62819,0.72283,1413,193,,-0.231,0.154,0
112,House,29349,21,16,IL,200,R,0,1,"MANZULLO, Donald A.",M001138,1944,,0.51,0,-242.3032,0.837,1362,95,,0.535,-0.143,0
112,House,20954,21,5,IL,100,D,0,1,"QUIGLEY, Mike",Q000023,1958,,-0.326,-0.231,-252.68998,0.83688,1419,96,,-0.304,-0.488,0
112,House,20715,21,6,IL,200,R,0,1,"ROSKAM, Peter",R000580,1961,,0.429,0.018,-187.28112,0.87554,1409,74,,0.404,0.153,0
112,House,29346,21,1,IL,100,D,0,1,"RUSH, Bobby L.",R000515,1946,,-0.479,-0.203,-201.72613,0.85586,1296,87,,-0.559,-0.046,0
112,House,29911,21,9,IL,100,D,0,1,"SCHAKOWSKY, Janice D.",S001145,1944,,-0.602,-0.291,-163.41976,0.89064,1411,74,,-0.655,-0.074,0
112,House,21130,21,17,IL,200,R,0,1,"SCHILLING, Bobby",S001182,1964,2021,0.364,0.009,-293.24931,0.812,1411,138,,0.369,-0.041,1
112,House,20914,21,18,IL,200,R,0,1,"SCHOCK, Aaron",S001179,1981,,0.311,0.185,-221.02747,0.852,1375,97,,0.281,0.249,0
112,House,29718,21,19,IL,200,R,0,1,"SHIMKUS, John M.",S000364,1958,,0.375,0.154,-237.50276,0.84366,1397,108,,0.303,0.287,0
112,House,21126,21,8,IL,200,R,0,1,"WALSH, Joe",W000811,1961,,0.708,-0.707,-246.91471,0.837,1390,103,,0.74,-0.636,0
112,House,21125,63,1,ID,200,R,0,1,"LABRADOR, Ra√∫l R.",L000573,1967,,0.735,-0.571,-234.09711,0.84314,1372,106,,0.707,-0.442,0
112,House,29910,63,2,ID,200,R,0,1,"SIMPSON, Michael K.",S001148,1950,,0.296,0.312,-215.52922,0.85918,1420,78,,0.266,0.27,0
112,House,29721,31,3,IA,100,D,0,1,"BOSWELL, Leonard L.",B000652,1934,2018,-0.238,0.289,-478.95433,0.714,1424,219,,-0.252,0.271,0
112,House,20719,31,1,IA,100,D,0,1,"BRALEY, Bruce",B001259,1957,,-0.31,-0.205,-232.61418,0.842,1357,90,,-0.317,-0.303,0
112,House,20325,31,5,IA,200,R,0,1,"KING, Steve",K000362,1949,,0.613,0.171,-304.40356,0.80345,1391,105,,0.511,0.224,0
112,House,29522,31,4,IA,200,R,0,1,"LATHAM, Thomas",L000111,1948,,0.302,0.308,-252.0941,0.838,1425,102,,0.25,0.338,0
112,House,20720,31,2,IA,100,D,0,1,"LOEBSACK, Dave",L000565,1952,,-0.276,-0.027,-313.94538,0.80001,1407,136,,-0.276,0.007,1
112,House,21124,82,1,HI,100,D,0,1,"HANABUSA, Colleen",H001050,1951,,-0.37,0.004,-199.88775,0.86895,1423,80,,-0.388,0.044,1
112,House,20713,82,2,HI,100,D,0,1,"HIRONO, Mazie",H001042,1947,,-0.515,-0.1,-153.73989,0.88556,1265,60,,-0.48,-0.091,0
112,House,20507,44,12,GA,100,D,0,1,"BARROW, John",B001252,1955,,-0.119,0.46,-578.55384,0.668,1432,257,,-0.184,0.681,0
112,House,29339,44,2,GA,100,D,0,1,"BISHOP, Sanford Dixon, Jr.",B000490,1947,,-0.287,0.447,-388.36444,0.75394,1375,175,,-0.282,0.564,0
112,House,20753,44,10,GA,200,R,0,1,"BROUN, Paul C., Jr.",B001262,1946,,0.913,-0.408,-192.64579,0.87,1378,85,,0.903,-0.328,0
112,House,20319,44,11,GA,200,R,0,1,"GINGREY, Phil",G000550,1942,,0.561,0.272,-189.47756,0.87,1364,76,,0.575,0.039,0
112,House,20962,44,9,GA,200,R,0,1,"GRAVES, Tom",G000560,1970,,0.716,-0.002,-170.88658,0.88707,1426,74,,0.856,-0.234,0
112,House,20712,44,4,GA,100,D,0,1,"JOHNSON, Hank",J000288,1954,,-0.477,-0.052,-186.11927,0.87245,1364,83,,-0.486,0.072,1
112,House,29338,44,1,GA,200,R,0,1,"KINGSTON, Jack",K000220,1955,,0.54,0.302,-273.24294,0.825,1423,114,,0.552,0.11,0
112,House,15431,44,5,GA,100,D,0,1,"LEWIS, John R.",L000287,1940,2020,-0.589,-0.221,-152.649,0.89353,1356,72,,-0.552,-0.257,0
112,House,20505,44,6,GA,200,R,0,1,"PRICE, Tom",P000591,1954,,0.644,-0.073,-160.33757,0.89393,1430,62,,0.652,-0.051,0
112,House,21123,44,8,GA,200,R,0,1,"SCOTT, Austin",S001189,1969,,0.535,0.363,-196.37166,0.87051,1416,76,,0.605,0.098,1
112,House,20321,44,13,GA,100,D,0,1,"SCOTT, David",S001157,1945,,-0.304,0.169,-276.64844,0.82162,1408,100,,-0.351,0.132,0
112,House,20506,44,3,GA,200,R,0,1,"WESTMORELAND, Lynn A.",W000796,1950,,0.672,0.189,-171.81261,0.886,1417,73,,0.655,0.102,0
112,House,21122,44,7,GA,200,R,0,1,"WOODALL, Rob",W000810,1970,,0.593,-0.173,-265.08819,0.82971,1420,110,,0.687,-0.274,0
112,House,21120,43,24,FL,200,R,0,1,"ADAMS, Sandra (Sandy)",A000366,1956,,0.577,0.043,-188.15606,0.877,1434,87,,0.57,-0.075,0
112,House,20758,43,9,FL,200,R,0,1,"BILIRAKIS, Gus",B001257,1963,,0.423,-0.032,-200.71188,0.86527,1387,69,,0.401,0.024,0
112,House,29328,43,3,FL,100,D,0,1,"BROWN, Corrine",B000911,1946,,-0.429,0.192,-217.51885,0.853,1369,78,,-0.447,0.268,0
112,House,20709,43,13,FL,200,R,0,1,"BUCHANAN, Vernon G.",B001260,1951,,0.362,-0.084,-266.39046,0.82762,1408,101,,0.409,-0.277,0
112,House,20708,43,11,FL,100,D,0,1,"CASTOR, Kathy",C001066,1966,,-0.438,0.072,-195.74521,0.86586,1359,88,,-0.393,0.007,1
112,House,20111,43,4,FL,200,R,0,1,"CRENSHAW, Ander",C001045,1944,,0.333,0.337,-165.98683,0.89,1424,70,,0.297,0.544,0
112,House,20959,43,19,FL,100,D,2,2,"DEUTCH, Theodore E. (Ted)",D000610,1966,,-0.401,-0.078,-165.48622,0.88598,1367,70,,-0.444,-0.041,0
112,House,20316,43,21,FL,200,R,0,1,"DIAZ-BALART, Mario",D000600,1961,,0.281,0.158,-210.22748,0.85668,1359,71,,0.224,0.257,0
112,House,29337,43,23,FL,100,D,0,1,"HASTINGS, Alcee Lamar",H000324,1936,2021,-0.564,0.157,-210.14044,0.86226,1418,88,,-0.51,0.08,0
112,House,20503,43,14,FL,200,R,0,1,"MACK, Connie, IV",M001155,1967,,0.601,-0.16,-168.18734,0.872,1225,62,,0.694,-0.257,0
112,House,29331,43,7,FL,200,R,0,1,"MICA, John L.",M000689,1943,,0.453,0.137,-183.17067,0.879,1426,89,,0.503,0.127,0
112,House,20110,43,1,FL,200,R,0,1,"MILLER, Jefferson B. (Jeff)",M001144,1959,,0.633,0.155,-188.74901,0.873,1393,75,,0.659,-0.087,1
112,House,21115,43,5,FL,200,R,0,1,"NUGENT, Richard",N000185,1951,,0.483,0.077,-200.55318,0.869,1424,87,,0.516,0.029,0
112,House,20909,43,15,FL,200,R,0,1,"POSEY, Bill",P000599,1947,,0.533,-0.353,-263.72417,0.83126,1427,118,,0.55,-0.222,0
112,House,21121,43,25,FL,200,R,0,1,"RIVERA, David",R000590,1965,,0.257,0.349,-159.86694,0.893,1414,52,,0.254,0.367,0
112,House,20910,43,16,FL,200,R,0,1,"ROONEY, Thomas J.",R000583,1970,,0.458,0.013,-234.82061,0.84798,1424,102,,0.526,0.082,1
112,House,15634,43,18,FL,200,R,0,1,"ROS-LEHTINEN, Ileana",R000435,1952,,0.244,-0.225,-295.47327,0.81131,1413,105,,0.219,0.095,0
112,House,21117,43,12,FL,200,R,0,1,"ROSS, Dennis",R000593,1959,,0.531,0.099,-174.68567,0.88409,1418,69,,0.6,0.031,0
112,House,21114,43,2,FL,200,R,0,1,"SOUTHERLAND, Steve",S001186,1965,,0.56,0.063,-199.73375,0.87,1431,94,,0.588,-0.069,0
112,House,15627,43,6,FL,200,R,0,1,"STEARNS, Clifford Bundy",S000822,1941,,0.554,-0.075,-233.35025,0.849,1424,99,,0.623,-0.343,0
112,House,20504,43,20,FL,100,D,0,1,"WASSERMAN SCHULTZ, Debbie",W000797,1966,,-0.415,0.103,-169.25596,0.88184,1346,56,,-0.422,0.096,0
112,House,21116,43,8,FL,200,R,0,1,"WEBSTER, Daniel A.",W000806,1949,,0.523,-0.078,-248.15118,0.83935,1417,97,,0.465,-0.005,0
112,House,21119,43,22,FL,200,R,0,1,"WEST, Allen",W000807,1961,,0.451,0.043,-249.34459,0.84,1430,111,,0.452,-0.051,1
112,House,21118,43,17,FL,100,D,0,1,"WILSON, Frederica",W000808,1942,,-0.476,-0.006,-159.42134,0.88525,1308,66,,-0.472,0.012,0
112,House,13047,43,10,FL,200,R,0,1,"YOUNG, Charles William (Bill)",Y000031,1930,2013,0.325,-0.112,-314.83026,0.787,1316,131,,0.318,-0.157,0
112,House,21113,11,1,DE,100,D,0,1,"CARNEY, John C., Jr.",C001083,1956,,-0.256,-0.142,-337.76583,0.788,1421,134,,-0.22,-0.189,0
112,House,20706,1,2,CT,100,D,0,1,"COURTNEY, Joe",C001069,1953,,-0.337,0.041,-225.39972,0.85342,1422,93,,-0.372,0.13,1
112,House,29109,1,3,CT,100,D,0,1,"DeLAURO, Rosa L.",D000216,1943,,-0.414,-0.107,-156.40203,0.89605,1425,58,,-0.449,-0.024,0
112,House,20907,1,4,CT,100,D,0,1,"HIMES, James A.",H001047,1966,,-0.241,-0.21,-339.58849,0.78796,1425,146,,-0.252,-0.238,0
112,House,29908,1,1,CT,100,D,0,1,"LARSON, John B.",L000557,1948,,-0.396,-0.038,-195.3946,0.86681,1367,81,,-0.425,0.002,0
112,House,20707,1,5,CT,100,D,0,1,"MURPHY, Christopher",M001169,1973,,-0.282,-0.238,-245.67502,0.83703,1381,99,,-0.275,-0.279,0
112,House,20906,62,6,CO,200,R,0,1,"COFFMAN, Mike",C001077,1955,,0.492,-0.213,-287.52548,0.81717,1424,131,,0.486,-0.154,1
112,House,29710,62,1,CO,100,D,0,1,"DeGETTE, Diana",D000197,1957,,-0.431,-0.308,-156.04427,0.89551,1414,58,,-0.406,-0.288,0
112,House,21112,62,4,CO,200,R,0,1,"GARDNER, Cory",G000562,1974,,0.444,-0.029,-237.81915,0.84519,1414,108,,0.508,0.092,0
112,House,20704,62,5,CO,200,R,0,1,"LAMBORN, Doug",L000564,1954,,0.665,0.257,-135.45198,0.90778,1400,47,,0.701,0.312,1
112,House,20705,62,7,CO,100,D,0,1,"PERLMUTTER, Ed",P000593,1953,,-0.282,0.072,-441.54145,0.73098,1409,184,,-0.261,0.137,0
112,House,20904,62,2,CO,100,D,0,1,"POLIS, Jared",P000598,1975,,-0.278,-0.692,-373.9184,0.75283,1317,141,,-0.256,-0.607,0
112,House,21111,62,3,CO,200,R,0,1,"TIPTON, Scott",T000470,1956,,0.451,-0.023,-296.35918,0.81294,1431,134,,0.411,-0.035,0
112,House,29942,71,43,CA,100,D,0,1,"BACA, Joe",B001234,1947,,-0.349,0.292,-241.24846,0.835,1340,85,,-0.383,0.303,0
112,House,21110,71,33,CA,100,D,0,1,"BASS, Karen",B001270,1953,,-0.584,-0.098,-143.74098,0.89675,1319,59,,-0.524,-0.206,0
112,House,29316,71,31,CA,100,D,0,1,"BECERRA, Xavier",B000287,1958,,-0.512,-0.283,-141.09089,0.90321,1386,62,,-0.491,-0.286,0
112,House,15005,71,28,CA,100,D,0,1,"BERMAN, Howard Lawrence",B000410,1941,,-0.404,-0.286,-217.35245,0.851,1352,92,,-0.368,-0.087,0
112,House,29508,71,50,CA,200,R,0,1,"BILBRAY, Brian P.",B000461,1951,,0.392,-0.376,-383.20407,0.758,1384,164,,0.322,-0.172,0
112,House,29775,71,45,CA,200,R,0,1,"BONO, Mary",B001228,1961,,0.353,-0.218,-272.49942,0.821,1385,118,,0.411,-0.146,0
112,House,29323,71,44,CA,200,R,0,1,"CALVERT, Ken",C000059,1953,,0.339,0.276,-140.69533,0.90535,1415,50,,0.315,0.491,0
112,House,20539,71,48,CA,200,R,0,1,"CAMPBELL, John (of California)",C001064,1955,,0.748,-0.415,-297.99902,0.799,1331,138,,0.919,-0.395,0
112,House,29774,71,23,CA,100,D,0,1,"CAPPS, Lois",C001036,1938,,-0.389,-0.227,-148.65195,0.9,1418,65,,-0.392,-0.163,0
112,House,20306,71,18,CA,100,D,0,1,"CARDOZA, Dennis A.",C001050,1959,,-0.262,0.609,-479.67818,0.651,1119,236,,-0.227,0.541,0
112,House,20955,71,32,CA,100,D,2,2,"CHU, Judy",C001080,1953,,-0.482,-0.37,-150.31397,0.8975,1390,60,,-0.506,-0.32,0
112,House,20501,71,20,CA,100,D,0,1,"COSTA, Jim",C001059,1952,,-0.198,0.448,-619.59642,0.6364,1371,309,,-0.172,0.518,0
112,House,20108,71,53,CA,100,D,0,1,"DAVIS, Susan A.",D000598,1944,,-0.343,-0.103,-197.4213,0.87037,1422,78,,-0.346,-0.048,1
112,House,21109,71,19,CA,200,R,0,1,"DENHAM, Jeff",D000612,1967,,0.306,0.212,-216.83402,0.85699,1405,94,,0.408,0.19,0
112,House,14813,71,26,CA,200,R,0,1,"DREIER, David Timothy",D000492,1952,,0.478,-0.084,-248.0076,0.839,1417,112,,0.345,0.267,0
112,House,29312,71,14,CA,100,D,0,1,"ESHOO, Anna Georges",E000215,1942,,-0.379,-0.372,-202.95227,0.86296,1377,92,,-0.336,-0.457,0
112,House,29313,71,17,CA,100,D,0,1,"FARR, Sam",F000030,1941,,-0.455,-0.219,-202.03084,0.866,1406,71,,-0.402,-0.417,0
112,House,29325,71,51,CA,100,D,0,1,"FILNER, Bob",F000116,1942,2025,-0.652,0.002,-100.65144,0.903,988,42,,-0.752,-0.158,0
112,House,15413,71,24,CA,200,R,0,1,"GALLEGLY, Elton W.",G000021,1944,,0.402,-0.1,-194.95235,0.864,1333,74,,0.367,0.204,0
112,House,20958,71,10,CA,100,D,2,2,"GARAMENDI, John",G000559,1945,,-0.314,-0.097,-287.97111,0.8098,1365,123,,-0.346,-0.142,1
112,House,21195,71,36,CA,100,D,2,2,"HAHN, Janice",H001063,1952,,-0.39,-0.376,-85.76862,0.9,812,34,,-0.43,-0.229,0
112,House,29318,71,36,CA,100,D,1,1,"HARMAN, Jane L.",H000213,1945,,-0.262,-0.12,-22.52676,0.767,85,6,,-0.329,0.025,0
112,House,15420,71,2,CA,200,R,0,1,"HERGER, Walter William (Wally)",H000528,1945,,0.551,0.117,-136.48577,0.905,1374,52,,0.572,0.274,0
112,House,20103,71,15,CA,100,D,0,1,"HONDA, Mike",H001034,1941,,-0.529,-0.482,-158.77275,0.89,1361,66,,-0.529,-0.514,0
112,House,20963,71,52,CA,200,R,0,1,"HUNTER, Duncan Duane",H001048,1976,,0.539,0.085,-187.34515,0.87648,1421,80,,0.588,0.281,1
112,House,20107,71,49,CA,200,R,0,1,"ISSA, Darrell",I000056,1953,,0.478,0.023,-159.2505,0.89277,1404,54,,0.53,0.171,0
112,House,29778,71,9,CA,100,D,0,1,"LEE, Barbara",L000551,1946,,-0.676,-0.582,-148.9964,0.8973,1375,72,,-0.72,-0.488,0
112,House,14644,71,41,CA,200,R,0,1,"LEWIS, Charles Jeremy (Jerry)",L000274,1934,2021,0.348,-0.101,-186.97801,0.861,1246,66,,0.295,0.271,0
112,House,29504,71,16,CA,100,D,0,1,"LOFGREN, Zoe",L000397,1947,,-0.397,-0.404,-252.64439,0.83282,1381,98,,-0.347,-0.46,0
112,House,14647,71,3,CA,200,R,0,1,"LUNGREN, Daniel Edward",L000517,1946,,0.497,-0.054,-260.3908,0.833,1424,122,,0.355,0.267,0
112,House,20538,71,5,CA,100,D,0,1,"MATSUI, Doris",M001163,1944,,-0.434,-0.142,-172.58911,0.88616,1428,79,,-0.424,-0.228,0
112,House,20703,71,22,CA,200,R,0,1,"MCCARTHY, Kevin",M001165,1965,,0.453,0.233,-132.7226,0.9098,1404,46,,0.471,0.34,0
112,House,20903,71,4,CA,200,R,0,1,"McCLINTOCK, Tom",M001177,1956,,0.672,-0.37,-308.52229,0.80606,1431,124,,0.919,-0.395,0
112,House,29315,71,25,CA,200,R,0,1,"McKEON, Howard P. (Buck)",M000508,1938,,0.396,0.208,-163.3949,0.889,1388,67,,0.329,0.395,1
112,House,20702,71,11,CA,100,D,0,1,"McNERNEY, Jerry",M001166,1951,,-0.263,-0.159,-263.70222,0.83063,1421,97,,-0.319,0.014,0
112,House,29905,71,42,CA,200,R,0,1,"MILLER, Gary G.",M001139,1948,,0.478,0.222,-166.02919,0.883,1338,74,,0.5,0.224,0
112,House,14256,71,7,CA,100,D,0,1,"MILLER, George",M000725,1945,,-0.552,-0.398,-201.30439,0.864,1377,90,,-0.458,-0.425,0
112,House,29903,71,38,CA,100,D,0,1,"NAPOLITANO, Grace Flores",N000179,1936,,-0.448,-0.247,-140.79044,0.89788,1307,62,,-0.529,-0.25,0
112,House,20307,71,21,CA,200,R,0,1,"NUNES, Devin",N000181,1973,,0.45,0.223,-164.02602,0.8904,1413,72,,0.463,0.323,0
112,House,15448,71,8,CA,100,D,0,1,"PELOSI, Nancy",P000197,1940,,-0.489,-0.18,-157.43608,0.88852,1332,70,,-0.439,-0.05,0
112,House,20752,71,37,CA,100,D,0,1,"RICHARDSON, Laura",R000581,1962,,-0.339,-0.022,-319.85278,0.795,1398,135,,-0.301,-0.091,0
112,House,15621,71,46,CA,200,R,0,1,"ROHRABACHER, Dana",R000409,1947,,0.626,-0.417,-294.46089,0.81129,1408,126,,0.631,-0.475,0
112,House,29317,71,34,CA,100,D,0,1,"ROYBAL-ALLARD, Lucille",R000486,1941,,-0.469,-0.171,-137.71534,0.90606,1396,53,,-0.452,-0.189,0
112,House,29321,71,40,CA,200,R,0,1,"ROYCE, Edward Randall",R000487,1951,,0.657,-0.353,-206.89856,0.86477,1424,92,,0.655,-0.406,0
112,House,20310,71,39,CA,100,D,0,1,"S√ÅNCHEZ, Linda T.",S001156,1969,,-0.508,-0.132,-161.67412,0.88578,1333,64,,-0.485,-0.255,0
112,House,29709,71,47,CA,100,D,0,1,"SANCHEZ, Loretta",S000030,1960,,-0.367,0.025,-226.8276,0.841,1307,104,,-0.372,-0.104,1
112,House,20104,71,29,CA,100,D,0,1,"SCHIFF, Adam",S001150,1960,,-0.353,-0.109,-188.27392,0.87672,1431,68,,-0.343,-0.057,0
112,House,29707,71,27,CA,100,D,0,1,"SHERMAN, Brad",S000344,1954,,-0.344,-0.137,-196.47608,0.87104,1423,74,,-0.345,-0.165,0
112,House,20762,71,12,CA,100,D,0,1,"SPEIER, Karen Lorraine Jacqueline (Jackie)",S001175,1950,,-0.381,-0.41,-219.52274,0.8444,1298,78,,-0.341,-0.42,1
112,House,14053,71,13,CA,100,D,0,1,"STARK, Fortney Hillman (Pete), Jr.",S000810,1931,2020,-0.631,-0.605,-160.84025,0.888,1354,69,,-0.587,-0.596,0
112,House,29901,71,1,CA,100,D,0,1,"THOMPSON, Michael",T000460,1951,,-0.392,0.072,-273.16436,0.82567,1426,148,,-0.395,-0.062,0
112,House,29106,71,35,CA,100,D,0,1,"WATERS, Maxine",W000187,1938,,-0.656,-0.094,-213.47393,0.85109,1324,90,,-0.506,-0.221,0
112,House,14280,71,30,CA,100,D,0,1,"WAXMAN, Henry Arnold",W000215,1939,,-0.473,-0.343,-174.19722,0.883,1401,66,,-0.428,-0.216,0
112,House,29309,71,6,CA,100,D,0,1,"WOOLSEY, Lynn C.",W000738,1937,,-0.556,-0.529,-147.85223,0.899,1385,66,,-0.56,-0.675,0
112,House,21199,61,8,AZ,100,D,2,2,"BARBER, Ron",B001279,1945,,-0.123,0.001,-73.55459,0.727,231,26,,-0.3,0.226,1
112,House,20100,61,6,AZ,200,R,0,1,"FLAKE, Jeff",F000444,1962,,0.855,-0.518,-192.73056,0.8707,1392,71,,0.913,-0.408,0
112,House,20304,61,2,AZ,200,R,0,1,"FRANKS, Trent",F000448,1957,,0.749,0.087,-198.19888,0.86938,1416,83,,0.689,0.002,1
112,House,20701,61,8,AZ,100,D,1,1,"GIFFORDS, Gabrielle",G000554,1970,,-0.11,0.076,,,,,,-0.542,0.841,1
112,House,21103,61,1,AZ,200,R,0,1,"GOSAR, Paul",G000565,1958,,0.703,-0.518,-313.07943,0.7965,1376,111,,0.507,-0.069,0
112,House,20305,61,7,AZ,100,D,0,1,"GRIJALVA, Ra√∫l M.",G000551,1948,,-0.598,-0.264,-171.38853,0.88376,1387,69,,-0.655,-0.113,0
112,House,29101,61,4,AZ,100,D,0,1,"PASTOR, Ed",P000099,1943,2018,-0.421,0.12,-300.85852,0.808,1412,152,,-0.475,0.267,0
112,House,21104,61,3,AZ,200,R,0,1,"QUAYLE, Ben",Q000024,1976,,0.712,0.222,-154.5331,0.893,1371,74,,0.705,0.179,0
112,House,21105,61,5,AZ,200,R,0,1,"SCHWEIKERT, David",S001183,1962,,0.554,-0.222,-194.68783,0.87213,1423,75,,0.644,-0.256,0
112,House,21106,42,1,AR,200,R,0,1,"CRAWFORD, Rick",C001087,1966,,0.46,0.309,-167.53766,0.88908,1425,76,,0.322,0.604,0
112,House,21107,42,2,AR,200,R,0,1,"GRIFFIN, Tim",G000567,1968,,0.41,0.421,-162.76919,0.892,1423,74,,0.424,0.292,1
112,House,20102,42,4,AR,100,D,0,1,"ROSS, Michael Avery",R000573,1961,,-0.201,0.89,-422.32622,0.738,1387,192,,-0.114,0.722,0
112,House,21108,42,3,AR,200,R,0,1,"WOMACK, Steve",W000809,1957,,0.348,0.635,-127.37773,0.915,1434,55,,0.308,0.574,0
112,House,29701,41,4,AL,200,R,0,1,"ADERHOLT, Robert",A000055,1965,,0.405,0.467,-191.20105,0.87427,1423,90,,0.327,0.601,0
112,House,29301,41,6,AL,200,R,0,1,"BACHUS, Spencer T., III",B000013,1947,,0.387,0.228,-182.54918,0.876,1382,78,,0.339,0.342,0
112,House,20300,41,1,AL,200,R,0,1,"BONNER, Jr., Josiah Robins (Jo)",B001244,1959,,0.367,0.513,-146.62502,0.9,1390,57,,0.31,0.506,0
112,House,21193,41,5,AL,200,R,0,1,"BROOKS, Mo",B001274,1954,,0.652,-0.417,-244.96145,0.84247,1429,100,,0.564,-0.142,1
112,House,21192,41,2,AL,200,R,0,1,"ROBY, Martha",R000591,1976,,0.362,0.658,-149.44841,0.9005,1426,61,,0.36,0.59,1
112,House,20301,41,3,AL,200,R,0,1,"ROGERS, Mike Dennis",R000575,1958,,0.379,0.377,-168.28753,0.88854,1424,74,,0.291,0.659,1
112,House,21102,41,7,AL,100,D,0,1,"SEWELL, Terri",S001185,1965,,-0.4,0.392,-259.85448,0.83004,1395,100,,-0.364,0.329,0
112,House,14066,81,1,AK,200,R,0,1,"YOUNG, Donald Edwin",Y000033,1933,2022,0.283,0.022,-370.59878,0.7476,1274,154,,0.338,-0.052,0
113,House,20953,68,1,WY,200,R,0,1,"LUMMIS, Cynthia M.",L000571,1954,,0.684,-0.327,-190.31412,0.82543,992,94,,0.659,-0.381,0
113,House,20146,56,2,WV,200,R,0,1,"CAPITO, Shelley Moore",C001047,1953,,0.282,0.144,-97.63671,0.90396,967,33,,0.291,0.139,0
113,House,21188,56,1,WV,200,R,0,1,"McKINLEY, David",M001180,1947,,0.3,0.178,-153.4726,0.86044,1021,61,,0.311,-0.02,0
113,House,14448,56,3,WV,100,D,0,1,"RAHALL, Nick Joe, II",R000011,1949,,-0.306,0.45,-524.56524,0.596,1015,242,,-0.183,0.369,0
113,House,21189,25,7,WI,200,R,0,1,"DUFFY, Sean",D000614,1971,,0.511,-0.109,-146.06638,0.85953,965,73,,0.538,-0.095,0
113,House,29769,25,3,WI,100,D,0,1,"KIND, Ron",K000188,1963,,-0.26,-0.08,-225.23815,0.7994,1006,107,,-0.303,-0.059,0
113,House,20537,25,4,WI,100,D,0,1,"MOORE, Gwendolynne S. (Gwen)",M001160,1951,,-0.522,-0.272,-118.74989,0.88697,990,65,,-0.524,-0.166,0
113,House,14675,25,6,WI,200,R,0,1,"PETRI, Thomas Evert",P000265,1940,,0.379,-0.367,-230.49637,0.797,1017,102,,0.55,-0.552,0
113,House,21370,25,2,WI,100,D,0,1,"POCAN, Mark",P000607,1964,,-0.524,-0.553,-76.93237,0.92701,1015,25,,-0.593,-0.423,0
113,House,21190,25,8,WI,200,R,0,1,"RIBBLE, Reid",R000587,1956,,0.603,-0.333,-154.59665,0.858,1008,79,,0.699,-0.357,0
113,House,29939,25,1,WI,200,R,0,1,"RYAN, Paul D.",R000570,1970,,0.556,-0.25,-119.44603,0.88939,1019,40,,0.52,0.038,0
113,House,14657,25,5,WI,200,R,0,1,"SENSENBRENNER, Frank James, Jr.",S000244,1943,,0.638,-0.579,-158.88737,0.85404,1007,77,,0.66,-0.587,0
113,House,31101,73,1,WA,100,D,0,1,"DelBENE, Suzan K.",D000617,1962,,-0.294,-0.204,-153.17147,0.85954,1012,74,,-0.254,-0.218,0
113,House,29580,73,4,WA,200,R,0,1,"HASTINGS, Richard Norman (Doc)",H000329,1941,,0.416,0.411,-112.89649,0.894,1006,45,,0.32,0.341,0
113,House,21369,73,10,WA,100,D,0,1,"HECK, Denny",H001064,1952,,-0.312,-0.128,-116.16138,0.88918,989,46,,-0.323,-0.139,0
113,House,21187,73,3,WA,200,R,0,1,"HERRERA BEUTLER, Jaime",H001056,1978,,0.336,-0.129,-177.58598,0.79163,760,84,,0.357,-0.289,0
113,House,21368,73,6,WA,100,D,0,1,"KILMER, Derek",K000381,1974,,-0.316,0.005,-167.97598,0.84622,1006,87,,-0.296,-0.06,1
113,House,20145,73,2,WA,100,D,0,1,"LARSEN, Richard Ray (Rick)",L000560,1965,,-0.365,0.164,-140.63201,0.86478,968,58,,-0.364,0.132,1
113,House,15613,73,7,WA,100,D,0,1,"McDERMOTT, James A.",M000404,1936,,-0.666,-0.197,-111.17858,0.895,998,63,,-0.655,-0.066,0
113,House,20535,73,5,WA,200,R,0,1,"McMORRIS RODGERS, Cathy",M001159,1969,,0.436,0.098,-96.19365,0.90705,986,38,,0.43,0.132,0
113,House,20536,73,8,WA,200,R,0,1,"REICHERT, David G.",R000578,1950,,0.224,-0.146,-217.92888,0.80729,1018,93,,0.231,-0.002,0
113,House,29768,73,9,WA,100,D,0,1,"SMITH, Adam",S000510,1965,,-0.291,-0.166,-183.57451,0.81822,915,71,,-0.379,0.006,1
113,House,20750,6,1,VT,100,D,0,1,"WELCH, Peter",W000800,1947,,-0.407,-0.383,-143.89844,0.86758,1013,59,,-0.414,-0.348,0
113,House,21553,40,7,VA,200,R,2,2,"BRAT, David A.",B001290,1964,,0.829,-0.325,-7.6854,0.79224,33,5,,0.547,-0.831,0
113,House,20144,40,7,VA,200,R,1,1,"CANTOR, Eric",C001046,1963,,0.518,0.191,-106.43994,0.888,892,48,,0.427,0.299,0
113,House,20952,40,11,VA,100,D,0,1,"CONNOLLY, Gerald E. (Gerry)",C001078,1950,2025,-0.309,-0.047,-178.94183,0.83837,1015,81,,-0.346,0.013,0
113,House,20143,40,4,VA,200,R,0,1,"FORBES, J. Randy",F000445,1952,,0.407,0.218,-122.06726,0.886,1008,58,,0.353,0.411,1
113,House,39308,40,6,VA,200,R,0,1,"GOODLATTE, Robert William",G000289,1952,,0.496,-0.002,-119.49088,0.88821,1008,47,,0.508,0.113,0
113,House,21191,40,9,VA,200,R,0,1,"GRIFFITH, H. Morgan",G000568,1958,,0.512,-0.344,-258.99036,0.7746,1014,119,,0.53,-0.505,0
113,House,21186,40,5,VA,200,R,0,1,"HURT, Robert",H001060,1969,,0.568,0,-103.20945,0.901,992,39,,0.562,-0.062,0
113,House,29149,40,8,VA,100,D,0,1,"MORAN, James P.",M000933,1945,,-0.302,-0.203,-188.66982,0.825,982,74,,-0.326,-0.198,0
113,House,21185,40,2,VA,200,R,0,1,"RIGELL, E. Scott",R000589,1960,,0.405,-0.084,-186.22668,0.832,1012,87,,0.467,-0.198,1
113,House,39307,40,3,VA,100,D,0,1,"SCOTT, Robert C.",S000185,1947,,-0.45,-0.003,-142.05454,0.86952,1016,57,,-0.413,-0.036,0
113,House,20756,40,1,VA,200,R,0,1,"WITTMAN, Robert J.",W000804,1959,,0.448,0.02,-160.13409,0.85431,1017,68,,0.427,0.279,1
113,House,14869,40,10,VA,200,R,0,1,"WOLF, Frank Rudolph",W000672,1939,,0.284,-0.213,-177.29815,0.838,1005,64,,0.264,-0.002,0
113,House,20357,67,1,UT,200,R,0,1,"BISHOP, Robert (Rob)",B001250,1951,,0.537,0.105,-133.07869,0.87168,969,51,,0.609,0.251,1
113,House,20949,67,3,UT,200,R,0,1,"CHAFFETZ, Jason",C001076,1967,,0.647,-0.278,-152.13576,0.85231,952,75,,0.598,-0.157,0
113,House,20140,67,4,UT,100,D,0,1,"MATHESON, James David (Jim)",M001142,1960,,-0.115,0.546,-545.10044,0.584,1012,238,,-0.085,0.395,0
113,House,21367,67,2,UT,200,R,0,1,"STEWART, Chris",S001192,1960,,0.499,0.167,-141.05033,0.86832,999,53,,0.479,0.127,0
113,House,15085,49,6,TX,200,R,0,1,"BARTON, Joe Linus",B000213,1949,,0.528,0.047,-165.90037,0.8413,960,63,,0.542,0.031,0
113,House,29760,49,8,TX,200,R,0,1,"BRADY, Kevin Patrick",B000755,1955,,0.52,0.239,-98.15122,0.90507,984,40,,0.556,0.432,0
113,House,20355,49,26,TX,200,R,0,1,"BURGESS, Michael C.",B001248,1950,,0.565,-0.164,-191.70469,0.82602,1003,102,,0.683,-0.446,0
113,House,20356,49,31,TX,200,R,0,1,"CARTER, John R.",C001051,1941,,0.486,0.552,-115.625,0.88914,984,47,,0.435,0.646,0
113,House,21362,49,20,TX,100,D,0,1,"CASTRO, Joaquin",C001091,1974,,-0.399,-0.124,-146.07873,0.86282,990,56,,-0.387,0.109,1
113,House,20531,49,11,TX,200,R,0,1,"CONAWAY, K. Michael",C001062,1948,,0.593,0.367,-115.10421,0.89209,1008,56,,0.621,0.687,1
113,House,20533,49,28,TX,100,D,0,1,"CUELLAR, Henry",C001063,1955,,-0.225,0.634,-283.14898,0.75719,1018,122,,-0.23,0.571,0
113,House,20139,49,7,TX,200,R,0,1,"CULBERSON, John",C001048,1956,,0.503,0.366,-129.86423,0.87211,949,62,,0.395,0.33,0
113,House,29571,49,35,TX,100,D,0,1,"DOGGETT, Lloyd Alton, II",D000399,1946,,-0.403,-0.33,-141.39425,0.86912,1008,61,,-0.38,-0.356,0
113,House,21184,49,27,TX,200,R,0,1,"FARENTHOLD, Blake",F000460,1961,,0.548,0.016,-137.87626,0.87333,1018,62,,0.509,0.091,0
113,House,21182,49,17,TX,200,R,0,1,"FLORES, Bill",F000461,1954,,0.572,0.293,-115.25744,0.89124,1001,61,,0.608,0.313,0
113,House,21363,49,23,TX,100,D,0,1,"GALLEGO, Pete P.",G000572,1961,,-0.216,0.378,-264.29562,0.769,1004,120,,-0.206,0.332,1
113,House,20527,49,1,TX,200,R,0,1,"GOHMERT, Louie",G000552,1953,,0.644,-0.406,-196.71887,0.81063,937,87,,0.776,-0.63,0
113,House,29762,49,12,TX,200,R,0,1,"GRANGER, Kay",G000377,1943,,0.403,0.243,-100.8807,0.9018,976,38,,0.426,0.596,0
113,House,20529,49,9,TX,100,D,0,1,"GREEN, Al",G000553,1947,,-0.446,0.263,-147.9285,0.85719,960,67,,-0.433,0.298,0
113,House,39304,49,29,TX,100,D,0,1,"GREEN, Raymond Eugene (Gene)",G000410,1947,,-0.324,0.453,-365.53318,0.68762,976,184,,-0.295,0.391,0
113,House,94828,49,4,TX,200,R,0,1,"HALL, Ralph Moody",H000067,1923,2019,0.424,0.308,-144.72884,0.859,954,67,,0.478,0.153,0
113,House,20352,49,5,TX,200,R,0,1,"HENSARLING, Jeb",H001036,1957,,0.703,0.04,-99.63442,0.90624,1012,34,,0.652,0.214,0
113,House,29763,49,15,TX,100,D,0,1,"HINOJOSA, Rub√©n",H000636,1940,,-0.34,0.235,-216.47853,0.785,894,88,,-0.369,0.19,0
113,House,29573,49,18,TX,100,D,0,1,"JACKSON LEE, Sheila",J000032,1950,,-0.459,0.121,-149.51556,0.85452,951,66,,-0.449,0.184,0
113,House,39305,49,30,TX,100,D,0,1,"JOHNSON, Eddie Bernice",J000126,1934,2023,-0.485,0.198,-140.29628,0.86873,997,65,,-0.521,0.247,0
113,House,29143,49,3,TX,200,R,0,1,"JOHNSON, Sam",J000174,1930,2020,0.61,0.277,-100.81324,0.90119,969,35,,0.568,0.241,0
113,House,20532,49,24,TX,200,R,0,1,"MARCHANT, Kenny",M001158,1951,,0.6,0.154,-144.21307,0.86444,990,72,,0.73,0.132,0
113,House,20530,49,10,TX,200,R,0,1,"McCAUL, Michael T.",M001157,1962,,0.411,0.172,-103.34408,0.90246,1007,40,,0.507,0.247,0
113,House,20353,49,19,TX,200,R,0,1,"NEUGEBAUER, Randy",N000182,1949,,0.628,0.322,-94.81613,0.911,1016,36,,0.677,0.247,0
113,House,21361,49,16,TX,100,D,0,1,"O'ROURKE, Beto",O000170,1972,,-0.304,-0.331,-162.74295,0.85212,1017,63,,-0.366,-0.37,0
113,House,20948,49,22,TX,200,R,0,1,"OLSON, Pete",O000168,1962,,0.548,0.308,-88.27659,0.91551,1000,31,,0.567,0.345,0
113,House,20528,49,2,TX,200,R,0,1,"POE, Ted",P000592,1948,,0.594,-0.029,-218.87051,0.79875,974,114,,0.653,-0.245,0
113,House,29759,49,32,TX,200,R,0,1,"SESSIONS, Pete",S000250,1955,,0.585,0.171,-97.62601,0.90804,1012,31,,0.536,0.303,0
113,House,15445,49,21,TX,200,R,0,1,"SMITH, Lamar Seeligson",S000583,1947,,0.425,0.061,-106.19643,0.89944,1002,38,,0.502,0.307,0
113,House,29570,49,36,TX,200,R,0,1,"STOCKMAN, Steve",S000937,1956,,0.899,-0.438,-262.14185,0.763,969,125,,0.919,-0.395,0
113,House,29572,49,13,TX,200,R,0,1,"THORNBERRY, William McClellan (Mac)",T000238,1958,,0.525,0.313,-92.81481,0.91294,1019,29,,0.538,0.655,1
113,House,21365,49,33,TX,100,D,0,1,"VEASEY, Marc",V000131,1971,,-0.408,0.355,-146.93005,0.86486,1012,79,,-0.423,0.287,1
113,House,21366,49,34,TX,100,D,0,1,"VELA, Filemon",V000132,1963,,-0.311,0.407,-244.76294,0.78173,994,123,,-0.288,0.434,0
113,House,21360,49,14,TX,200,R,0,1,"WEBER, Randy",W000814,1953,,0.722,0.025,-141.63329,0.86976,1015,66,,0.786,0.338,0
113,House,21364,49,25,TX,200,R,0,1,"WILLIAMS, Roger",W000816,1949,,0.595,0.057,-85.37038,0.91666,981,27,,0.596,0.153,0
113,House,21180,54,6,TN,200,R,0,1,"BLACK, Diane",B001273,1951,,0.58,0.219,-87.1063,0.91713,1007,27,,0.557,0.195,0
113,House,20351,54,7,TN,200,R,0,1,"BLACKBURN, Marsha",B001243,1952,,0.632,0.14,-93.99683,0.91088,1007,34,,0.59,0.371,0
113,House,20748,54,9,TN,100,D,0,1,"COHEN, Stephen",C001068,1949,,-0.39,-0.293,-135.38812,0.87361,1002,64,,-0.436,-0.309,0
113,House,15019,54,5,TN,100,D,0,1,"COOPER, James Hayes Shofner",C000754,1954,,-0.164,-0.033,-397.61537,0.67352,1006,159,,-0.216,-0.039,1
113,House,21179,54,4,TN,200,R,0,1,"DESJARLAIS, Scott",D000616,1964,,0.579,-0.051,-127.2832,0.8673,894,45,,0.637,-0.22,0
113,House,15455,54,2,TN,200,R,0,1,"DUNCAN, John J., Jr.",D000533,1947,,0.604,-0.476,-362.81696,0.69921,1014,134,,0.644,-0.765,0
113,House,21181,54,8,TN,200,R,0,1,"FINCHER, Stephen Lee",F000458,1973,,0.526,0.181,-118.39695,0.886,978,48,,0.553,0.174,0
113,House,21178,54,3,TN,200,R,0,1,"FLEISCHMANN, Chuck",F000459,1962,,0.432,0.392,-109.63903,0.89761,1015,47,,0.488,0.162,0
113,House,20947,54,1,TN,200,R,0,1,"ROE, David P. (Phil)",R000582,1945,,0.486,0.024,-117.20282,0.89085,1014,57,,0.493,0.057,0
113,House,21177,37,1,SD,200,R,0,1,"NOEM, Kristi",N000184,1971,,0.398,0.326,-100.91655,0.90148,973,44,,0.377,0.425,1
113,House,39301,48,6,SC,100,D,0,1,"CLYBURN, James Enos",C000537,1940,,-0.466,0.246,-141.77101,0.86402,970,68,,-0.439,0.259,0
113,House,21174,48,3,SC,200,R,0,1,"DUNCAN, Jeff",D000615,1966,,0.695,-0.095,-139.28278,0.87236,1020,65,,0.815,-0.21,0
113,House,21175,48,4,SC,200,R,0,1,"GOWDY, Trey",G000566,1964,,0.655,-0.002,-108.4991,0.89795,1008,45,,0.669,-0.138,0
113,House,21176,48,5,SC,200,R,0,1,"MULVANEY, Mick",M001182,1967,,0.75,-0.592,-148.33524,0.8598,982,81,,0.719,-0.514,0
113,House,21359,48,7,SC,200,R,0,1,"RICE, Tom",R000597,1957,,0.558,-0.217,-144.1216,0.86591,1001,57,,0.617,-0.232,0
113,House,29565,48,1,SC,200,R,1,1,"SANFORD, Mark",S000051,1960,,0.686,-0.728,-204.51554,0.79693,901,109,,0.686,-0.727,0
113,House,20138,48,2,SC,200,R,0,1,"WILSON, Addison Graves (Joe)",W000795,1947,,0.53,0.16,-97.29028,0.90667,993,43,,0.573,0.396,1
113,House,21172,5,1,RI,100,D,0,1,"CICILLINE, David N.",C001084,1961,,-0.389,-0.262,-86.74766,0.91651,995,32,,-0.407,-0.323,0
113,House,20136,5,2,RI,100,D,0,1,"LANGEVIN, James",L000559,1964,,-0.375,0.114,-128.53795,0.87961,1002,65,,-0.39,0.084,1
113,House,21171,14,11,PA,200,R,0,1,"BARLETTA, Lou",B001269,1956,,0.278,0.393,-96.98366,0.90731,997,38,,0.272,0.338,0
113,House,29777,14,1,PA,100,D,0,1,"BRADY, Robert A.",B001227,1945,,-0.484,0.225,-127.00079,0.88184,1010,65,,-0.495,0.123,1
113,House,21358,14,17,PA,100,D,0,1,"CARTWRIGHT, Matt",C001090,1961,,-0.344,0.042,-152.22743,0.8606,1014,64,,-0.434,0.001,0
113,House,20526,14,15,PA,200,R,0,1,"DENT, Charles W.",D000604,1960,,0.244,-0.085,-178.7082,0.83871,1016,74,,0.242,0.097,0
113,House,29561,14,14,PA,100,D,0,1,"DOYLE, Michael F.",D000482,1953,,-0.331,0.099,-177.09177,0.83328,971,74,,-0.435,-0.084,0
113,House,29559,14,2,PA,100,D,0,1,"FATTAH, Chaka",F000043,1956,,-0.472,-0.054,-118.81114,0.886,978,50,,-0.443,-0.022,0
113,House,20524,14,8,PA,200,R,0,1,"FITZPATRICK, Michael G.",F000451,1963,2020,0.202,-0.186,-273.85196,0.76,999,124,,0.196,-0.169,0
113,House,20345,14,6,PA,200,R,0,1,"GERLACH, Jim",G000549,1955,,0.221,-0.107,-175.44856,0.84,1004,69,,0.233,0.205,0
113,House,21167,14,3,PA,200,R,0,1,"KELLY, Mike",K000376,1948,,0.377,0.396,-89.88535,0.91549,1018,33,,0.338,0.521,0
113,House,21170,14,10,PA,200,R,0,1,"MARINO, Thomas A.",M001179,1952,,0.352,0.477,-113.31264,0.89437,1015,44,,0.333,0.355,0
113,House,21168,14,7,PA,200,R,0,1,"MEEHAN, Patrick",M001181,1955,,0.22,0.076,-161.32409,0.85305,1015,63,,0.243,0.152,0
113,House,20346,14,18,PA,200,R,0,1,"MURPHY, Timothy",M001151,1952,,0.258,0.198,-148.88719,0.86256,1007,60,,0.367,0.19,0
113,House,21356,14,4,PA,200,R,0,1,"PERRY, Scott",P000605,1962,,0.683,-0.483,-170.21159,0.84575,1016,72,,0.601,-0.072,0
113,House,29752,14,16,PA,200,R,0,1,"PITTS, Joseph R.",P000373,1939,,0.538,0.012,-121.47557,0.886,1003,53,,0.548,-0.062,0
113,House,21357,14,12,PA,200,R,0,1,"ROTHFUS, Keith",R000598,1962,,0.498,0.044,-118.98768,0.88989,1020,49,,0.464,0.171,0
113,House,20525,14,13,PA,100,D,0,1,"SCHWARTZ, Allyson Y.",S001162,1948,,-0.343,-0.008,-105.45561,0.884,859,38,,-0.386,0.035,0
113,House,20134,14,9,PA,200,R,0,1,"SHUSTER, William (Bill)",S001154,1961,,0.374,0.323,-126.08655,0.87893,977,57,,0.39,0.122,1
113,House,20946,14,5,PA,200,R,0,1,"THOMPSON, Glenn",T000467,1959,,0.335,0.334,-149.09422,0.86213,1005,66,,0.276,0.394,0
113,House,29588,72,3,OR,100,D,0,1,"BLUMENAUER, Earl",B000574,1948,,-0.426,-0.626,-113.22757,0.8895,967,44,,-0.432,-0.552,0
113,House,21198,72,1,OR,100,D,0,1,"BONAMICI, Suzanne",B001278,1954,,-0.399,-0.417,-90.22075,0.91527,1019,35,,-0.392,-0.347,0
113,House,15410,72,4,OR,100,D,0,1,"DeFAZIO, Peter Anthony",D000191,1947,,-0.427,-0.002,-206.55288,0.81322,999,105,,-0.354,-0.309,0
113,House,20944,72,5,OR,100,D,0,1,"SCHRADER, Kurt",S001180,1951,,-0.182,0.054,-418.94428,0.65939,1006,191,,-0.188,0.032,0
113,House,29932,72,2,OR,200,R,0,1,"WALDEN, Greg",W000791,1957,,0.333,-0.011,-125.88725,0.8827,1009,59,,0.344,0.121,0
113,House,21354,53,1,OK,200,R,0,1,"BRIDENSTINE, Jim",B001283,1975,,0.689,-0.157,-166.63912,0.84873,1016,65,,0.746,-0.171,1
113,House,20344,53,4,OK,200,R,0,1,"COLE, Tom",C001053,1949,,0.323,0.412,-101.18195,0.902,981,38,,0.287,0.404,0
113,House,21166,53,5,OK,200,R,0,1,"LANKFORD, James",L000575,1968,,0.591,0.148,-111.39344,0.88631,923,41,,0.593,0.246,0
113,House,29393,53,3,OK,200,R,0,1,"LUCAS, Frank D.",L000491,1960,,0.361,0.452,-105.72148,0.90052,1009,43,,0.322,0.539,0
113,House,21355,53,2,OK,200,R,0,1,"MULLIN, Markwayne",M001190,1977,,0.534,0.248,-122.00475,0.88493,998,49,,0.523,0.423,0
113,House,21352,24,3,OH,100,D,0,1,"BEATTY, Joyce",B001281,1950,,-0.436,0.016,-103.08746,0.90279,1008,38,,-0.446,0.047,0
113,House,29137,24,8,OH,200,R,0,1,"BOEHNER, John Andrew",B000589,1949,,0.513,0.04,-6.4221,0.781,26,2,,0.231,0.703,0
113,House,29550,24,1,OH,200,R,0,1,"CHABOT, Steve",C000266,1953,,0.542,-0.137,-112.93948,0.89518,1020,42,,0.645,0.076,0
113,House,20941,24,11,OH,100,D,0,1,"FUDGE, Marcia L.",F000455,1952,,-0.581,0.14,-133.95228,0.87176,976,64,,-0.571,0.154,0
113,House,21165,24,7,OH,200,R,0,1,"GIBBS, Bob",G000563,1954,,0.484,0.284,-105.06789,0.90157,1014,45,,0.427,0.191,0
113,House,21162,24,6,OH,200,R,0,1,"JOHNSON, Bill",J000292,1954,,0.436,0.235,-137.82982,0.8736,1020,79,,0.464,0.249,0
113,House,20738,24,4,OH,200,R,0,1,"JORDAN, Jim",J000289,1964,,0.713,-0.183,-138.01377,0.87298,1016,77,,0.747,-0.166,0
113,House,21353,24,14,OH,200,R,0,1,"JOYCE, David",J000295,1957,,0.252,0.315,-157.59449,0.85487,1005,71,,0.246,0.23,0
113,House,15029,24,9,OH,100,D,0,1,"KAPTUR, Marcia Carolyn (Marcy)",K000009,1946,,-0.343,0.133,-184.5321,0.82963,988,68,,-0.403,0.128,0
113,House,20755,24,5,OH,200,R,0,1,"LATTA, Robert E.",L000566,1956,,0.509,0.285,-85.89881,0.91916,1019,35,,0.522,0.279,0
113,House,21164,24,16,OH,200,R,0,1,"RENACCI, Jim",R000586,1958,,0.387,0.143,-145.07042,0.8673,1019,87,,0.345,0.343,0
113,House,20343,24,13,OH,100,D,0,1,"RYAN, Timothy J.",R000577,1973,,-0.402,0.208,-201.12073,0.81169,964,99,,-0.384,0.168,0
113,House,21163,24,15,OH,200,R,0,1,"STIVERS, Steve",S001187,1965,,0.3,0.269,-154.19314,0.85618,993,79,,0.331,0.21,0
113,House,20130,24,12,OH,200,R,0,1,"TIBERI, Patrick (Pat)",T000462,1962,,0.386,-0.026,-154.31114,0.85753,1004,82,,0.406,0.012,0
113,House,20342,24,10,OH,200,R,0,1,"TURNER, Michael R.",T000463,1960,,0.266,0.254,-134.53437,0.8762,1018,67,,0.253,0.421,1
113,House,21351,24,2,OH,200,R,0,1,"WENSTRUP, Brad",W000815,1958,,0.527,0.289,-107.72948,0.89873,1009,48,,0.557,0.238,1
113,House,20338,13,1,NY,100,D,0,1,"BISHOP, Timothy H.",B001242,1950,,-0.338,-0.05,-167.87917,0.848,1017,87,,-0.339,0.015,0
113,House,20733,13,9,NY,100,D,0,1,"CLARKE, Yvette Diane",C001067,1964,,-0.607,-0.259,-109.78381,0.89423,982,61,,-0.598,-0.136,0
113,House,21345,13,27,NY,200,R,0,1,"COLLINS, Chris",C001092,1950,,0.357,0.236,-108.99126,0.89654,998,50,,0.383,0.168,0
113,House,29925,13,14,NY,100,D,0,1,"CROWLEY, Joseph",C001038,1962,,-0.412,-0.07,-125.39407,0.88137,993,69,,-0.471,-0.025,0
113,House,15603,13,16,NY,100,D,0,1,"ENGEL, Eliot Lance",E000179,1947,,-0.408,-0.093,-124.6303,0.88115,985,52,,-0.404,0.014,0
113,House,21156,13,19,NY,200,R,0,1,"GIBSON, Christopher",G000564,1964,,0.203,-0.455,-422.41261,0.658,1011,225,,0.186,-0.572,1
113,House,21154,13,11,NY,200,R,0,1,"GRIMM, Michael G.",G000569,1970,,0.219,0.136,-188.92828,0.821,956,71,,0.198,0.109,0
113,House,21157,13,22,NY,200,R,0,1,"HANNA, Richard",H001051,1951,2020,0.215,-0.145,-239.02447,0.777,947,109,,0.238,-0.194,0
113,House,20519,13,26,NY,100,D,0,1,"HIGGINS, Brian",H001038,1959,,-0.348,-0.032,-117.4662,0.88639,974,45,,-0.384,-0.128,0
113,House,20129,13,3,NY,100,D,0,1,"ISRAEL, Steve",I000057,1958,,-0.334,-0.051,-157.31762,0.855,1006,85,,-0.382,0.079,0
113,House,21343,13,8,NY,100,D,0,1,"JEFFRIES, Hakeem",J000294,1970,,-0.487,-0.065,-109.62603,0.89568,995,56,,-0.488,-0.077,0
113,House,29375,13,2,NY,200,R,0,1,"KING, Peter T.",K000210,1944,,0.259,-0.03,-192.54979,0.8258,1006,77,,0.201,0.087,0
113,House,15612,13,17,NY,100,D,0,1,"LOWEY, Nita M.",L000480,1937,2025,-0.389,-0.152,-126.5982,0.88263,1014,55,,-0.375,0,0
113,House,20935,13,24,NY,100,D,0,1,"MAFFEI, Daniel B.",M001171,1968,,-0.19,-0.062,-379.379,0.689,1017,195,,-0.148,-0.176,1
113,House,29379,13,12,NY,100,D,0,1,"MALONEY, Carolyn Bosher",M000087,1946,,-0.387,-0.285,-127.01093,0.87879,983,64,,-0.368,-0.184,0
113,House,21344,13,18,NY,100,D,0,1,"MALONEY, Sean Patrick",M001185,1966,,-0.239,0.114,-254.76079,0.77783,1014,131,,-0.197,0.07,0
113,House,29744,13,4,NY,100,D,0,1,"McCARTHY, Carolyn",M000309,1944,,-0.294,-0.04,-72.89409,0.841,420,27,,-0.313,0.145,0
113,House,29776,13,5,NY,100,D,0,1,"MEEKS, Gregory W.",M001137,1953,,-0.416,-0.063,-127.24313,0.8761,962,53,,-0.435,0.021,0
113,House,21342,13,6,NY,100,D,0,1,"MENG, Grace",M001188,1975,,-0.37,-0.206,-123.3389,0.88174,980,51,,-0.381,-0.133,0
113,House,29377,13,10,NY,100,D,0,1,"NADLER, Jerrold Lewis",N000002,1947,,-0.507,-0.478,-82.9417,0.92002,995,30,,-0.515,-0.422,0
113,House,20957,13,21,NY,100,D,0,1,"OWENS, William",O000169,1949,,-0.182,0.409,-329.16526,0.714,976,142,,-0.157,0.278,0
113,House,13035,13,13,NY,100,D,0,1,"RANGEL, Charles B.",R000053,1930,,-0.514,-0.341,-127.33971,0.86,845,43,,-0.413,-0.21,0
113,House,21101,13,23,NY,200,R,0,1,"REED, Thomas W. II",R000585,1971,,0.269,0.12,-175.63151,0.83623,982,84,,0.26,0.141,0
113,House,29134,13,15,NY,100,D,0,1,"SERRANO, Jos√© E.",S000248,1943,,-0.491,-0.377,-81.68718,0.92156,1000,28,,-0.515,-0.43,0
113,House,15444,13,25,NY,100,D,0,1,"SLAUGHTER, Louise McIntosh",S000480,1929,2018,-0.465,-0.104,-154.59805,0.84685,930,78,,-0.455,-0.126,0
113,House,20934,13,20,NY,100,D,0,1,"TONKO, Paul",T000469,1949,,-0.416,-0.261,-111.73633,0.89615,1019,36,,-0.426,-0.263,0
113,House,29378,13,7,NY,100,D,0,1,"VEL√ÅZQUEZ, Nydia M.",V000081,1953,,-0.547,-0.367,-108.95451,0.89437,976,56,,-0.575,-0.253,0
113,House,21196,65,2,NV,200,R,0,1,"AMODEI, Mark E.",A000369,1958,,0.384,0.208,-142.58757,0.85939,941,54,,0.397,0.1,0
113,House,21151,65,3,NV,200,R,0,1,"HECK, Joe",H001055,1961,,0.324,0.014,-243.48633,0.786,1013,114,,0.325,-0.156,1
113,House,21339,65,4,NV,100,D,0,1,"HORSFORD, Steven",H001066,1973,,-0.32,0.15,-129.34672,0.862,871,53,,-0.348,0.043,0
113,House,20927,65,1,NV,100,D,0,1,"TITUS, Alice (Dina)",T000468,1950,,-0.298,-0.165,-146.42472,0.86566,1015,53,,-0.336,-0.115,0
113,House,20932,66,3,NM,100,D,0,1,"LUJ√ÅN, Ben Ray",L000570,1972,,-0.376,0.026,-162.20898,0.85177,1011,63,,-0.382,0.064,0
113,House,21341,66,1,NM,100,D,0,1,"LUJAN GRISHAM, Michelle",L000580,1959,,-0.313,0.047,-178.32816,0.8347,987,73,,-0.321,0.087,0
113,House,20337,66,2,NM,200,R,0,1,"PEARCE, Stevan",P000588,1947,,0.472,0.064,-171.30267,0.84328,1005,89,,0.441,0.18,0
113,House,29132,12,1,NJ,100,D,1,1,"ANDREWS, Robert Ernest",A000210,1957,,-0.297,-0.119,-133.82281,0.793,576,68,,-0.413,0.093,1
113,House,29541,12,11,NJ,200,R,0,1,"FRELINGHUYSEN, Rodney P.",F000372,1946,,0.292,-0.262,-181.83218,0.83539,1011,64,,0.258,0.073,0
113,House,20336,12,5,NJ,200,R,0,1,"GARRETT, Scott",G000548,1959,,0.688,-0.243,-168.38179,0.847,1012,72,,0.671,-0.306,0
113,House,29923,12,12,NJ,100,D,0,1,"HOLT, Rush",H001032,1948,,-0.463,-0.33,-91.06856,0.902,883,36,,-0.573,-0.633,0
113,House,20929,12,7,NJ,200,R,0,1,"LANCE, Leonard",L000567,1952,,0.329,-0.237,-220.38397,0.80586,1021,110,,0.375,-0.287,0
113,House,29539,12,2,NJ,200,R,0,1,"LoBIONDO, Frank A.",L000554,1946,,0.211,-0.224,-247.98124,0.7838,1018,116,,0.22,-0.215,1
113,House,21536,12,1,NJ,100,D,2,2,"NORCROSS, Donald",N000188,1958,,-0.418,0.338,-3.60904,0.89929,34,2,,-0.535,0.83,0
113,House,15454,12,6,NJ,100,D,0,1,"PALLONE, Frank, Jr.",P000034,1951,,-0.402,-0.161,-113.22992,0.88708,945,66,,-0.567,-0.262,0
113,House,29741,12,9,NJ,100,D,0,1,"PASCRELL, William J., Jr.",P000096,1937,2024,-0.369,-0.004,-110.89668,0.89503,1000,41,,-0.401,-0.102,0
113,House,31103,12,10,NJ,100,D,0,1,"PAYNE, Donald, Jr.",P000604,1958,2024,-0.52,-0.096,-112.59247,0.8927,992,50,,-0.484,-0.231,0
113,House,21153,12,3,NJ,200,R,0,1,"RUNYAN, Jon",R000594,1973,,0.222,0.089,-160.80751,0.846,963,61,,0.214,0.014,1
113,House,20542,12,8,NJ,100,D,0,1,"SIRES, Albio",S001165,1951,,-0.404,0.098,-131.00006,0.87194,956,62,,-0.434,0.037,0
113,House,14863,12,4,NJ,200,R,0,1,"SMITH, Christopher Henry",S000522,1953,,0.181,-0.172,-197.18452,0.82071,998,68,,0.252,-0.213,0
113,House,21340,4,2,NH,100,D,0,1,"KUSTER, Ann McLane",K000382,1956,,-0.264,-0.086,-150.39043,0.86203,1013,63,,-0.261,-0.138,0
113,House,20731,4,1,NH,100,D,0,1,"SHEA-PORTER, Carol",S001170,1952,,-0.315,-0.131,-145.64,0.86294,988,58,,-0.303,-0.146,1
113,House,20518,35,1,NE,200,R,0,1,"FORTENBERRY, Jeff",F000449,1960,,0.304,-0.061,-152.07495,0.85761,990,59,,0.262,0.126,0
113,House,20729,35,3,NE,200,R,0,1,"SMITH, Adrian",S001172,1970,,0.511,0.252,-89.29702,0.91546,1011,30,,0.492,0.39,0
113,House,29921,35,2,NE,200,R,0,1,"TERRY, Lee Raymond",T000459,1962,,0.426,-0.067,-181.53878,0.836,1015,94,,0.4,-0.051,0
113,House,21350,36,1,ND,200,R,0,1,"CRAMER, Kevin",C001096,1961,,0.397,0.371,-109.01216,0.89391,972,46,,0.35,0.356,0
113,House,21545,47,12,NC,100,D,2,2,"ADAMS, Alma",A000370,1946,,-0.461,-0.006,-2.63095,0.92337,33,2,,-0.442,0.128,0
113,House,20340,47,1,NC,100,D,0,1,"BUTTERFIELD, George Kenneth, Jr. (G.K.)",B001251,1947,,-0.404,0.184,-143.63033,0.86508,991,58,,-0.422,0.237,0
113,House,15092,47,6,NC,200,R,0,1,"COBLE, Howard",C000556,1931,2015,0.52,-0.081,-100.27951,0.891,868,34,,0.484,0.11,0
113,House,21159,47,2,NC,200,R,0,1,"ELLMERS, Renee",E000291,1964,,0.406,0.338,-116.3935,0.892,1015,41,,0.379,0.282,0
113,House,20521,47,5,NC,200,R,0,1,"FOXX, Virginia Ann",F000450,1943,,0.623,0.174,-144.43543,0.86784,1019,81,,0.666,0.182,0
113,House,21349,47,13,NC,200,R,0,1,"HOLDING, George E.B.",H001065,1968,,0.604,0.165,-112.253,0.89501,1012,56,,0.668,0.193,0
113,House,21346,47,8,NC,200,R,0,1,"HUDSON, Richard",H001067,1971,,0.523,0.212,-155.48077,0.8568,1006,77,,0.699,0.269,0
113,House,29546,47,3,NC,200,R,0,1,"JONES, Walter Beaman, Jr.",J000255,1943,2019,0.244,-0.362,-939.25775,0.36856,941,334,,0.31,-0.951,1
113,House,20522,47,10,NC,200,R,0,1,"McHENRY, Patrick T.",M001156,1975,,0.524,0.156,-97.89714,0.90603,992,34,,0.551,0.108,0
113,House,29746,47,7,NC,100,D,0,1,"McINTYRE, Mike",M000485,1956,,-0.148,0.56,-389.42024,0.671,977,185,,-0.084,0.299,1
113,House,21348,47,11,NC,200,R,0,1,"MEADOWS, Mark",M001187,1959,,0.605,-0.201,-125.57278,0.88298,1009,52,,0.622,-0.108,0
113,House,21347,47,9,NC,200,R,0,1,"PITTENGER, Robert",P000606,1948,,0.561,0.333,-111.23563,0.89332,986,58,,0.582,0.307,0
113,House,15438,47,4,NC,100,D,0,1,"PRICE, David Eugene",P000523,1940,,-0.343,-0.03,-126.76732,0.88302,1019,46,,-0.412,0.011,0
113,House,29383,47,12,NC,100,D,1,1,"WATT, Melvin L.",W000207,1945,,-0.526,-0.155,-76.80809,0.862,518,37,,-0.451,-0.142,0
113,House,21338,64,1,MT,200,R,0,1,"DAINES, Steve",D000618,1962,,0.591,-0.034,-144.39765,0.86703,1012,61,,0.485,-0.107,0
113,House,20925,46,3,MS,200,R,0,1,"HARPER, Gregg",H001045,1956,,0.384,0.48,-107.54588,0.89832,1003,47,,0.326,0.461,0
113,House,21147,46,1,MS,200,R,0,1,"NUNNELEE, Alan",N000186,1958,2015,0.488,0.574,-65.56397,0.919,776,26,,0.468,0.477,0
113,House,21148,46,4,MS,200,R,0,1,"PALAZZO, Steven",P000601,1970,,0.535,0.45,-112.18414,0.89004,963,45,,0.601,0.437,1
113,House,29368,46,2,MS,100,D,0,1,"THOMPSON, Bennie",T000193,1948,,-0.519,0.391,-156.29115,0.85314,984,84,,-0.494,0.287,0
113,House,20147,34,1,MO,100,D,0,1,"CLAY, William Lacy, Jr.",C001049,1956,,-0.481,-0.078,-136.49433,0.86669,954,57,,-0.419,-0.074,0
113,House,20517,34,5,MO,100,D,0,1,"CLEAVER, Emanuel, II",C001061,1944,,-0.452,-0.001,-122.75283,0.8742,913,50,,-0.414,0.028,0
113,House,29736,34,8,MO,200,R,1,1,"EMERSON, Jo Ann",E000172,1950,,0.269,0.274,,,,,,0.324,0.347,0
113,House,20124,34,6,MO,200,R,0,1,"GRAVES, Samuel",G000546,1963,,0.448,0.164,-143.56038,0.86217,968,68,,0.46,0.304,0
113,House,21149,34,4,MO,200,R,0,1,"HARTZLER, Vicky",H001053,1960,,0.478,0.229,-104.40863,0.89775,968,51,,0.459,0.635,1
113,House,21150,34,7,MO,200,R,0,1,"LONG, Billy",L000576,1955,,0.544,0.244,-101.17947,0.90565,1021,34,,0.559,0.413,0
113,House,20926,34,3,MO,200,R,0,1,"LUETKEMEYER, Blaine",L000569,1952,,0.45,0.247,-105.20363,0.90173,1017,37,,0.423,0.274,0
113,House,21373,34,8,MO,200,R,2,2,"SMITH, Jason",S001195,1980,,0.577,0.212,-80.88668,0.91083,866,36,,0.595,0.214,0
113,House,21337,34,2,MO,200,R,0,1,"WAGNER, Ann",W000812,1962,,0.39,0.297,-95.54623,0.90853,996,38,,0.463,0.19,0
113,House,20728,33,6,MN,200,R,0,1,"BACHMANN, Michele",B001256,1956,,0.584,-0.03,-156.06765,0.848,947,50,,0.581,-0.157,0
113,House,20727,33,5,MN,100,D,0,1,"ELLISON, Keith",E000288,1963,,-0.537,-0.58,-111.17413,0.89265,979,39,,-0.526,-0.523,0
113,House,20333,33,2,MN,200,R,0,1,"KLINE, John",K000363,1947,,0.49,0.154,-104.41383,0.903,1019,47,,0.446,0.247,1
113,House,20122,33,4,MN,100,D,0,1,"McCOLLUM, Betty",M001143,1954,,-0.419,-0.184,-161.07773,0.85012,992,61,,-0.361,-0.147,0
113,House,14263,33,8,MN,100,D,0,1,"NOLAN, Richard Michael",N000127,1943,2024,-0.372,-0.372,-247.98863,0.77998,998,111,,-0.326,-0.132,0
113,House,20924,33,3,MN,200,R,0,1,"PAULSEN, Erik",P000594,1965,,0.402,-0.191,-178.61738,0.83893,1017,89,,0.496,-0.277,0
113,House,29127,33,7,MN,100,D,0,1,"PETERSON, Collin Clark",P000258,1944,,-0.148,0.712,-418.93384,0.66237,1017,191,,-0.145,0.618,0
113,House,20726,33,1,MN,100,D,0,1,"WALZ, Tim",W000799,1964,,-0.275,0.131,-250.32177,0.77777,996,106,,-0.254,0.023,0
113,House,21143,23,3,MI,200,R,0,1,"AMASH, Justin",A000367,1980,,0.654,-0.757,-347.46016,0.71083,1018,192,,0.879,-0.477,0
113,House,21141,23,1,MI,200,R,0,1,"BENISHEK, Dan",B001271,1952,2021,0.491,-0.15,-191.03716,0.825,990,104,,0.456,-0.177,0
113,House,21336,23,11,MI,200,R,0,1,"BENTIVOLIO, Kerry",B001280,1951,,0.723,-0.319,-160.05553,0.855,1018,75,,0.722,-0.346,0
113,House,29124,23,4,MI,200,R,0,1,"CAMP, David Lee",C000071,1953,,0.385,-0.048,-107.62213,0.898,1005,28,,0.405,0.071,0
113,House,10713,23,13,MI,100,D,0,1,"CONYERS, John, Jr.",C000714,1929,2019,-0.658,-0.512,-116.69178,0.88828,985,52,,-0.515,-0.482,0
113,House,2605,23,12,MI,100,D,0,1,"DINGELL, John David, Jr.",D000355,1926,2019,-0.448,0.313,-153.74356,0.848,933,62,,-0.405,0.102,0
113,House,21142,23,2,MI,200,R,0,1,"HUIZENGA, Bill",H001058,1969,,0.533,0.044,-134.01481,0.87631,1015,63,,0.652,0.053,0
113,House,21372,23,5,MI,100,D,0,1,"KILDEE, Dan",K000380,1958,,-0.359,-0.183,-119.77606,0.889,1018,45,,-0.41,-0.089,0
113,House,15033,23,9,MI,100,D,0,1,"LEVIN, Sander Martin",L000263,1931,,-0.379,-0.091,-143.30644,0.86869,1018,62,,-0.419,0.002,0
113,House,20331,23,10,MI,200,R,0,1,"MILLER, Candice S.",M001150,1954,,0.343,-0.001,-151.47621,0.862,1020,69,,0.487,0.053,0
113,House,20923,23,14,MI,100,D,0,1,"PETERS, Gary C.",P000595,1958,,-0.248,-0.186,-254.91691,0.77399,995,128,,-0.226,-0.082,0
113,House,20120,23,8,MI,200,R,0,1,"ROGERS, Mike",R000572,1963,,0.4,0.098,-102.83054,0.898,954,47,,0.383,0.297,0
113,House,15446,23,6,MI,200,R,0,1,"UPTON, Frederick Stephen",U000031,1953,,0.32,-0.355,-163.57005,0.84925,1001,61,,0.397,-0.181,0
113,House,20725,23,7,MI,200,R,0,1,"WALBERG, Tim",W000798,1951,,0.499,0.159,-129.50028,0.87933,1007,60,,0.563,0.159,0
113,House,20328,2,2,ME,100,D,0,1,"MICHAUD, Michael H.",M001149,1955,,-0.283,-0.071,-197.72735,0.823,1017,78,,-0.291,-0.179,0
113,House,20920,2,1,ME,100,D,0,1,"PINGREE, Chellie",P000597,1955,,-0.423,-0.367,-108.45505,0.89673,995,36,,-0.43,-0.49,0
113,House,29587,52,7,MD,100,D,0,1,"CUMMINGS, Elijah Eugene",C000984,1951,2019,-0.438,-0.148,-105.17372,0.90045,1003,47,,-0.479,-0.107,0
113,House,21334,52,6,MD,100,D,0,1,"DELANEY, John",D000620,1963,,-0.276,0.041,-181.93895,0.83304,996,72,,-0.285,0.008,0
113,House,20763,52,4,MD,100,D,0,1,"EDWARDS, Donna F.",E000290,1958,,-0.562,-0.294,-91.09961,0.911,983,43,,-0.6,-0.42,0
113,House,21139,52,1,MD,200,R,0,1,"HARRIS, Andy",H001052,1957,,0.673,-0.375,-161.52987,0.85247,1012,65,,0.611,-0.105,0
113,House,14873,52,5,MD,100,D,0,1,"HOYER, Steny Hamilton",H000874,1939,,-0.381,0.122,-150.77819,0.8559,969,75,,-0.427,0.219,0
113,House,20329,52,2,MD,100,D,0,1,"RUPPERSBERGER, C. A. (Dutch)",R000576,1946,,-0.299,0.12,-171.10842,0.83874,973,66,,-0.32,0.177,0
113,House,20724,52,3,MD,100,D,0,1,"SARBANES, John",S001168,1962,,-0.466,-0.078,-114.02705,0.89203,998,61,,-0.524,-0.081,0
113,House,20330,52,8,MD,100,D,0,1,"VAN HOLLEN, Christopher",V000128,1959,,-0.396,-0.222,-113.58474,0.89363,1010,46,,-0.448,-0.097,0
113,House,29919,3,7,MA,100,D,0,1,"CAPUANO, Michael Everett",C001037,1952,,-0.58,-0.082,-132.86972,0.87174,968,57,,-0.525,-0.229,0
113,House,21375,3,5,MA,100,D,2,2,"CLARK, Katherine M.",C001101,1963,,-0.483,-0.268,-30.39336,0.93738,470,12,,-0.495,-0.441,0
113,House,21140,3,9,MA,100,D,0,1,"KEATING, William R.",K000375,1952,,-0.329,-0.099,-164.7509,0.84782,998,75,,-0.322,-0.227,0
113,House,21335,3,4,MA,100,D,0,1,"KENNEDY, Joseph P. III",K000379,1980,,-0.421,-0.206,-113.48796,0.89372,1010,36,,-0.438,-0.114,0
113,House,20119,3,8,MA,100,D,0,1,"LYNCH, Stephen F.",L000562,1955,,-0.344,0.049,-201.37939,0.80808,945,94,,-0.316,-0.17,0
113,House,14435,3,5,MA,100,D,0,1,"MARKEY, Edward John",M000133,1946,,-0.516,-0.469,-22.908,0.84393,135,10,,-0.481,-0.877,0
113,House,29729,3,2,MA,100,D,0,1,"McGOVERN, James P.",M000312,1959,,-0.538,-0.341,-90.50456,0.91355,1001,56,,-0.666,-0.302,0
113,House,15616,3,1,MA,100,D,0,1,"NEAL, Richard Edmund",N000015,1949,,-0.417,-0.106,-108.89177,0.8936,968,59,,-0.435,-0.154,0
113,House,29730,3,6,MA,100,D,0,1,"TIERNEY, John F.",T000266,1951,,-0.488,-0.433,-143.61142,0.866,998,50,,-0.366,-0.617,0
113,House,20754,3,3,MA,100,D,0,1,"TSONGAS, Nicola S. (Niki)",T000465,1946,,-0.396,-0.199,-118.9719,0.88644,987,46,,-0.422,-0.148,1
113,House,90327,45,5,LA,200,R,1,1,"ALEXANDER, Rodney",A000361,1946,,0.331,0.408,-54.30771,0.875,405,16,,0.277,0.448,0
113,House,20514,45,3,LA,200,R,0,1,"BOUSTANY, Charles W.",B001255,1956,,0.392,0.308,-108.11591,0.899,1016,37,,0.397,0.56,0
113,House,20919,45,6,LA,200,R,0,1,"CASSIDY, Bill",C001075,1957,,0.463,-0.046,-140.47628,0.86633,979,53,,0.43,-0.033,0
113,House,20918,45,4,LA,200,R,0,1,"FLEMING, John",F000456,1951,,0.59,0.022,-128.97618,0.881,1021,62,,0.667,0.185,1
113,House,21374,45,5,LA,200,R,2,2,"McALLISTER, Vance M.",M001192,1974,,0.393,0.399,-59.93011,0.88,469,18,,0.399,0.27,0
113,House,21137,45,2,LA,100,D,0,1,"RICHMOND, Cedric",R000588,1973,,-0.486,0.332,-175.21208,0.82002,883,79,,-0.415,0.304,0
113,House,20759,45,1,LA,200,R,0,1,"SCALISE, Steve",S001176,1965,,0.558,0.168,-90.955,0.91347,1005,31,,0.604,0.14,0
113,House,21333,51,6,KY,200,R,0,1,"BARR, Garland H. (Andy) IV",B001282,1973,,0.486,0.3,-119.13794,0.88935,1016,59,,0.45,0.235,0
113,House,20916,51,2,KY,200,R,0,1,"GUTHRIE, Brett",G000558,1964,,0.428,0.269,-104.54789,0.90194,1013,47,,0.426,0.203,0
113,House,31102,51,4,KY,200,R,0,1,"MASSIE, Thomas",M001184,1971,,0.678,-0.735,-334.16521,0.72018,1018,149,,0.986,-0.166,0
113,House,14854,51,5,KY,200,R,0,1,"ROGERS, Harold Dallas (Hal)",R000395,1937,,0.333,0.152,-98.201,0.90566,991,36,,0.282,0.512,0
113,House,29525,51,1,KY,200,R,0,1,"WHITFIELD, Wayne Edward (Ed)",W000413,1943,,0.303,0.182,-143.68819,0.864,983,57,,0.329,0.168,0
113,House,20723,51,3,KY,100,D,0,1,"YARMUTH, John",Y000062,1947,,-0.378,-0.275,-117.44796,0.8876,985,44,,-0.407,-0.195,0
113,House,21134,32,1,KS,200,R,0,1,"HUELSKAMP, Tim",H001057,1968,,0.744,-0.466,-200.51034,0.819,1004,88,,0.821,0.003,0
113,House,20915,32,2,KS,200,R,0,1,"JENKINS, Lynn",J000290,1963,,0.523,0.004,-152.61619,0.86091,1019,78,,0.537,0.094,0
113,House,21136,32,4,KS,200,R,0,1,"POMPEO, Mike",P000602,1963,,0.66,0.164,-90.16382,0.90946,950,31,,0.643,0.194,0
113,House,21135,32,3,KS,200,R,0,1,"YODER, Kevin",Y000063,1976,,0.558,0.03,-139.36105,0.87159,1014,69,,0.55,0.065,0
113,House,21331,22,5,IN,200,R,0,1,"BROOKS, Susan",B001284,1960,,0.352,0.217,-99.73199,0.9065,1016,47,,0.403,0.355,0
113,House,21132,22,8,IN,200,R,0,1,"BUCSHON, Larry",B001275,1962,,0.38,0.385,-114.51307,0.89311,1013,62,,0.443,0.153,0
113,House,20757,22,7,IN,100,D,0,1,"CARSON, Andr√©",C001072,1974,,-0.435,0.03,-179.7549,0.83652,1007,70,,-0.409,0.049,1
113,House,21332,22,6,IN,200,R,0,1,"MESSER, Luke",M001189,1969,,0.563,-0.086,-105.21165,0.9007,1006,35,,0.561,0.026,0
113,House,21131,22,4,IN,200,R,0,1,"ROKITA, Todd",R000592,1970,,0.602,-0.16,-98.61102,0.90371,974,32,,0.596,-0.145,0
113,House,21100,22,3,IN,200,R,0,1,"STUTZMAN, Marlin",S001188,1976,,0.728,-0.119,-125.87642,0.88128,996,52,,0.736,-0.11,0
113,House,15124,22,1,IN,100,D,0,1,"VISCLOSKY, Peter",V000108,1949,,-0.402,0.244,-197.22294,0.81987,993,96,,-0.401,0.217,0
113,House,21330,22,2,IN,200,R,0,1,"WALORSKI, Jackie",W000813,1963,2022,0.436,0.315,-111.55575,0.89621,1018,51,,0.405,0.361,1
113,House,21133,22,9,IN,200,R,0,1,"YOUNG, Todd",Y000064,1972,,0.439,-0.026,-118.40819,0.88958,1012,50,,0.448,0.133,0
113,House,21329,21,17,IL,100,D,0,1,"BUSTOS, Cheri",B001286,1961,,-0.239,0.054,-210.04878,0.81054,1000,95,,-0.211,0.035,0
113,House,29717,21,7,IL,100,D,0,1,"DAVIS, Danny K.",D000096,1941,,-0.487,-0.266,-121.6598,0.88109,961,37,,-0.445,-0.176,0
113,House,21328,21,13,IL,200,R,0,1,"DAVIS, Rodney",D000619,1970,,0.279,0.17,-209.18606,0.81107,999,103,,0.33,0.008,0
113,House,21325,21,8,IL,100,D,0,1,"DUCKWORTH, Tammy",D000622,1968,,-0.342,0.062,-229.57602,0.78828,965,94,,-0.274,0.006,1
113,House,21327,21,12,IL,100,D,0,1,"ENYART, Bill",E000292,1949,,-0.251,0.159,-242.42401,0.784,997,93,,-0.244,0.13,1
113,House,20749,21,11,IL,100,D,0,1,"FOSTER, Bill",F000454,1955,,-0.238,-0.224,-214.90557,0.80868,1012,100,,-0.233,-0.118,0
113,House,29348,21,4,IL,100,D,0,1,"GUTI√âRREZ, Luis V.",G000535,1953,,-0.487,-0.26,-111.62539,0.88061,878,45,,-0.453,-0.235,0
113,House,21129,21,14,IL,200,R,0,1,"HULTGREN, Randy",H001059,1966,,0.49,-0.034,-116.15599,0.89177,1014,44,,0.549,-0.068,0
113,House,21371,21,2,IL,100,D,1,2,"KELLY, Robin L.",K000385,1956,,-0.473,-0.021,-99.53994,0.8987,932,45,,-0.45,0.005,0
113,House,21128,21,16,IL,200,R,0,1,"KINZINGER, Adam",K000378,1978,,0.234,0.382,-146.60723,0.86526,1013,70,,0.282,0.465,0
113,House,20508,21,3,IL,100,D,0,1,"LIPINSKI, Daniel",L000563,1966,,-0.227,0.176,-282.61225,0.75317,997,129,,-0.205,0.083,0
113,House,20954,21,5,IL,100,D,0,1,"QUIGLEY, Mike",Q000023,1958,,-0.326,-0.231,-113.21534,0.89265,997,35,,-0.342,-0.277,0
113,House,20715,21,6,IL,200,R,0,1,"ROSKAM, Peter",R000580,1961,,0.429,0.018,-112.96879,0.89408,1009,47,,0.392,0.362,0
113,House,29346,21,1,IL,100,D,0,1,"RUSH, Bobby L.",R000515,1946,,-0.479,-0.203,-107.27976,0.84204,624,52,,-0.444,-0.133,0
113,House,29911,21,9,IL,100,D,0,1,"SCHAKOWSKY, Janice D.",S001145,1944,,-0.602,-0.291,-91.06403,0.91337,1005,52,,-0.731,-0.097,0
113,House,21326,21,10,IL,100,D,0,1,"SCHNEIDER, Brad",S001190,1961,,-0.195,-0.122,-182.00381,0.83345,999,67,,-0.188,-0.21,0
113,House,20914,21,18,IL,200,R,0,1,"SCHOCK, Aaron",S001179,1981,,0.311,0.185,-120.10981,0.885,979,53,,0.297,0.264,0
113,House,29718,21,15,IL,200,R,0,1,"SHIMKUS, John M.",S000364,1958,,0.375,0.154,-143.70001,0.86178,966,51,,0.277,0.263,0
113,House,21125,63,1,ID,200,R,0,1,"LABRADOR, Ra√∫l R.",L000573,1967,,0.735,-0.571,-206.15415,0.81098,984,92,,0.765,-0.59,0
113,House,29910,63,2,ID,200,R,0,1,"SIMPSON, Michael K.",S001148,1950,,0.296,0.312,-93.22125,0.91099,1000,28,,0.29,0.415,0
113,House,20719,31,1,IA,100,D,0,1,"BRALEY, Bruce",B001259,1957,,-0.31,-0.205,-216.15749,0.806,1001,101,,-0.249,-0.265,0
113,House,20325,31,4,IA,200,R,0,1,"KING, Steve",K000362,1949,,0.613,0.171,-144.44912,0.86411,989,52,,0.528,0.212,0
113,House,29522,31,3,IA,200,R,0,1,"LATHAM, Thomas",L000111,1948,,0.302,0.308,-137.71153,0.873,1012,60,,0.259,0.49,0
113,House,20720,31,2,IA,100,D,0,1,"LOEBSACK, Dave",L000565,1952,,-0.276,-0.027,-215.20315,0.80861,1013,91,,-0.228,-0.154,1
113,House,21324,82,2,HI,100,D,0,1,"GABBARD, Tulsi",G000571,1981,,-0.274,-0.282,-221.24951,0.79864,984,83,,-0.271,-0.091,1
113,House,21124,82,1,HI,100,D,0,1,"HANABUSA, Colleen",H001050,1951,,-0.37,0.004,-114.91725,0.88025,901,45,,-0.361,-0.038,1
113,House,20507,44,12,GA,100,D,0,1,"BARROW, John",B001252,1955,,-0.119,0.46,-392.97464,0.68,1020,154,,-0.134,0.523,0
113,House,29339,44,2,GA,100,D,0,1,"BISHOP, Sanford Dixon, Jr.",B000490,1947,,-0.287,0.447,-268.53636,0.75752,967,129,,-0.302,0.531,0
113,House,20753,44,10,GA,200,R,0,1,"BROUN, Paul C., Jr.",B001262,1946,,0.913,-0.408,-326.47545,0.721,998,135,,0.991,-0.136,0
113,House,21323,44,9,GA,200,R,0,1,"COLLINS, Doug",C001093,1966,,0.61,0.134,-126.2227,0.87869,976,66,,0.651,0.084,0
113,House,20319,44,11,GA,200,R,0,1,"GINGREY, Phil",G000550,1942,,0.561,0.272,-130.27149,0.87,932,50,,0.572,-0.004,0
113,House,20962,44,14,GA,200,R,0,1,"GRAVES, Tom",G000560,1970,,0.716,-0.002,-133.77925,0.87583,1009,84,,0.753,-0.099,0
113,House,20712,44,4,GA,100,D,0,1,"JOHNSON, Hank",J000288,1954,,-0.477,-0.052,-154.01901,0.85234,964,68,,-0.478,0.137,1
113,House,29338,44,1,GA,200,R,0,1,"KINGSTON, Jack",K000220,1955,,0.54,0.302,-130.70729,0.864,897,49,,0.69,-0.059,0
113,House,15431,44,5,GA,100,D,0,1,"LEWIS, John R.",L000287,1940,2020,-0.589,-0.221,-100.59267,0.89347,893,53,,-0.549,-0.165,0
113,House,20505,44,6,GA,200,R,0,1,"PRICE, Tom",P000591,1954,,0.644,-0.073,-124.18757,0.88441,1011,62,,0.658,-0.037,0
113,House,21123,44,8,GA,200,R,0,1,"SCOTT, Austin",S001189,1969,,0.535,0.363,-104.1391,0.90203,1010,39,,0.549,0.367,1
113,House,20321,44,13,GA,100,D,0,1,"SCOTT, David",S001157,1945,,-0.304,0.169,-215.31451,0.80311,982,89,,-0.344,0.17,0
113,House,20506,44,3,GA,200,R,0,1,"WESTMORELAND, Lynn A.",W000796,1950,,0.672,0.189,-154.39228,0.852,966,66,,0.658,-0.146,0
113,House,21122,44,7,GA,200,R,0,1,"WOODALL, Rob",W000810,1970,,0.593,-0.173,-186.16508,0.83106,1006,93,,0.699,-0.383,0
113,House,20758,43,12,FL,200,R,0,1,"BILIRAKIS, Gus",B001257,1963,,0.423,-0.032,-128.72625,0.87967,1004,54,,0.471,-0.003,0
113,House,29328,43,5,FL,100,D,0,1,"BROWN, Corrine",B000911,1946,,-0.429,0.192,-121.67387,0.883,974,45,,-0.429,0.228,0
113,House,20709,43,16,FL,200,R,0,1,"BUCHANAN, Vernon G.",B001260,1951,,0.362,-0.084,-140.96894,0.86716,989,52,,0.423,-0.174,0
113,House,20708,43,14,FL,100,D,0,1,"CASTOR, Kathy",C001066,1966,,-0.438,0.072,-117.06262,0.88631,970,59,,-0.486,0.063,0
113,House,21377,43,19,FL,200,R,2,2,"CLAWSON, Curt",C001102,1959,,0.626,-0.509,-23.63826,0.872,172,12,,0.66,-0.26,0
113,House,20111,43,4,FL,200,R,0,1,"CRENSHAW, Ander",C001045,1944,,0.333,0.337,-105.48282,0.9,999,45,,0.282,0.418,0
113,House,21318,43,6,FL,200,R,0,1,"DeSANTIS, Ron",D000621,1978,,0.663,-0.105,-123.91163,0.8855,1019,68,,0.694,-0.134,0
113,House,20959,43,21,FL,100,D,0,1,"DEUTCH, Theodore E. (Ted)",D000610,1966,,-0.401,-0.078,-113.99734,0.89195,997,43,,-0.415,-0.091,0
113,House,20316,43,25,FL,200,R,0,1,"DIAZ-BALART, Mario",D000600,1961,,0.281,0.158,-129.69914,0.87387,962,47,,0.231,0.26,0
113,House,21321,43,22,FL,100,D,0,1,"FRANKEL, Lois",F000462,1948,,-0.396,-0.025,-116.80778,0.88955,998,47,,-0.421,-0.022,0
113,House,21322,43,26,FL,100,D,0,1,"GARCIA, Joe",G000573,1963,,-0.204,0.032,-245.92149,0.779,984,122,,-0.201,0.02,0
113,House,20908,43,9,FL,100,D,0,1,"GRAYSON, Alan",G000556,1958,,-0.363,-0.457,-182.32256,0.832,994,62,,-0.394,-0.358,0
113,House,29337,43,20,FL,100,D,0,1,"HASTINGS, Alcee Lamar",H000324,1936,2021,-0.564,0.157,-147.95346,0.851,917,57,,-0.522,-0.059,0
113,House,21401,43,13,FL,200,R,2,2,"JOLLY, David W.",J000296,1972,,0.23,0.058,-68.48647,0.836,382,26,,0.232,0.126,0
113,House,29331,43,7,FL,200,R,0,1,"MICA, John L.",M000689,1943,,0.453,0.137,-138.16368,0.873,1020,54,,0.515,-0.027,0
113,House,20110,43,1,FL,200,R,0,1,"MILLER, Jefferson B. (Jeff)",M001144,1959,,0.633,0.155,-130.6889,0.874,971,64,,0.574,0.166,1
113,House,21319,43,18,FL,100,D,0,1,"MURPHY, Patrick",M001191,1983,,-0.186,-0.026,-305.4494,0.739,1010,148,,-0.144,-0.057,0
113,House,21115,43,11,FL,200,R,0,1,"NUGENT, Richard",N000185,1951,,0.483,0.077,-151.64545,0.86,1002,76,,0.467,0.081,1
113,House,20909,43,8,FL,200,R,0,1,"POSEY, Bill",P000599,1947,,0.533,-0.353,-239.48865,0.79,1016,100,,0.549,-0.569,0
113,House,21320,43,19,FL,200,R,1,1,"RADEL, Trey",R000596,1976,,0.702,-0.25,-95.41688,0.827,502,60,,0.698,-0.304,0
113,House,20910,43,17,FL,200,R,0,1,"ROONEY, Thomas J.",R000583,1970,,0.458,0.013,-210.44561,0.81175,1009,90,,0.44,-0.042,0
113,House,15634,43,27,FL,200,R,0,1,"ROS-LEHTINEN, Ileana",R000435,1952,,0.244,-0.225,-178.02085,0.82993,955,73,,0.245,0.132,0
113,House,21117,43,15,FL,200,R,0,1,"ROSS, Dennis",R000593,1959,,0.531,0.099,-122.20626,0.88625,1012,43,,0.493,0.068,0
113,House,21114,43,2,FL,200,R,0,1,"SOUTHERLAND, Steve",S001186,1965,,0.56,0.063,-117.2386,0.89,1009,53,,0.493,0.168,0
113,House,20504,43,23,FL,100,D,0,1,"WASSERMAN SCHULTZ, Debbie",W000797,1966,,-0.415,0.103,-152.48078,0.85257,956,61,,-0.438,0.225,0
113,House,21116,43,10,FL,200,R,0,1,"WEBSTER, Daniel A.",W000806,1949,,0.523,-0.078,-142.88503,0.86497,985,53,,0.419,-0.008,0
113,House,21118,43,24,FL,100,D,0,1,"WILSON, Frederica",W000808,1942,,-0.476,-0.006,-99.0621,0.90569,1000,33,,-0.454,-0.081,0
113,House,21317,43,3,FL,200,R,0,1,"YOHO, Ted",Y000065,1955,,0.704,-0.365,-184.59009,0.83342,1013,89,,0.73,-0.308,0
113,House,13047,43,13,FL,200,R,1,1,"YOUNG, Charles William (Bill)",Y000031,1930,2013,0.325,-0.112,-63.00568,0.818,313,31,,0.351,0.114,0
113,House,21113,11,1,DE,100,D,0,1,"CARNEY, John C., Jr.",C001083,1956,,-0.256,-0.142,-158.61333,0.848,962,56,,-0.292,-0.135,0
113,House,20706,1,2,CT,100,D,0,1,"COURTNEY, Joe",C001069,1953,,-0.337,0.041,-156.5634,0.85508,1000,76,,-0.342,-0.043,1
113,House,29109,1,3,CT,100,D,0,1,"DeLAURO, Rosa L.",D000216,1943,,-0.414,-0.107,-101.77848,0.90193,986,40,,-0.421,-0.191,0
113,House,21316,1,5,CT,100,D,0,1,"ESTY, Elizabeth",E000293,1959,,-0.315,-0.078,-142.99901,0.86762,1007,69,,-0.303,-0.146,0
113,House,20907,1,4,CT,100,D,0,1,"HIMES, James A.",H001047,1966,,-0.241,-0.21,-186.81849,0.83006,1003,80,,-0.275,-0.239,0
113,House,29908,1,1,CT,100,D,0,1,"LARSON, John B.",L000557,1948,,-0.396,-0.038,-131.70519,0.87694,1003,48,,-0.388,-0.057,0
113,House,20906,62,6,CO,200,R,0,1,"COFFMAN, Mike",C001077,1955,,0.492,-0.213,-178.39351,0.83897,1016,89,,0.458,-0.299,1
113,House,29710,62,1,CO,100,D,0,1,"DeGETTE, Diana",D000197,1957,,-0.431,-0.308,-85.78947,0.91468,962,29,,-0.4,-0.36,0
113,House,21112,62,4,CO,200,R,0,1,"GARDNER, Cory",G000562,1974,,0.444,-0.029,-164.2859,0.84836,999,82,,0.426,0.094,0
113,House,20704,62,5,CO,200,R,0,1,"LAMBORN, Doug",L000564,1954,,0.665,0.257,-121.05007,0.88758,1015,44,,0.622,0.181,1
113,House,20705,62,7,CO,100,D,0,1,"PERLMUTTER, Ed",P000593,1953,,-0.282,0.072,-227.46068,0.79039,967,95,,-0.282,0.067,0
113,House,20904,62,2,CO,100,D,0,1,"POLIS, Jared",P000598,1975,,-0.278,-0.692,-276.30493,0.7413,923,97,,-0.247,-0.719,0
113,House,21111,62,3,CO,200,R,0,1,"TIPTON, Scott",T000470,1956,,0.451,-0.023,-166.62295,0.84553,993,83,,0.473,-0.045,0
113,House,21110,71,37,CA,100,D,0,1,"BASS, Karen",B001270,1953,,-0.584,-0.098,-98.30027,0.89653,900,53,,-0.533,-0.164,0
113,House,29316,71,34,CA,100,D,0,1,"BECERRA, Xavier",B000287,1958,,-0.512,-0.283,-78.82904,0.92294,983,30,,-0.508,-0.318,0
113,House,21304,71,7,CA,100,D,0,1,"BERA, Ami",B001287,1965,,-0.247,0.008,-202.72787,0.81927,1017,96,,-0.202,-0.108,0
113,House,21308,71,26,CA,100,D,0,1,"BROWNLEY, Julia",B001285,1952,,-0.303,0.05,-180.1239,0.83783,1018,88,,-0.271,0.012,0
113,House,21309,71,29,CA,100,D,0,1,"C√ÅRDENAS, Tony",C001097,1963,,-0.39,-0.046,-173.77332,0.83675,975,68,,-0.361,0.025,0
113,House,29323,71,42,CA,200,R,0,1,"CALVERT, Ken",C000059,1953,,0.339,0.276,-86.58697,0.91784,1010,30,,0.296,0.471,0
113,House,20539,71,45,CA,200,R,0,1,"CAMPBELL, John (of California)",C001064,1955,,0.748,-0.415,-115.09929,0.819,577,41,,0.617,-0.155,0
113,House,29774,71,24,CA,100,D,0,1,"CAPPS, Lois",C001036,1938,,-0.389,-0.227,-124.611,0.884,1014,44,,-0.361,-0.285,0
113,House,20955,71,27,CA,100,D,0,1,"CHU, Judy",C001080,1953,,-0.482,-0.37,-99.74099,0.90314,979,50,,-0.53,-0.179,0
113,House,21305,71,8,CA,200,R,0,1,"COOK, Paul",C001094,1943,,0.372,0.208,-131.11415,0.87859,1013,59,,0.432,0.116,1
113,House,20501,71,16,CA,100,D,0,1,"COSTA, Jim",C001059,1952,,-0.198,0.448,-397.34482,0.66529,975,198,,-0.176,0.393,0
113,House,20108,71,53,CA,100,D,0,1,"DAVIS, Susan A.",D000598,1944,,-0.343,-0.103,-115.00623,0.89146,1001,36,,-0.388,-0.007,1
113,House,21109,71,10,CA,200,R,0,1,"DENHAM, Jeff",D000612,1967,,0.306,0.212,-169.03896,0.84589,1010,76,,0.273,0.261,0
113,House,29312,71,18,CA,100,D,0,1,"ESHOO, Anna Georges",E000215,1942,,-0.379,-0.372,-105.56585,0.89972,999,34,,-0.379,-0.407,0
113,House,29313,71,20,CA,100,D,0,1,"FARR, Sam",F000030,1941,,-0.455,-0.219,-129.45034,0.877,985,50,,-0.439,-0.137,0
113,House,20958,71,3,CA,100,D,0,1,"GARAMENDI, John",G000559,1945,,-0.314,-0.097,-238.37404,0.78753,998,108,,-0.271,-0.132,1
113,House,21195,71,44,CA,100,D,0,1,"HAHN, Janice",H001063,1952,,-0.39,-0.376,-107.26435,0.9,1016,40,,-0.424,-0.344,0
113,House,20103,71,17,CA,100,D,0,1,"HONDA, Mike",H001034,1941,,-0.529,-0.482,-109.97685,0.89,944,62,,-0.492,-0.43,0
113,House,21303,71,2,CA,100,D,0,1,"HUFFMAN, Jared",H001068,1964,,-0.431,-0.51,-110.29926,0.89537,998,36,,-0.426,-0.432,0
113,House,20963,71,50,CA,200,R,0,1,"HUNTER, Duncan Duane",H001048,1976,,0.539,0.085,-128.72161,0.87452,960,57,,0.531,0.11,1
113,House,20107,71,49,CA,200,R,0,1,"ISSA, Darrell",I000056,1953,,0.478,0.023,-112.18936,0.89487,1010,45,,0.463,0.016,0
113,House,21302,71,1,CA,200,R,0,1,"LaMALFA, Doug",L000578,1960,,0.541,0.012,-105.30228,0.89986,998,34,,0.57,0.188,0
113,House,29778,71,13,CA,100,D,0,1,"LEE, Barbara",L000551,1946,,-0.676,-0.582,-94.05006,0.91015,999,54,,-0.651,-0.444,0
113,House,29504,71,19,CA,100,D,0,1,"LOFGREN, Zoe",L000397,1947,,-0.397,-0.404,-177.88543,0.83822,1008,67,,-0.361,-0.374,0
113,House,21313,71,47,CA,100,D,0,1,"LOWENTHAL, Alan",L000579,1941,,-0.449,-0.384,-89.67492,0.91496,1009,37,,-0.474,-0.304,0
113,House,20538,71,6,CA,100,D,0,1,"MATSUI, Doris",M001163,1944,,-0.434,-0.142,-120.76757,0.88624,1000,54,,-0.439,-0.205,0
113,House,20703,71,23,CA,200,R,0,1,"MCCARTHY, Kevin",M001165,1965,,0.453,0.233,-104.83108,0.90233,1020,40,,0.4,0.36,0
113,House,20903,71,4,CA,200,R,0,1,"McCLINTOCK, Tom",M001177,1956,,0.672,-0.37,-168.37055,0.84673,1012,85,,0.735,-0.517,0
113,House,29315,71,25,CA,200,R,0,1,"McKEON, Howard P. (Buck)",M000508,1938,,0.396,0.208,-126.13141,0.88,983,56,,0.297,0.616,1
113,House,20702,71,9,CA,100,D,0,1,"McNERNEY, Jerry",M001166,1951,,-0.263,-0.159,-200.27767,0.81932,1005,76,,-0.308,0.004,0
113,House,29905,71,31,CA,200,R,0,1,"MILLER, Gary G.",M001139,1948,,0.478,0.222,-81.82418,0.886,674,35,,0.335,0.181,0
113,House,14256,71,11,CA,100,D,0,1,"MILLER, George",M000725,1945,,-0.552,-0.398,-141.94614,0.86,941,66,,-0.507,-0.282,0
113,House,29903,71,32,CA,100,D,0,1,"NAPOLITANO, Grace Flores",N000179,1936,,-0.448,-0.247,-103.97043,0.89944,981,50,,-0.477,-0.288,0
113,House,21310,71,35,CA,100,D,0,1,"NEGRETE McLEOD, Gloria",N000187,1941,,-0.437,0.035,-133.89662,0.855,856,65,,-0.429,0.009,0
113,House,20307,71,22,CA,200,R,0,1,"NUNES, Devin",N000181,1973,,0.45,0.223,-107.82585,0.897,992,45,,0.357,0.393,0
113,House,15448,71,12,CA,100,D,0,1,"PELOSI, Nancy",P000197,1940,,-0.489,-0.18,-102.59321,0.8948,923,41,,-0.453,-0.08,0
113,House,21315,71,52,CA,100,D,0,1,"PETERS, Scott",P000608,1958,,-0.193,-0.033,-302.91745,0.74132,1012,148,,-0.161,-0.159,1
113,House,15621,71,48,CA,200,R,0,1,"ROHRABACHER, Dana",R000409,1947,,0.626,-0.417,-220.54778,0.79957,986,102,,0.669,-0.744,0
113,House,29317,71,40,CA,100,D,0,1,"ROYBAL-ALLARD, Lucille",R000486,1941,,-0.469,-0.171,-91.9535,0.91206,999,37,,-0.48,-0.097,0
113,House,29321,71,39,CA,200,R,0,1,"ROYCE, Edward Randall",R000487,1951,,0.657,-0.353,-129.45921,0.8788,1002,51,,0.563,-0.173,0
113,House,21311,71,36,CA,100,D,0,1,"RUIZ, Raul",R000599,1972,,-0.259,0.045,-292.41762,0.74426,990,144,,-0.199,0.015,0
113,House,20310,71,38,CA,100,D,0,1,"S√ÅNCHEZ, Linda T.",S001156,1969,,-0.508,-0.132,-143.39309,0.86529,991,62,,-0.47,-0.122,0
113,House,29709,71,46,CA,100,D,0,1,"SANCHEZ, Loretta",S000030,1960,,-0.367,0.025,-205.52164,0.808,966,89,,-0.329,0.015,1
113,House,20104,71,28,CA,100,D,0,1,"SCHIFF, Adam",S001150,1960,,-0.353,-0.109,-98.46251,0.90703,1009,27,,-0.389,-0.16,0
113,House,29707,71,30,CA,100,D,0,1,"SHERMAN, Brad",S000344,1954,,-0.344,-0.137,-157.37037,0.85598,1012,59,,-0.322,-0.116,0
113,House,20762,71,14,CA,100,D,0,1,"SPEIER, Karen Lorraine Jacqueline (Jackie)",S001175,1950,,-0.381,-0.41,-103.53303,0.89777,960,42,,-0.42,-0.445,1
113,House,21306,71,15,CA,100,D,0,1,"SWALWELL, Eric",S001193,1980,,-0.355,-0.048,-167.03553,0.8484,1016,78,,-0.374,-0.048,0
113,House,21312,71,41,CA,100,D,0,1,"TAKANO, Mark",T000472,1960,,-0.458,-0.328,-147.68896,0.86496,1018,54,,-0.461,-0.075,0
113,House,29901,71,5,CA,100,D,0,1,"THOMPSON, Michael",T000460,1951,,-0.392,0.072,-168.84591,0.84577,1008,89,,-0.392,-0.197,0
113,House,21307,71,21,CA,200,R,0,1,"VALADAO, David G.",V000129,1977,,0.258,0.438,-172.28286,0.84389,1015,72,,0.247,0.308,0
113,House,21314,71,51,CA,100,D,0,1,"VARGAS, Juan",V000130,1961,,-0.397,0.024,-156.65398,0.85487,999,69,,-0.383,0.166,0
113,House,29106,71,43,CA,100,D,0,1,"WATERS, Maxine",W000187,1938,,-0.656,-0.094,-126.02768,0.87709,961,52,,-0.531,-0.068,0
113,House,14280,71,33,CA,100,D,0,1,"WAXMAN, Henry Arnold",W000215,1939,,-0.473,-0.343,-106.7633,0.894,954,49,,-0.463,-0.174,0
113,House,21199,61,2,AZ,100,D,0,1,"BARBER, Ron",B001279,1945,,-0.123,0.001,-330.80405,0.716,992,144,,-0.097,-0.043,1
113,House,20304,61,8,AZ,200,R,0,1,"FRANKS, Trent",F000448,1957,,0.749,0.087,-103.99518,0.89863,973,39,,0.707,0.253,1
113,House,21103,61,4,AZ,200,R,0,1,"GOSAR, Paul",G000565,1958,,0.703,-0.518,-175.55364,0.81877,878,77,,0.63,-0.352,0
113,House,20305,61,3,AZ,100,D,0,1,"GRIJALVA, Ra√∫l M.",G000551,1948,,-0.598,-0.264,-123.22713,0.87835,950,46,,-0.511,-0.378,0
113,House,20902,61,1,AZ,100,D,0,1,"KIRKPATRICK, Ann",K000368,1950,,-0.169,-0.01,-268.82079,0.75059,937,137,,-0.249,0.167,0
113,House,29101,61,7,AZ,100,D,0,1,"PASTOR, Ed",P000099,1943,2018,-0.421,0.12,-153.07236,0.846,915,72,,-0.405,0.092,0
113,House,29500,61,5,AZ,200,R,0,1,"SALMON, Matthew James",S000018,1958,,0.673,-0.272,-156.01219,0.854,988,76,,0.71,-0.389,0
113,House,21105,61,6,AZ,200,R,0,1,"SCHWEIKERT, David",S001183,1962,,0.554,-0.222,-129.46551,0.8773,989,56,,0.657,-0.318,0
113,House,21300,61,9,AZ,100,D,0,1,"SINEMA, Kyrsten",S001191,1976,,-0.105,0.076,-311.87621,0.72977,990,114,,-0.12,-0.093,0
113,House,21301,42,4,AR,200,R,0,1,"COTTON, Tom",C001095,1977,,0.581,0.187,-142.85556,0.86823,1011,69,,0.642,0.202,0
113,House,21106,42,1,AR,200,R,0,1,"CRAWFORD, Rick",C001087,1966,,0.46,0.309,-122.58166,0.87871,948,63,,0.332,0.448,0
113,House,21107,42,2,AR,200,R,0,1,"GRIFFIN, Tim",G000567,1968,,0.41,0.421,-129.51757,0.879,1002,73,,0.387,0.284,0
113,House,21108,42,3,AR,200,R,0,1,"WOMACK, Steve",W000809,1957,,0.348,0.635,-88.18772,0.91725,1021,34,,0.331,0.49,0
113,House,29701,41,4,AL,200,R,0,1,"ADERHOLT, Robert",A000055,1965,,0.405,0.467,-94.20415,0.90454,939,39,,0.356,0.773,0
113,House,29301,41,6,AL,200,R,0,1,"BACHUS, Spencer T., III",B000013,1947,,0.387,0.228,-134.43974,0.874,996,66,,0.332,0.318,0
113,House,20300,41,1,AL,200,R,1,1,"BONNER, Jr., Josiah Robins (Jo)",B001244,1959,,0.367,0.513,-41.88718,0.888,354,17,,0.331,0.625,0
113,House,21193,41,5,AL,200,R,0,1,"BROOKS, Mo",B001274,1954,,0.652,-0.417,-207.05189,0.81481,1011,76,,0.576,-0.225,1
113,House,21376,41,1,AL,200,R,2,2,"BYRNE, Bradley",B001289,1955,,0.61,0.25,-38.78313,0.91864,457,14,,0.571,0.368,1
113,House,21192,41,2,AL,200,R,0,1,"ROBY, Martha",R000591,1976,,0.362,0.658,-87.38206,0.91759,1016,33,,0.316,0.734,0
113,House,20301,41,3,AL,200,R,0,1,"ROGERS, Mike Dennis",R000575,1958,,0.379,0.377,-134.06866,0.87476,1002,57,,0.451,0.659,1
113,House,21102,41,7,AL,100,D,0,1,"SEWELL, Terri",S001185,1965,,-0.4,0.392,-161.53388,0.85139,1004,80,,-0.406,0.478,0
113,House,14066,81,1,AK,200,R,0,1,"YOUNG, Donald Edwin",Y000033,1933,2022,0.283,0.022,-222.30987,0.79096,948,87,,0.265,0.116,0
114,House,20953,68,1,WY,200,R,0,1,"LUMMIS, Cynthia M.",L000571,1954,,0.684,-0.327,-161.31118,0.8644,1107,73,,0.717,-0.496,0
114,House,21558,56,3,WV,200,R,0,1,"JENKINS, Evan H.",J000297,1960,,0.315,0.308,-116.70115,0.90037,1112,65,,0.307,0.286,0
114,House,21188,56,1,WV,200,R,0,1,"McKINLEY, David",M001180,1947,,0.3,0.178,-187.42636,0.84553,1117,88,,0.331,0.095,0
114,House,21557,56,2,WV,200,R,0,1,"MOONEY, Alex X.",M001195,1971,,0.568,-0.241,-157.35297,0.86838,1115,63,,0.563,-0.224,0
114,House,21189,25,7,WI,200,R,0,1,"DUFFY, Sean",D000614,1971,,0.511,-0.109,-127.25011,0.88797,1071,52,,0.524,-0.116,0
114,House,21559,25,6,WI,200,R,0,1,"GROTHMAN, Glenn",G000576,1955,,0.598,-0.204,-156.34356,0.86884,1112,70,,0.591,-0.236,0
114,House,29769,25,3,WI,100,D,0,1,"KIND, Ron",K000188,1963,,-0.26,-0.08,-199.39714,0.82998,1070,93,,-0.251,-0.079,0
114,House,20537,25,4,WI,100,D,0,1,"MOORE, Gwendolynne S. (Gwen)",M001160,1951,,-0.522,-0.272,-84.45456,0.92243,1046,37,,-0.475,-0.285,0
114,House,21370,25,2,WI,100,D,0,1,"POCAN, Mark",P000607,1964,,-0.524,-0.553,-53.55474,0.9524,1098,28,,-0.547,-0.419,0
114,House,21190,25,8,WI,200,R,0,1,"RIBBLE, Reid",R000587,1956,,0.603,-0.333,-208.95525,0.827,1099,84,,0.539,-0.341,0
114,House,29939,25,1,WI,200,R,0,1,"RYAN, Paul D.",R000570,1970,,0.556,-0.25,-62.71176,0.88514,514,21,,0.485,0.163,0
114,House,14657,25,5,WI,200,R,0,1,"SENSENBRENNER, Frank James, Jr.",S000244,1943,,0.638,-0.579,-190.88071,0.84394,1125,85,,0.667,-0.538,0
114,House,31101,73,1,WA,100,D,0,1,"DelBENE, Suzan K.",D000617,1962,,-0.294,-0.204,-103.83111,0.91161,1122,43,,-0.309,-0.187,0
114,House,21369,73,10,WA,100,D,0,1,"HECK, Denny",H001064,1952,,-0.312,-0.128,-101.54772,0.9134,1121,39,,-0.325,-0.041,0
114,House,21187,73,3,WA,200,R,0,1,"HERRERA BEUTLER, Jaime",H001056,1978,,0.336,-0.129,-172.96627,0.82156,880,81,,0.383,-0.238,0
114,House,21368,73,6,WA,100,D,0,1,"KILMER, Derek",K000381,1974,,-0.316,0.005,-107.60294,0.90871,1124,55,,-0.298,-0.094,0
114,House,20145,73,2,WA,100,D,0,1,"LARSEN, Richard Ray (Rick)",L000560,1965,,-0.365,0.164,-136.76541,0.88476,1117,58,,-0.346,0.048,1
114,House,15613,73,7,WA,100,D,0,1,"McDERMOTT, James A.",M000404,1936,,-0.666,-0.197,-108.50771,0.905,1083,51,,-0.492,-0.559,0
114,House,20535,73,5,WA,200,R,0,1,"McMORRIS RODGERS, Cathy",M001159,1969,,0.436,0.098,-95.79469,0.91781,1117,33,,0.434,0.254,0
114,House,21556,73,4,WA,200,R,0,1,"NEWHOUSE, Daniel Milton",N000189,1955,,0.318,0.328,-130.3811,0.89011,1120,57,,0.369,0.192,0
114,House,20536,73,8,WA,200,R,0,1,"REICHERT, David G.",R000578,1950,,0.224,-0.146,-246.12425,0.79771,1089,110,,0.225,-0.045,0
114,House,29768,73,9,WA,100,D,0,1,"SMITH, Adam",S000510,1965,,-0.291,-0.166,-119.32748,0.87647,905,41,,-0.467,0.095,1
114,House,20750,6,1,VT,100,D,0,1,"WELCH, Peter",W000800,1947,,-0.407,-0.383,-121.30588,0.89513,1095,53,,-0.405,-0.506,0
114,House,21554,40,8,VA,100,D,0,1,"BEYER, Donald Sternoff Jr.",B001292,1950,,-0.394,-0.101,-111.61405,0.90241,1087,43,,-0.363,-0.147,0
114,House,21553,40,7,VA,200,R,0,1,"BRAT, David A.",B001290,1964,,0.829,-0.325,-115.53826,0.89872,1082,38,,0.846,-0.302,0
114,House,21555,40,10,VA,200,R,0,1,"COMSTOCK, Barbara J.",C001105,1959,,0.276,0.389,-110.45449,0.90536,1111,37,,0.269,0.542,0
114,House,20952,40,11,VA,100,D,0,1,"CONNOLLY, Gerald E. (Gerry)",C001078,1950,2025,-0.309,-0.047,-120.60003,0.89774,1118,60,,-0.308,-0.074,0
114,House,20143,40,4,VA,200,R,0,1,"FORBES, J. Randy",F000445,1952,,0.407,0.218,-99.8446,0.909,1041,48,,0.506,0.19,1
114,House,39308,40,6,VA,200,R,0,1,"GOODLATTE, Robert William",G000289,1952,,0.496,-0.002,-102.44023,0.91207,1113,36,,0.565,0.139,0
114,House,21191,40,9,VA,200,R,0,1,"GRIFFITH, H. Morgan",G000568,1958,,0.512,-0.344,-253.16332,0.79655,1113,114,,0.565,-0.516,0
114,House,21186,40,5,VA,200,R,0,1,"HURT, Robert",H001060,1969,,0.568,0,-107.94951,0.905,1085,39,,0.57,-0.113,0
114,House,21185,40,2,VA,200,R,0,1,"RIGELL, E. Scott",R000589,1960,,0.405,-0.084,-184.52576,0.848,1116,81,,0.336,0.041,0
114,House,39307,40,3,VA,100,D,0,1,"SCOTT, Robert C.",S000185,1947,,-0.45,-0.003,-87.83235,0.92425,1115,23,,-0.456,-0.004,0
114,House,20756,40,1,VA,200,R,0,1,"WITTMAN, Robert J.",W000804,1959,,0.448,0.02,-139.76346,0.88258,1119,59,,0.555,-0.018,1
114,House,20357,67,1,UT,200,R,0,1,"BISHOP, Robert (Rob)",B001250,1951,,0.537,0.105,-119.79062,0.89427,1072,40,,0.529,0.107,1
114,House,20949,67,3,UT,200,R,0,1,"CHAFFETZ, Jason",C001076,1967,,0.647,-0.278,-149.04672,0.87098,1079,71,,0.567,-0.194,0
114,House,21552,67,4,UT,200,R,0,1,"LOVE, Ludmya Bourdeau (Mia)",L000584,1975,2025,0.542,-0.056,-106.21871,0.90859,1108,45,,0.582,-0.058,0
114,House,21367,67,2,UT,200,R,0,1,"STEWART, Chris",S001192,1960,,0.499,0.167,-109.3736,0.90494,1095,45,,0.548,0.112,0
114,House,21551,49,36,TX,200,R,0,1,"BABIN, Brian",B001291,1948,,0.711,0.117,-87.16735,0.92448,1110,45,,0.713,0.064,0
114,House,15085,49,6,TX,200,R,0,1,"BARTON, Joe Linus",B000213,1949,,0.528,0.047,-112.83661,0.90242,1099,49,,0.489,0.184,0
114,House,29760,49,8,TX,200,R,0,1,"BRADY, Kevin Patrick",B000755,1955,,0.52,0.239,-69.75062,0.9374,1079,27,,0.518,0.51,0
114,House,20355,49,26,TX,200,R,0,1,"BURGESS, Michael C.",B001248,1950,,0.565,-0.164,-176.34666,0.85432,1120,87,,0.671,-0.452,0
114,House,20356,49,31,TX,200,R,0,1,"CARTER, John R.",C001051,1941,,0.486,0.552,-85.51094,0.92193,1052,47,,0.48,0.877,0
114,House,21362,49,20,TX,100,D,0,1,"CASTRO, Joaquin",C001091,1974,,-0.399,-0.124,-88.37982,0.91898,1046,29,,-0.418,0.015,0
114,House,20531,49,11,TX,200,R,0,1,"CONAWAY, K. Michael",C001062,1948,,0.593,0.367,-84.27458,0.92783,1125,33,,0.582,0.296,1
114,House,20533,49,28,TX,100,D,0,1,"CUELLAR, Henry",C001063,1955,,-0.225,0.634,-289.76561,0.766,1087,121,,-0.24,0.765,0
114,House,20139,49,7,TX,200,R,0,1,"CULBERSON, John",C001048,1956,,0.503,0.366,-123.50565,0.89118,1072,54,,0.515,0.241,0
114,House,29571,49,35,TX,100,D,0,1,"DOGGETT, Lloyd Alton, II",D000399,1946,,-0.403,-0.33,-130.33764,0.88949,1113,49,,-0.401,-0.215,0
114,House,21184,49,27,TX,200,R,0,1,"FARENTHOLD, Blake",F000460,1961,,0.548,0.016,-134.64619,0.88673,1120,64,,0.585,-0.133,0
114,House,21182,49,17,TX,200,R,0,1,"FLORES, Bill",F000461,1954,,0.572,0.293,-76.94507,0.93309,1111,40,,0.61,0.29,0
114,House,20527,49,1,TX,200,R,0,1,"GOHMERT, Louie",G000552,1953,,0.644,-0.406,-152.48577,0.86695,1068,64,,0.724,-0.438,0
114,House,29762,49,12,TX,200,R,0,1,"GRANGER, Kay",G000377,1943,,0.403,0.243,-94.47445,0.91419,1053,41,,0.393,0.82,0
114,House,20529,49,9,TX,100,D,0,1,"GREEN, Al",G000553,1947,,-0.446,0.263,-130.60574,0.88727,1092,58,,-0.469,0.33,0
114,House,39304,49,29,TX,100,D,0,1,"GREEN, Raymond Eugene (Gene)",G000410,1947,,-0.324,0.453,-275.63,0.77438,1078,121,,-0.353,0.465,0
114,House,20352,49,5,TX,200,R,0,1,"HENSARLING, Jeb",H001036,1957,,0.703,0.04,-77.32516,0.93288,1113,29,,0.641,0.206,0
114,House,29763,49,15,TX,100,D,0,1,"HINOJOSA, Rub√©n",H000636,1940,,-0.34,0.235,-128.93825,0.863,873,51,,-0.397,0.189,0
114,House,21550,49,23,TX,200,R,0,1,"HURD, William Ballard",H001073,1977,,0.287,0.228,-137.10032,0.88507,1123,67,,0.414,0.213,0
114,House,29573,49,18,TX,100,D,0,1,"JACKSON LEE, Sheila",J000032,1950,,-0.459,0.121,-121.90757,0.88512,999,47,,-0.484,0.214,0
114,House,39305,49,30,TX,100,D,0,1,"JOHNSON, Eddie Bernice",J000126,1934,2023,-0.485,0.198,-126.24071,0.8858,1041,57,,-0.529,0.245,0
114,House,29143,49,3,TX,200,R,0,1,"JOHNSON, Sam",J000174,1930,2020,0.61,0.277,-73.39637,0.9309,1025,30,,0.658,0.125,0
114,House,20532,49,24,TX,200,R,0,1,"MARCHANT, Kenny",M001158,1951,,0.6,0.154,-98.0964,0.91224,1068,44,,0.634,0.063,0
114,House,20530,49,10,TX,200,R,0,1,"McCAUL, Michael T.",M001157,1962,,0.411,0.172,-111.52623,0.90424,1108,47,,0.505,0.318,0
114,House,20353,49,19,TX,200,R,0,1,"NEUGEBAUER, Randy",N000182,1949,,0.628,0.322,-79.75961,0.931,1117,32,,0.665,0.158,0
114,House,21361,49,16,TX,100,D,0,1,"O'ROURKE, Beto",O000170,1972,,-0.304,-0.331,-127.65371,0.88724,1067,45,,-0.299,-0.285,1
114,House,20948,49,22,TX,200,R,0,1,"OLSON, Pete",O000168,1962,,0.548,0.308,-69.52697,0.93918,1108,21,,0.602,0.249,0
114,House,20528,49,2,TX,200,R,0,1,"POE, Ted",P000592,1948,,0.594,-0.029,-154.06585,0.85116,956,72,,0.537,-0.192,0
114,House,21549,49,4,TX,200,R,0,1,"RATCLIFFE, John",R000601,1965,,0.693,0.113,-85.91742,0.92635,1123,42,,0.737,0.082,0
114,House,29759,49,32,TX,200,R,0,1,"SESSIONS, Pete",S000250,1955,,0.585,0.171,-74.64703,0.93468,1105,26,,0.6,0.384,0
114,House,15445,49,21,TX,200,R,0,1,"SMITH, Lamar Seeligson",S000583,1947,,0.425,0.061,-109.8227,0.90564,1108,48,,0.57,0.244,0
114,House,29572,49,13,TX,200,R,0,1,"THORNBERRY, William McClellan (Mac)",T000238,1958,,0.525,0.313,-94.58222,0.91881,1117,42,,0.442,0.807,1
114,House,21365,49,33,TX,100,D,0,1,"VEASEY, Marc",V000131,1971,,-0.408,0.355,-148.47082,0.87491,1111,76,,-0.391,0.264,1
114,House,21366,49,34,TX,100,D,0,1,"VELA, Filemon",V000132,1963,,-0.311,0.407,-229.15702,0.8124,1103,103,,-0.321,0.424,0
114,House,21360,49,14,TX,200,R,0,1,"WEBER, Randy",W000814,1953,,0.722,0.025,-170.53518,0.859,1122,71,,0.644,-0.153,0
114,House,21364,49,25,TX,200,R,0,1,"WILLIAMS, Roger",W000816,1949,,0.595,0.057,-84.41051,0.92311,1055,32,,0.614,0.208,0
114,House,21180,54,6,TN,200,R,0,1,"BLACK, Diane",B001273,1951,,0.58,0.219,-72.9603,0.93403,1069,22,,0.623,0.289,0
114,House,20351,54,7,TN,200,R,0,1,"BLACKBURN, Marsha",B001243,1952,,0.632,0.14,-72.21836,0.93618,1095,22,,0.668,0.172,0
114,House,20748,54,9,TN,100,D,0,1,"COHEN, Stephen",C001068,1949,,-0.39,-0.293,-122.11599,0.89465,1097,49,,-0.343,-0.489,0
114,House,15019,54,5,TN,100,D,0,1,"COOPER, James Hayes Shofner",C000754,1954,,-0.164,-0.033,-362.1534,0.72119,1108,143,,-0.171,0.026,1
114,House,21179,54,4,TN,200,R,0,1,"DESJARLAIS, Scott",D000616,1964,,0.579,-0.051,-129.65423,0.88668,1078,54,,0.703,-0.336,0
114,House,15455,54,2,TN,200,R,0,1,"DUNCAN, John J., Jr.",D000533,1947,,0.604,-0.476,-351.9388,0.72787,1108,132,,0.919,-0.395,0
114,House,21181,54,8,TN,200,R,0,1,"FINCHER, Stephen Lee",F000458,1973,,0.526,0.181,-99.54881,0.889,845,43,,0.5,0.107,0
114,House,21178,54,3,TN,200,R,0,1,"FLEISCHMANN, Chuck",F000459,1962,,0.432,0.392,-92.62718,0.92056,1119,46,,0.488,0.395,0
114,House,20947,54,1,TN,200,R,0,1,"ROE, David P. (Phil)",R000582,1945,,0.486,0.024,-82.32968,0.92296,1027,34,,0.578,0.056,0
114,House,21177,37,1,SD,200,R,0,1,"NOEM, Kristi",N000184,1971,,0.398,0.326,-113.04443,0.90259,1103,58,,0.417,0.353,0
114,House,39301,48,6,SC,100,D,0,1,"CLYBURN, James Enos",C000537,1940,,-0.466,0.246,-92.01529,0.91775,1072,47,,-0.487,0.232,0
114,House,21174,48,3,SC,200,R,0,1,"DUNCAN, Jeff",D000615,1966,,0.695,-0.095,-129.4649,0.88762,1086,49,,0.683,-0.303,0
114,House,21175,48,4,SC,200,R,0,1,"GOWDY, Trey",G000566,1964,,0.655,-0.002,-70.87642,0.93602,1072,26,,0.641,0.134,0
114,House,21176,48,5,SC,200,R,0,1,"MULVANEY, Mick",M001182,1967,,0.75,-0.592,-143.49656,0.87654,1089,77,,0.739,-0.674,0
114,House,21359,48,7,SC,200,R,0,1,"RICE, Tom",R000597,1957,,0.558,-0.217,-165.19668,0.86229,1115,76,,0.563,-0.297,0
114,House,29565,48,1,SC,200,R,0,1,"SANFORD, Mark",S000051,1960,,0.686,-0.728,-272.18674,0.78115,1102,132,,0.919,-0.395,0
114,House,20138,48,2,SC,200,R,0,1,"WILSON, Addison Graves (Joe)",W000795,1947,,0.53,0.16,-83.42553,0.92772,1112,32,,0.513,0.509,1
114,House,21172,5,1,RI,100,D,0,1,"CICILLINE, David N.",C001084,1961,,-0.389,-0.262,-70.69214,0.93825,1109,25,,-0.386,-0.276,0
114,House,20136,5,2,RI,100,D,0,1,"LANGEVIN, James",L000559,1964,,-0.375,0.114,-121.23063,0.89671,1112,57,,-0.373,0.102,1
114,House,21171,14,11,PA,200,R,0,1,"BARLETTA, Lou",B001269,1956,,0.278,0.393,-122.93741,0.8901,1056,48,,0.306,0.421,0
114,House,21548,14,13,PA,100,D,0,1,"BOYLE, Brendan Francis",B001296,1977,,-0.382,0.153,-131.69803,0.8852,1080,59,,-0.361,0.039,0
114,House,29777,14,1,PA,100,D,0,1,"BRADY, Robert A.",B001227,1945,,-0.484,0.225,-89.61206,0.91966,1070,47,,-0.459,0.013,1
114,House,21358,14,17,PA,100,D,0,1,"CARTWRIGHT, Matt",C001090,1961,,-0.344,0.042,-118.97756,0.89775,1103,45,,-0.395,-0.01,0
114,House,21547,14,6,PA,200,R,0,1,"COSTELLO, Ryan",C001106,1976,,0.217,-0.055,-208.60672,0.82895,1112,99,,0.21,-0.055,0
114,House,20526,14,15,PA,200,R,0,1,"DENT, Charles W.",D000604,1960,,0.244,-0.085,-208.8752,0.83041,1124,84,,0.225,0.071,0
114,House,29561,14,14,PA,100,D,0,1,"DOYLE, Michael F.",D000482,1953,,-0.331,0.099,-134.53925,0.88257,1077,51,,-0.403,0.014,0
114,House,21566,14,2,PA,100,D,2,2,"EVANS, Dwight",E000296,1954,,-0.469,-0.157,-3.51818,0.88934,30,1,,-0.26,-0.13,0
114,House,29559,14,2,PA,100,D,1,1,"FATTAH, Chaka",F000043,1956,,-0.472,-0.054,-58.07576,0.919,687,22,,-0.436,-0.193,0
114,House,20524,14,8,PA,200,R,0,1,"FITZPATRICK, Michael G.",F000451,1963,2020,0.202,-0.186,-278.04712,0.774,1083,134,,0.221,-0.134,0
114,House,21167,14,3,PA,200,R,0,1,"KELLY, Mike",K000376,1948,,0.377,0.396,-106.21555,0.9096,1121,42,,0.327,0.605,0
114,House,21170,14,10,PA,200,R,0,1,"MARINO, Thomas A.",M001179,1952,,0.352,0.477,-84.04382,0.92308,1050,26,,0.342,0.78,0
114,House,21168,14,7,PA,200,R,0,1,"MEEHAN, Patrick",M001181,1955,,0.22,0.076,-216.11429,0.82423,1118,101,,0.226,0.021,0
114,House,20346,14,18,PA,200,R,0,1,"MURPHY, Timothy",M001151,1952,,0.258,0.198,-139.20934,0.88263,1115,59,,0.339,0.225,0
114,House,21356,14,4,PA,200,R,0,1,"PERRY, Scott",P000605,1962,,0.683,-0.483,-137.89701,0.88396,1118,62,,0.681,-0.459,0
114,House,29752,14,16,PA,200,R,0,1,"PITTS, Joseph R.",P000373,1939,,0.538,0.012,-115.46484,0.9,1098,49,,0.492,0.093,0
114,House,21357,14,12,PA,200,R,0,1,"ROTHFUS, Keith",R000598,1962,,0.498,0.044,-96.20051,0.91741,1116,43,,0.524,0.093,0
114,House,20134,14,9,PA,200,R,0,1,"SHUSTER, William (Bill)",S001154,1961,,0.374,0.323,-106.33063,0.9092,1117,46,,0.323,0.403,1
114,House,20946,14,5,PA,200,R,0,1,"THOMPSON, Glenn",T000467,1959,,0.335,0.334,-152.39834,0.87299,1122,65,,0.322,0.187,0
114,House,29588,72,3,OR,100,D,0,1,"BLUMENAUER, Earl",B000574,1948,,-0.426,-0.626,-130.44538,0.88721,1090,53,,-0.388,-0.751,0
114,House,21198,72,1,OR,100,D,0,1,"BONAMICI, Suzanne",B001278,1954,,-0.399,-0.417,-80.0319,0.93026,1107,45,,-0.404,-0.385,0
114,House,15410,72,4,OR,100,D,0,1,"DeFAZIO, Peter Anthony",D000191,1947,,-0.427,-0.002,-232.79645,0.79805,1032,92,,-0.269,-0.366,0
114,House,20944,72,5,OR,100,D,0,1,"SCHRADER, Kurt",S001180,1951,,-0.182,0.054,-427.7314,0.67591,1092,188,,-0.156,-0.034,0
114,House,29932,72,2,OR,200,R,0,1,"WALDEN, Greg",W000791,1957,,0.333,-0.011,-112.26439,0.90479,1122,39,,0.348,0.12,0
114,House,21354,53,1,OK,200,R,0,1,"BRIDENSTINE, Jim",B001283,1975,,0.689,-0.157,-132.75408,0.88737,1111,52,,0.651,-0.126,1
114,House,20344,53,4,OK,200,R,0,1,"COLE, Tom",C001053,1949,,0.323,0.412,-91.35888,0.92099,1110,26,,0.284,0.495,0
114,House,29393,53,3,OK,200,R,0,1,"LUCAS, Frank D.",L000491,1960,,0.361,0.452,-75.20983,0.93528,1124,28,,0.351,0.537,0
114,House,21355,53,2,OK,200,R,0,1,"MULLIN, Markwayne",M001190,1977,,0.534,0.248,-93.79341,0.91939,1116,44,,0.461,0.607,0
114,House,21546,53,5,OK,200,R,0,1,"RUSSELL, Steve",R000604,1963,,0.473,-0.183,-201.39297,0.83353,1106,66,,0.453,-0.021,1
114,House,21352,24,3,OH,100,D,0,1,"BEATTY, Joyce",B001281,1950,,-0.436,0.016,-82.15648,0.92853,1108,22,,-0.437,0.11,0
114,House,29137,24,8,OH,200,R,1,1,"BOEHNER, John Andrew",B000589,1949,,0.513,0.04,,,,,,0.149,0.91,0
114,House,29550,24,1,OH,200,R,0,1,"CHABOT, Steve",C000266,1953,,0.542,-0.137,-85.98981,0.92635,1124,27,,0.618,0.183,0
114,House,21564,24,8,OH,200,R,2,2,"DAVIDSON, Warren",D000626,1970,,0.656,-0.36,-33.49118,0.88764,281,14,,0.733,-0.191,0
114,House,20941,24,11,OH,100,D,0,1,"FUDGE, Marcia L.",F000455,1952,,-0.581,0.14,-93.47519,0.91803,1093,48,,-0.532,0.057,0
114,House,21165,24,7,OH,200,R,0,1,"GIBBS, Bob",G000563,1954,,0.484,0.284,-90.15862,0.92272,1121,48,,0.486,0.347,0
114,House,21162,24,6,OH,200,R,0,1,"JOHNSON, Bill",J000292,1954,,0.436,0.235,-101.11137,0.91375,1121,50,,0.383,0.435,0
114,House,20738,24,4,OH,200,R,0,1,"JORDAN, Jim",J000289,1964,,0.713,-0.183,-120.48495,0.89714,1110,70,,0.744,-0.415,0
114,House,21353,24,14,OH,200,R,0,1,"JOYCE, David",J000295,1957,,0.252,0.315,-123.0116,0.89374,1095,55,,0.273,0.22,0
114,House,15029,24,9,OH,100,D,0,1,"KAPTUR, Marcia Carolyn (Marcy)",K000009,1946,,-0.343,0.133,-142.98329,0.87557,1076,42,,-0.387,0.01,0
114,House,20755,24,5,OH,200,R,0,1,"LATTA, Robert E.",L000566,1956,,0.509,0.285,-80.26053,0.93079,1119,30,,0.541,0.216,0
114,House,21164,24,16,OH,200,R,0,1,"RENACCI, Jim",R000586,1958,,0.387,0.143,-143.40055,0.87932,1115,80,,0.372,0.18,0
114,House,20343,24,13,OH,100,D,0,1,"RYAN, Timothy J.",R000577,1973,,-0.402,0.208,-126.95156,0.88939,1083,66,,-0.381,0.036,0
114,House,21163,24,15,OH,200,R,0,1,"STIVERS, Steve",S001187,1965,,0.3,0.269,-104.0801,0.9078,1076,46,,0.314,0.344,0
114,House,20130,24,12,OH,200,R,0,1,"TIBERI, Patrick (Pat)",T000462,1962,,0.386,-0.026,-121.38741,0.8947,1091,57,,0.349,0.302,0
114,House,20342,24,10,OH,200,R,0,1,"TURNER, Michael R.",T000463,1960,,0.266,0.254,-110.97114,0.90122,1067,51,,0.246,0.426,1
114,House,21351,24,2,OH,200,R,0,1,"WENSTRUP, Brad",W000815,1958,,0.527,0.289,-108.4281,0.9071,1112,45,,0.594,0.146,1
114,House,20733,13,9,NY,100,D,0,1,"CLARKE, Yvette Diane",C001067,1964,,-0.607,-0.259,-71.30617,0.93762,1107,34,,-0.594,-0.401,0
114,House,21345,13,27,NY,200,R,0,1,"COLLINS, Chris",C001092,1950,,0.357,0.236,-111.64046,0.90366,1102,49,,0.358,0.225,0
114,House,29925,13,14,NY,100,D,0,1,"CROWLEY, Joseph",C001038,1962,,-0.412,-0.07,-82.14485,0.92715,1086,31,,-0.401,-0.129,0
114,House,21560,13,11,NY,200,R,2,2,"DONOVAN, Daniel M., Jr.",D000625,1956,,0.227,0.095,-150.92566,0.84794,915,58,,0.217,0.144,0
114,House,15603,13,16,NY,100,D,0,1,"ENGEL, Eliot Lance",E000179,1947,,-0.408,-0.093,-130.45409,0.88369,1055,42,,-0.429,0.072,0
114,House,21156,13,19,NY,200,R,0,1,"GIBSON, Christopher",G000564,1964,,0.203,-0.455,-347.40836,0.733,1117,178,,0.205,-0.371,1
114,House,21157,13,22,NY,200,R,0,1,"HANNA, Richard",H001051,1951,2020,0.215,-0.145,-258.38534,0.777,1024,119,,0.199,-0.158,0
114,House,20519,13,26,NY,100,D,0,1,"HIGGINS, Brian",H001038,1959,,-0.348,-0.032,-100.04777,0.91381,1110,36,,-0.362,-0.127,0
114,House,20129,13,3,NY,100,D,0,1,"ISRAEL, Steve",I000057,1958,,-0.334,-0.051,-92.75235,0.919,1101,51,,-0.394,0.009,0
114,House,21343,13,8,NY,100,D,0,1,"JEFFRIES, Hakeem",J000294,1970,,-0.487,-0.065,-61.3112,0.94535,1091,24,,-0.481,-0.092,0
114,House,21542,13,24,NY,200,R,0,1,"KATKO, John",K000386,1962,,0.185,0.013,-235.72378,0.80913,1113,102,,0.197,-0.025,0
114,House,29375,13,2,NY,200,R,0,1,"KING, Peter T.",K000210,1944,,0.259,-0.03,-174.63569,0.85538,1118,57,,0.22,0.255,0
114,House,15612,13,17,NY,100,D,0,1,"LOWEY, Nita M.",L000480,1937,2025,-0.389,-0.152,-97.13492,0.9165,1114,43,,-0.404,-0.021,0
114,House,29379,13,12,NY,100,D,0,1,"MALONEY, Carolyn Bosher",M000087,1946,,-0.387,-0.285,-96.70271,0.91382,1073,36,,-0.378,-0.12,0
114,House,21344,13,18,NY,100,D,0,1,"MALONEY, Sean Patrick",M001185,1966,,-0.239,0.114,-196.9234,0.8373,1109,89,,-0.258,0.114,0
114,House,29776,13,5,NY,100,D,0,1,"MEEKS, Gregory W.",M001137,1953,,-0.416,-0.063,-100.7502,0.90221,979,31,,-0.397,0.006,0
114,House,21342,13,6,NY,100,D,0,1,"MENG, Grace",M001188,1975,,-0.37,-0.206,-96.37584,0.9153,1089,33,,-0.38,-0.127,0
114,House,29377,13,10,NY,100,D,0,1,"NADLER, Jerrold Lewis",N000002,1947,,-0.507,-0.478,-77.02046,0.92835,1036,41,,-0.47,-0.406,0
114,House,13035,13,13,NY,100,D,0,1,"RANGEL, Charles B.",R000053,1930,,-0.514,-0.341,-100.02235,0.911,1077,41,,-0.498,-0.088,0
114,House,21101,13,23,NY,200,R,0,1,"REED, Thomas W. II",R000585,1971,,0.269,0.12,-144.08472,0.87785,1106,64,,0.278,0.161,0
114,House,21540,13,4,NY,100,D,0,1,"RICE, Kathleen Maura",R000602,1965,,-0.28,0.039,-152.03764,0.86754,1070,77,,-0.271,-0.09,0
114,House,29134,13,15,NY,100,D,0,1,"SERRANO, Jos√© E.",S000248,1943,,-0.491,-0.377,-63.82062,0.94456,1119,36,,-0.471,-0.31,0
114,House,15444,13,25,NY,100,D,0,1,"SLAUGHTER, Louise McIntosh",S000480,1929,2018,-0.465,-0.104,-87.21867,0.92424,1107,40,,-0.485,-0.096,0
114,House,21541,13,21,NY,200,R,0,1,"STEFANIK, Elise M",S001196,1984,,0.306,-0.114,-211.3394,0.82859,1124,83,,0.204,0.077,1
114,House,20934,13,20,NY,100,D,0,1,"TONKO, Paul",T000469,1949,,-0.416,-0.261,-84.58837,0.92611,1102,30,,-0.434,-0.273,0
114,House,29378,13,7,NY,100,D,0,1,"VEL√ÅZQUEZ, Nydia M.",V000081,1953,,-0.547,-0.367,-63.03791,0.94494,1113,25,,-0.503,-0.33,0
114,House,21539,13,1,NY,200,R,0,1,"ZELDIN, Lee M",Z000017,1980,,0.397,-0.129,-204.76749,0.83291,1120,82,,0.331,-0.071,0
114,House,21196,65,2,NV,200,R,0,1,"AMODEI, Mark E.",A000369,1958,,0.384,0.208,-113.60445,0.89791,1055,45,,0.323,0.459,0
114,House,21534,65,4,NV,200,R,0,1,"HARDY, Cresent Leo",H001070,1957,,0.353,0.209,-119.1218,0.897,1099,51,,0.353,0.203,0
114,House,21151,65,3,NV,200,R,0,1,"HECK, Joe",H001055,1961,,0.324,0.014,-170.65291,0.853,1074,83,,0.364,-0.073,1
114,House,20927,65,1,NV,100,D,0,1,"TITUS, Alice (Dina)",T000468,1950,,-0.298,-0.165,-113.54344,0.89905,1067,41,,-0.297,-0.252,0
114,House,20932,66,3,NM,100,D,0,1,"LUJ√ÅN, Ben Ray",L000570,1972,,-0.376,0.026,-112.8856,0.90371,1115,41,,-0.388,0.108,0
114,House,21341,66,1,NM,100,D,0,1,"LUJAN GRISHAM, Michelle",L000580,1959,,-0.313,0.047,-131.90424,0.88422,1072,48,,-0.362,0.179,0
114,House,20337,66,2,NM,200,R,0,1,"PEARCE, Stevan",P000588,1947,,0.472,0.064,-153.22132,0.86518,1058,70,,0.509,0.003,0
114,House,29541,12,11,NJ,200,R,0,1,"FRELINGHUYSEN, Rodney P.",F000372,1946,,0.292,-0.262,-220.45187,0.82133,1120,85,,0.266,0.412,0
114,House,20336,12,5,NJ,200,R,0,1,"GARRETT, Scott",G000548,1959,,0.688,-0.243,-161.0892,0.864,1099,76,,0.622,-0.476,0
114,House,20929,12,7,NJ,200,R,0,1,"LANCE, Leonard",L000567,1952,,0.329,-0.237,-214.44596,0.82645,1125,110,,0.374,-0.144,0
114,House,29539,12,2,NJ,200,R,0,1,"LoBIONDO, Frank A.",L000554,1946,,0.211,-0.224,-257.13908,0.79567,1125,119,,0.233,-0.195,1
114,House,21537,12,3,NJ,200,R,0,1,"MacARTHUR, Thomas Charles",M001193,1960,,0.206,0.274,-174.19264,0.85513,1113,75,,0.207,0.259,1
114,House,21536,12,1,NJ,100,D,0,1,"NORCROSS, Donald",N000188,1958,,-0.418,0.338,-131.76386,0.88797,1109,63,,-0.375,0.225,1
114,House,15454,12,6,NJ,100,D,0,1,"PALLONE, Frank, Jr.",P000034,1951,,-0.402,-0.161,-90.33617,0.92157,1106,46,,-0.454,-0.405,0
114,House,29741,12,9,NJ,100,D,0,1,"PASCRELL, William J., Jr.",P000096,1937,2024,-0.369,-0.004,-113.17023,0.90232,1101,40,,-0.409,0.04,0
114,House,31103,12,10,NJ,100,D,0,1,"PAYNE, Donald, Jr.",P000604,1958,2024,-0.52,-0.096,-76.05605,0.91999,912,30,,-0.524,-0.084,0
114,House,20542,12,8,NJ,100,D,0,1,"SIRES, Albio",S001165,1951,,-0.404,0.098,-149.28821,0.86977,1070,67,,-0.361,0.095,0
114,House,14863,12,4,NJ,200,R,0,1,"SMITH, Christopher Henry",S000522,1953,,0.181,-0.172,-303.25353,0.7615,1113,121,,0.278,-0.147,0
114,House,21538,12,12,NJ,100,D,0,1,"WATSON COLEMAN, Bonnie",W000822,1945,,-0.597,-0.221,-75.09076,0.93487,1115,38,,-0.525,-0.427,0
114,House,21535,4,1,NH,200,R,0,1,"GUINTA, Frank",G000570,1970,,0.427,-0.073,-156.51923,0.868,1110,61,,0.429,-0.088,0
114,House,21340,4,2,NH,100,D,0,1,"KUSTER, Ann McLane",K000382,1956,,-0.264,-0.086,-128.60191,0.89125,1117,50,,-0.257,-0.129,0
114,House,21533,35,2,NE,100,D,0,1,"ASHFORD, John Bradley",A000373,1949,2022,-0.185,0.441,-325.13112,0.746,1112,137,,-0.181,0.427,1
114,House,20518,35,1,NE,200,R,0,1,"FORTENBERRY, Jeff",F000449,1960,,0.304,-0.061,-189.39435,0.84327,1111,80,,0.318,-0.007,0
114,House,20729,35,3,NE,200,R,0,1,"SMITH, Adrian",S001172,1970,,0.511,0.252,-80.36833,0.93046,1115,26,,0.557,0.353,0
114,House,21350,36,1,ND,200,R,0,1,"CRAMER, Kevin",C001096,1961,,0.397,0.371,-98.99556,0.91379,1098,40,,0.396,0.263,0
114,House,21545,47,12,NC,100,D,0,1,"ADAMS, Alma",A000370,1946,,-0.461,-0.006,-54.88259,0.9486,1040,23,,-0.475,0.017,0
114,House,20340,47,1,NC,100,D,0,1,"BUTTERFIELD, George Kenneth, Jr. (G.K.)",B001251,1947,,-0.404,0.184,-92.79278,0.91752,1078,32,,-0.441,0.183,0
114,House,21159,47,2,NC,200,R,0,1,"ELLMERS, Renee",E000291,1964,,0.406,0.338,-143.7411,0.868,1018,63,,0.384,0.172,0
114,House,20521,47,5,NC,200,R,0,1,"FOXX, Virginia Ann",F000450,1943,,0.623,0.174,-142.00053,0.879,1101,70,,0.566,-0.095,0
114,House,21349,47,13,NC,200,R,0,1,"HOLDING, George E.B.",H001065,1968,,0.604,0.165,-98.43318,0.91594,1121,51,,0.652,0.039,0
114,House,21346,47,8,NC,200,R,0,1,"HUDSON, Richard",H001067,1971,,0.523,0.212,-96.61795,0.91225,1052,41,,0.647,0.146,0
114,House,29546,47,3,NC,200,R,0,1,"JONES, Walter Beaman, Jr.",J000255,1943,2019,0.244,-0.362,-1060.08808,0.37778,1089,411,,0.416,-0.909,1
114,House,20522,47,10,NC,200,R,0,1,"McHENRY, Patrick T.",M001156,1975,,0.524,0.156,-93.34562,0.91997,1119,35,,0.506,0.337,0
114,House,21348,47,11,NC,200,R,0,1,"MEADOWS, Mark",M001187,1959,,0.605,-0.201,-126.69667,0.89213,1110,55,,0.62,-0.198,0
114,House,21347,47,9,NC,200,R,0,1,"PITTENGER, Robert",P000606,1948,,0.561,0.333,-87.25441,0.92421,1107,43,,0.535,0.291,0
114,House,15438,47,4,NC,100,D,0,1,"PRICE, David Eugene",P000523,1940,,-0.343,-0.03,-86.29227,0.92409,1093,28,,-0.447,0.015,0
114,House,21544,47,7,NC,200,R,0,1,"ROUZER, David",R000603,1972,,0.565,0.291,-96.91276,0.91732,1123,51,,0.609,0.102,0
114,House,21543,47,6,NC,200,R,0,1,"WALKER, Bradley Mark",W000819,1969,,0.641,0.017,-98.37573,0.91475,1104,40,,0.619,-0.006,0
114,House,21532,64,1,MT,200,R,0,1,"ZINKE, Ryan",Z000018,1961,,0.442,-0.137,-194.46782,0.83836,1103,63,,0.412,-0.097,1
114,House,20925,46,3,MS,200,R,0,1,"HARPER, Gregg",H001045,1956,,0.384,0.48,-91.55113,0.92028,1102,36,,0.345,0.658,0
114,House,21561,46,1,MS,200,R,2,2,"KELLY, Trent",K000388,1966,,0.638,0.29,-77.45554,0.9108,829,33,,0.542,0.384,0
114,House,21147,46,1,MS,200,R,1,1,"NUNNELEE, Alan",N000186,1958,2015,0.488,0.574,,,,,,,,0
114,House,21148,46,4,MS,200,R,0,1,"PALAZZO, Steven",P000601,1970,,0.535,0.45,-109.4719,0.90318,1075,63,,0.487,0.495,0
114,House,29368,46,2,MS,100,D,0,1,"THOMPSON, Bennie",T000193,1948,,-0.519,0.391,-119.65061,0.89513,1080,56,,-0.534,0.293,0
114,House,20147,34,1,MO,100,D,0,1,"CLAY, William Lacy, Jr.",C001049,1956,,-0.481,-0.078,-106.88393,0.90635,1087,38,,-0.483,0.106,0
114,House,20517,34,5,MO,100,D,0,1,"CLEAVER, Emanuel, II",C001061,1944,,-0.452,-0.001,-100.85121,0.90524,1013,36,,-0.488,0.069,0
114,House,20124,34,6,MO,200,R,0,1,"GRAVES, Samuel",G000546,1963,,0.448,0.164,-135.06508,0.87973,1054,57,,0.376,0.233,1
114,House,21149,34,4,MO,200,R,0,1,"HARTZLER, Vicky",H001053,1960,,0.478,0.229,-95.63314,0.91809,1119,43,,0.509,0.535,1
114,House,21150,34,7,MO,200,R,0,1,"LONG, Billy",L000576,1955,,0.544,0.244,-88.40148,0.92106,1075,38,,0.505,0.53,0
114,House,20926,34,3,MO,200,R,0,1,"LUETKEMEYER, Blaine",L000569,1952,,0.45,0.247,-86.58372,0.9247,1106,37,,0.429,0.36,0
114,House,21373,34,8,MO,200,R,0,1,"SMITH, Jason",S001195,1980,,0.577,0.212,-82.0412,0.92906,1115,42,,0.609,0.138,0
114,House,21337,34,2,MO,200,R,0,1,"WAGNER, Ann",W000812,1962,,0.39,0.297,-91.20001,0.91688,1051,33,,0.44,0.269,0
114,House,20727,33,5,MN,100,D,0,1,"ELLISON, Keith",E000288,1963,,-0.537,-0.58,-91.04381,0.91887,1076,35,,-0.481,-0.504,0
114,House,21531,33,6,MN,200,R,0,1,"EMMER, Thomas Earl II",E000294,1961,,0.467,-0.07,-180.45287,0.85095,1118,79,,0.423,-0.079,0
114,House,20333,33,2,MN,200,R,0,1,"KLINE, John",K000363,1947,,0.49,0.154,-112.95818,0.904,1114,45,,0.394,0.302,1
114,House,20122,33,4,MN,100,D,0,1,"McCOLLUM, Betty",M001143,1954,,-0.419,-0.184,-91.43049,0.92086,1109,31,,-0.457,-0.077,0
114,House,14263,33,8,MN,100,D,0,1,"NOLAN, Richard Michael",N000127,1943,2024,-0.372,-0.372,-183.48773,0.84389,1081,68,,-0.275,-0.325,0
114,House,20924,33,3,MN,200,R,0,1,"PAULSEN, Erik",P000594,1965,,0.402,-0.191,-166.84159,0.86091,1114,77,,0.392,-0.128,0
114,House,29127,33,7,MN,100,D,0,1,"PETERSON, Collin Clark",P000258,1944,,-0.148,0.712,-460.60355,0.6616,1115,231,,-0.107,0.584,0
114,House,20726,33,1,MN,100,D,0,1,"WALZ, Tim",W000799,1964,,-0.275,0.131,-195.44699,0.83895,1113,80,,-0.261,0.1,1
114,House,21143,23,3,MI,200,R,0,1,"AMASH, Justin",A000367,1980,,0.654,-0.757,-486.11045,0.6484,1122,175,,0.573,-0.82,0
114,House,21141,23,1,MI,200,R,0,1,"BENISHEK, Dan",B001271,1952,2021,0.491,-0.15,-198.80694,0.838,1122,105,,0.407,-0.042,0
114,House,21527,23,8,MI,200,R,0,1,"BISHOP, Michael Dean",B001293,1967,,0.451,0.095,-122.50499,0.89639,1120,57,,0.437,0.129,0
114,House,10713,23,13,MI,100,D,0,1,"CONYERS, John, Jr.",C000714,1929,2019,-0.658,-0.512,-101.50849,0.90981,1074,38,,-0.538,-0.303,0
114,House,21529,23,12,MI,100,D,0,1,"DINGELL, Debbie",D000624,1953,,-0.402,-0.188,-83.37183,0.92682,1097,34,,-0.464,0.03,0
114,House,21142,23,2,MI,200,R,0,1,"HUIZENGA, Bill",H001058,1969,,0.533,0.044,-117.69966,0.89764,1090,50,,0.596,-0.043,0
114,House,21372,23,5,MI,100,D,0,1,"KILDEE, Dan",K000380,1958,,-0.359,-0.183,-84.62652,0.92582,1098,28,,-0.433,-0.164,0
114,House,21530,23,14,MI,100,D,0,1,"LAWRENCE, Brenda L",L000581,1954,,-0.448,-0.039,-81.04925,0.92965,1111,34,,-0.455,-0.037,0
114,House,15033,23,9,MI,100,D,0,1,"LEVIN, Sander Martin",L000263,1931,,-0.379,-0.091,-82.1549,0.92841,1106,30,,-0.434,-0.02,0
114,House,20331,23,10,MI,200,R,0,1,"MILLER, Candice S.",M001150,1954,,0.343,-0.001,-160.03739,0.859,1056,75,,0.384,0.028,0
114,House,21526,23,4,MI,200,R,0,1,"MOOLENAAR, John",M001194,1961,,0.448,0.163,-103.88895,0.91073,1111,42,,0.429,0.47,0
114,House,21528,23,11,MI,200,R,0,1,"TROTT, David A.",T000475,1960,,0.369,0.257,-108.13286,0.90789,1119,44,,0.373,0.315,0
114,House,15446,23,6,MI,200,R,0,1,"UPTON, Frederick Stephen",U000031,1953,,0.32,-0.355,-209.65006,0.82998,1125,85,,0.31,-0.022,0
114,House,20725,23,7,MI,200,R,0,1,"WALBERG, Tim",W000798,1951,,0.499,0.159,-96.5572,0.91726,1118,45,,0.513,0.215,0
114,House,20920,2,1,ME,100,D,0,1,"PINGREE, Chellie",P000597,1955,,-0.423,-0.367,-87.52271,0.92451,1115,39,,-0.386,-0.374,0
114,House,21524,2,2,ME,200,R,0,1,"POLIQUIN, Bruce Lee",P000611,1953,,0.36,-0.182,-267.95948,0.78755,1122,120,,0.371,-0.262,0
114,House,29587,52,7,MD,100,D,0,1,"CUMMINGS, Elijah Eugene",C000984,1951,2019,-0.438,-0.148,-59.84599,0.94705,1100,23,,-0.512,-0.112,0
114,House,21334,52,6,MD,100,D,0,1,"DELANEY, John",D000620,1963,,-0.276,0.041,-176.33501,0.84608,1055,78,,-0.259,0.022,0
114,House,20763,52,4,MD,100,D,0,1,"EDWARDS, Donna F.",E000290,1958,,-0.562,-0.294,-71.33447,0.937,1097,33,,-0.474,-0.242,0
114,House,21139,52,1,MD,200,R,0,1,"HARRIS, Andy",H001052,1957,,0.673,-0.375,-138.11451,0.88369,1117,59,,0.681,-0.249,0
114,House,14873,52,5,MD,100,D,0,1,"HOYER, Steny Hamilton",H000874,1939,,-0.381,0.122,-93.08583,0.91764,1083,43,,-0.418,0.082,0
114,House,20329,52,2,MD,100,D,0,1,"RUPPERSBERGER, C. A. (Dutch)",R000576,1946,,-0.299,0.12,-175.57033,0.84945,1076,73,,-0.296,0.211,0
114,House,20724,52,3,MD,100,D,0,1,"SARBANES, John",S001168,1962,,-0.466,-0.078,-60.197,0.94698,1105,29,,-0.495,-0.193,0
114,House,20330,52,8,MD,100,D,0,1,"VAN HOLLEN, Christopher",V000128,1959,,-0.396,-0.222,-64.50887,0.94274,1094,18,,-0.473,-0.182,0
114,House,29919,3,7,MA,100,D,0,1,"CAPUANO, Michael Everett",C001037,1952,,-0.58,-0.082,-111.61555,0.90351,1100,62,,-0.443,-0.438,0
114,House,21375,3,5,MA,100,D,0,1,"CLARK, Katherine M.",C001101,1963,,-0.483,-0.268,-69.17883,0.9401,1120,35,,-0.476,-0.477,0
114,House,21140,3,9,MA,100,D,0,1,"KEATING, William R.",K000375,1952,,-0.329,-0.099,-142.82442,0.87855,1103,55,,-0.32,-0.034,0
114,House,21335,3,4,MA,100,D,0,1,"KENNEDY, Joseph P. III",K000379,1980,,-0.421,-0.206,-93.98987,0.91606,1072,36,,-0.443,-0.092,0
114,House,20119,3,8,MA,100,D,0,1,"LYNCH, Stephen F.",L000562,1955,,-0.344,0.049,-153.97444,0.86982,1104,66,,-0.346,0.003,0
114,House,29729,3,2,MA,100,D,0,1,"McGOVERN, James P.",M000312,1959,,-0.538,-0.341,-76.23752,0.93385,1114,37,,-0.46,-0.67,0
114,House,21525,3,6,MA,100,D,0,1,"MOULTON, Seth",M001196,1978,,-0.286,-0.04,-141.09395,0.88144,1118,58,,-0.337,0.017,1
114,House,15616,3,1,MA,100,D,0,1,"NEAL, Richard Edmund",N000015,1949,,-0.417,-0.106,-92.72174,0.91895,1097,51,,-0.392,-0.164,0
114,House,20754,3,3,MA,100,D,0,1,"TSONGAS, Nicola S. (Niki)",T000465,1946,,-0.396,-0.199,-75.6907,0.93225,1079,27,,-0.385,-0.202,1
114,House,21522,45,5,LA,200,R,0,1,"ABRAHAM, Ralph",A000374,1954,,0.541,0.257,-94.00727,0.9197,1123,34,,0.487,0.511,0
114,House,20514,45,3,LA,200,R,0,1,"BOUSTANY, Charles W.",B001255,1956,,0.392,0.308,-102.39446,0.912,1115,40,,0.364,0.703,0
114,House,20918,45,4,LA,200,R,0,1,"FLEMING, John",F000456,1951,,0.59,0.022,-134.43897,0.887,1116,70,,0.678,-0.179,1
114,House,21523,45,6,LA,200,R,0,1,"GRAVES, Garret",G000577,1972,,0.425,0.049,-158.65064,0.86759,1117,68,,0.49,-0.076,0
114,House,21137,45,2,LA,100,D,0,1,"RICHMOND, Cedric",R000588,1973,,-0.486,0.332,-114.13501,0.89945,1077,53,,-0.489,0.32,0
114,House,20759,45,1,LA,200,R,0,1,"SCALISE, Steve",S001176,1965,,0.558,0.168,-88.10438,0.9237,1110,32,,0.517,0.296,0
114,House,21333,51,6,KY,200,R,0,1,"BARR, Garland H. (Andy) IV",B001282,1973,,0.486,0.3,-91.51787,0.92133,1117,46,,0.488,0.445,0
114,House,21565,51,1,KY,200,R,2,2,"COMER, James",C001108,1972,,0.592,-0.057,-1.9176,0.94002,31,1,,0.608,0.542,0
114,House,20916,51,2,KY,200,R,0,1,"GUTHRIE, Brett",G000558,1964,,0.428,0.269,-90.64424,0.92199,1116,44,,0.522,0.294,0
114,House,31102,51,4,KY,200,R,0,1,"MASSIE, Thomas",M001184,1971,,0.678,-0.735,-394.63982,0.7017,1114,144,,0.991,-0.136,0
114,House,14854,51,5,KY,200,R,0,1,"ROGERS, Harold Dallas (Hal)",R000395,1937,,0.333,0.152,-92.22853,0.92048,1113,28,,0.298,0.709,0
114,House,29525,51,1,KY,200,R,1,1,"WHITFIELD, Wayne Edward (Ed)",W000413,1943,,0.303,0.182,-161.20582,0.845,956,51,,0.308,0.2,0
114,House,20723,51,3,KY,100,D,0,1,"YARMUTH, John",Y000062,1947,,-0.378,-0.275,-71.77726,0.93337,1041,27,,-0.421,-0.349,0
114,House,21134,32,1,KS,200,R,0,1,"HUELSKAMP, Tim",H001057,1968,,0.744,-0.466,-167.58324,0.859,1103,69,,0.919,-0.395,0
114,House,20915,32,2,KS,200,R,0,1,"JENKINS, Lynn",J000290,1963,,0.523,0.004,-110.06119,0.90462,1098,49,,0.532,-0.001,0
114,House,21136,32,4,KS,200,R,0,1,"POMPEO, Mike",P000602,1963,,0.66,0.164,-79.15451,0.92939,1081,28,,0.634,0.15,0
114,House,21135,32,3,KS,200,R,0,1,"YODER, Kevin",Y000063,1976,,0.558,0.03,-118.67899,0.89851,1109,61,,0.556,-0.041,0
114,House,21331,22,5,IN,200,R,0,1,"BROOKS, Susan",B001284,1960,,0.352,0.217,-107.55346,0.90781,1112,48,,0.363,0.306,0
114,House,21132,22,8,IN,200,R,0,1,"BUCSHON, Larry",B001275,1962,,0.38,0.385,-102.00409,0.9128,1118,55,,0.363,0.311,0
114,House,20757,22,7,IN,100,D,0,1,"CARSON, Andr√©",C001072,1974,,-0.435,0.03,-119.81547,0.8975,1108,43,,-0.472,0.061,0
114,House,21332,22,6,IN,200,R,0,1,"MESSER, Luke",M001189,1969,,0.563,-0.086,-114.3569,0.90244,1114,46,,0.554,-0.124,0
114,House,21131,22,4,IN,200,R,0,1,"ROKITA, Todd",R000592,1970,,0.602,-0.16,-149.19175,0.87381,1106,57,,0.559,-0.225,0
114,House,21100,22,3,IN,200,R,0,1,"STUTZMAN, Marlin",S001188,1976,,0.728,-0.119,-92.3176,0.91667,1061,40,,0.715,-0.221,0
114,House,15124,22,1,IN,100,D,0,1,"VISCLOSKY, Peter",V000108,1949,,-0.402,0.244,-159.45054,0.8663,1111,70,,-0.453,0.068,0
114,House,21330,22,2,IN,200,R,0,1,"WALORSKI, Jackie",W000813,1963,2022,0.436,0.315,-74.28323,0.93538,1112,29,,0.45,0.391,1
114,House,21133,22,9,IN,200,R,0,1,"YOUNG, Todd",Y000064,1972,,0.439,-0.026,-109.02714,0.90415,1082,44,,0.464,0.056,0
114,House,21519,21,12,IL,200,R,0,1,"BOST, Mike",B001295,1960,,0.397,-0.031,-146.79008,0.87203,1072,78,,0.279,0.374,0
114,House,21329,21,17,IL,100,D,0,1,"BUSTOS, Cheri",B001286,1961,,-0.239,0.054,-147.71858,0.87633,1119,47,,-0.274,0.116,0
114,House,29717,21,7,IL,100,D,0,1,"DAVIS, Danny K.",D000096,1941,,-0.487,-0.266,-78.49553,0.92971,1077,27,,-0.505,0.009,0
114,House,21328,21,13,IL,200,R,0,1,"DAVIS, Rodney",D000619,1970,,0.279,0.17,-146.67929,0.87601,1108,70,,0.284,0.107,0
114,House,21518,21,10,IL,200,R,0,1,"DOLD, Robert",D000613,1969,,0.176,-0.207,-292.99709,0.768,1112,142,,0.174,-0.205,0
114,House,21325,21,8,IL,100,D,0,1,"DUCKWORTH, Tammy",D000622,1968,,-0.342,0.062,-119.47443,0.88833,1009,54,,-0.304,0.078,1
114,House,20749,21,11,IL,100,D,0,1,"FOSTER, Bill",F000454,1955,,-0.238,-0.224,-136.15225,0.88544,1119,57,,-0.279,-0.22,0
114,House,29348,21,4,IL,100,D,0,1,"GUTI√âRREZ, Luis V.",G000535,1953,,-0.487,-0.26,-68.53368,0.93402,1004,34,,-0.507,-0.296,0
114,House,21129,21,14,IL,200,R,0,1,"HULTGREN, Randy",H001059,1966,,0.49,-0.034,-112.10689,0.90435,1115,47,,0.479,0.087,0
114,House,21371,21,2,IL,100,D,0,1,"KELLY, Robin L.",K000385,1956,,-0.473,-0.021,-80.00968,0.92677,1052,29,,-0.429,-0.071,0
114,House,21128,21,16,IL,200,R,0,1,"KINZINGER, Adam",K000378,1978,,0.234,0.382,-127.78342,0.89208,1119,65,,0.252,0.235,0
114,House,21562,21,18,IL,200,R,2,2,"LaHOOD, Darin",L000585,1968,,0.46,0.222,-67.0798,0.90659,684,26,,0.428,0.056,0
114,House,20508,21,3,IL,100,D,0,1,"LIPINSKI, Daniel",L000563,1966,,-0.227,0.176,-289.96139,0.76717,1094,113,,-0.219,0.188,0
114,House,20954,21,5,IL,100,D,0,1,"QUIGLEY, Mike",Q000023,1958,,-0.326,-0.231,-110.73228,0.90473,1106,48,,-0.333,-0.073,0
114,House,20715,21,6,IL,200,R,0,1,"ROSKAM, Peter",R000580,1961,,0.429,0.018,-135.14474,0.88082,1065,61,,0.411,0.157,0
114,House,29346,21,1,IL,100,D,0,1,"RUSH, Bobby L.",R000515,1946,,-0.479,-0.203,-107.83655,0.88871,914,41,,-0.475,-0.106,0
114,House,29911,21,9,IL,100,D,0,1,"SCHAKOWSKY, Janice D.",S001145,1944,,-0.602,-0.291,-74.00269,0.93419,1087,33,,-0.58,-0.407,0
114,House,20914,21,18,IL,200,R,1,1,"SCHOCK, Aaron",S001179,1981,,0.311,0.185,-15.2141,0.871,110,9,,0.339,-0.161,0
114,House,29718,21,15,IL,200,R,0,1,"SHIMKUS, John M.",S000364,1958,,0.375,0.154,-102.05755,0.91276,1118,45,,0.325,0.428,0
114,House,21125,63,1,ID,200,R,0,1,"LABRADOR, Ra√∫l R.",L000573,1967,,0.735,-0.571,-162.2669,0.86273,1099,72,,0.719,-0.667,0
114,House,29910,63,2,ID,200,R,0,1,"SIMPSON, Michael K.",S001148,1950,,0.296,0.312,-104.35806,0.90988,1105,40,,0.252,0.458,0
114,House,21520,31,1,IA,200,R,0,1,"BLUM, Rod",B001294,1955,,0.527,-0.488,-211.76219,0.82702,1115,74,,0.521,-0.427,0
114,House,20325,31,4,IA,200,R,0,1,"KING, Steve",K000362,1949,,0.613,0.171,-147.07589,0.87235,1077,46,,0.574,0.051,0
114,House,20720,31,2,IA,100,D,0,1,"LOEBSACK, Dave",L000565,1952,,-0.276,-0.027,-103.22539,0.91135,1112,37,,-0.32,-0.027,0
114,House,21521,31,3,IA,200,R,0,1,"YOUNG, David",Y000066,1968,,0.442,-0.038,-143.93891,0.8799,1125,63,,0.443,0.04,0
114,House,21324,82,2,HI,100,D,0,1,"GABBARD, Tulsi",G000571,1981,,-0.274,-0.282,-164.23551,0.86349,1119,61,,-0.291,-0.23,1
114,House,21124,82,1,HI,100,D,2,2,"HANABUSA, Colleen",H001050,1951,,-0.37,0.004,-0.91855,0.9708,31,0,,-0.515,0.34,1
114,House,21517,82,1,HI,100,D,1,1,"TAKAI, Mark",T000473,1967,2016,-0.363,-0.038,-63.51748,0.906,646,19,,-0.364,-0.028,0
114,House,21516,44,12,GA,200,R,0,1,"ALLEN, Rick W.",A000372,1951,,0.69,0.281,-76.46367,0.93349,1111,27,,0.617,0.446,0
114,House,29339,44,2,GA,100,D,0,1,"BISHOP, Sanford Dixon, Jr.",B000490,1947,,-0.287,0.447,-268.72346,0.78412,1105,128,,-0.308,0.514,0
114,House,21513,44,1,GA,200,R,0,1,"CARTER, Buddy",C001103,1957,,0.557,0.345,-100.66453,0.91338,1111,55,,0.551,0.272,0
114,House,21323,44,9,GA,200,R,0,1,"COLLINS, Doug",C001093,1966,,0.61,0.134,-106.58377,0.90797,1104,55,,0.659,-0.025,0
114,House,20962,44,14,GA,200,R,0,1,"GRAVES, Tom",G000560,1970,,0.716,-0.002,-103.2938,0.91053,1102,57,,0.632,0.036,0
114,House,21514,44,10,GA,200,R,0,1,"HICE, Jody Brownlow",H001071,1960,,0.797,-0.242,-103.53652,0.9114,1116,53,,0.713,-0.115,0
114,House,20712,44,4,GA,100,D,0,1,"JOHNSON, Hank",J000288,1954,,-0.477,-0.052,-126.76662,0.89002,1088,39,,-0.477,0.031,1
114,House,15431,44,5,GA,100,D,0,1,"LEWIS, John R.",L000287,1940,2020,-0.589,-0.221,-72.96987,0.93262,1046,35,,-0.538,-0.412,0
114,House,21515,44,11,GA,200,R,0,1,"LOUDERMILK, Barry D.",L000583,1963,,0.68,0.025,-111.19307,0.90344,1095,51,,0.668,-0.097,0
114,House,20505,44,6,GA,200,R,0,1,"PRICE, Tom",P000591,1954,,0.644,-0.073,-98.5592,0.91317,1085,56,,0.635,-0.081,0
114,House,21123,44,8,GA,200,R,0,1,"SCOTT, Austin",S001189,1969,,0.535,0.363,-72.54635,0.93606,1098,21,,0.602,0.293,1
114,House,20321,44,13,GA,100,D,0,1,"SCOTT, David",S001157,1945,,-0.304,0.169,-175.49769,0.84847,1068,68,,-0.276,0.135,0
114,House,20506,44,3,GA,200,R,0,1,"WESTMORELAND, Lynn A.",W000796,1950,,0.672,0.189,-145.79575,0.857,946,55,,0.597,-0.024,0
114,House,21122,44,7,GA,200,R,0,1,"WOODALL, Rob",W000810,1970,,0.593,-0.173,-134.22985,0.886,1109,66,,0.597,-0.269,0
114,House,20758,43,12,FL,200,R,0,1,"BILIRAKIS, Gus",B001257,1963,,0.423,-0.032,-127.53308,0.89219,1118,55,,0.519,-0.007,0
114,House,29328,43,5,FL,100,D,0,1,"BROWN, Corrine",B000911,1946,,-0.429,0.192,-108.58497,0.895,983,39,,-0.508,0.387,0
114,House,20709,43,16,FL,200,R,0,1,"BUCHANAN, Vernon G.",B001260,1951,,0.362,-0.084,-193.10001,0.83389,1063,79,,0.369,-0.16,0
114,House,20708,43,14,FL,100,D,0,1,"CASTOR, Kathy",C001066,1966,,-0.438,0.072,-87.05508,0.92364,1096,43,,-0.429,-0.016,0
114,House,21377,43,19,FL,200,R,0,1,"CLAWSON, Curt",C001102,1959,,0.626,-0.509,-201.38303,0.824,1041,71,,0.587,-0.487,0
114,House,20111,43,4,FL,200,R,0,1,"CRENSHAW, Ander",C001045,1944,,0.333,0.337,-89.92786,0.922,1109,23,,0.303,0.618,0
114,House,21512,43,26,FL,200,R,0,1,"CURBELO, Carlos",C001107,1980,,0.211,-0.185,-267.40067,0.78437,1101,131,,0.192,-0.188,0
114,House,21318,43,6,FL,200,R,0,1,"DeSANTIS, Ron",D000621,1978,,0.663,-0.105,-100.61049,0.9132,1108,56,,0.631,-0.135,0
114,House,20959,43,21,FL,100,D,0,1,"DEUTCH, Theodore E. (Ted)",D000610,1966,,-0.401,-0.078,-83.0382,0.92465,1060,31,,-0.428,-0.021,0
114,House,20316,43,25,FL,200,R,0,1,"DIAZ-BALART, Mario",D000600,1961,,0.281,0.158,-147.37608,0.87472,1101,57,,0.227,0.257,0
114,House,21321,43,22,FL,100,D,0,1,"FRANKEL, Lois",F000462,1948,,-0.396,-0.025,-79.07292,0.93094,1105,27,,-0.428,-0.054,0
114,House,21511,43,2,FL,100,D,0,1,"GRAHAM, Gwendolyn (Gwen)",G000575,1963,,-0.233,0.255,-239.05872,0.808,1124,96,,-0.236,0.271,1
114,House,20908,43,9,FL,100,D,0,1,"GRAYSON, Alan",G000556,1958,,-0.363,-0.457,-179.64887,0.849,1099,63,,-0.333,-0.597,0
114,House,29337,43,20,FL,100,D,0,1,"HASTINGS, Alcee Lamar",H000324,1936,2021,-0.564,0.157,-116.33132,0.88417,945,51,,-0.47,0.027,0
114,House,21401,43,13,FL,200,R,0,1,"JOLLY, David W.",J000296,1972,,0.23,0.058,-228.78436,0.807,1065,93,,0.23,0.043,0
114,House,29331,43,7,FL,200,R,0,1,"MICA, John L.",M000689,1943,,0.453,0.137,-113.52337,0.904,1119,46,,0.443,0.191,0
114,House,20110,43,1,FL,200,R,0,1,"MILLER, Jefferson B. (Jeff)",M001144,1959,,0.633,0.155,-89.73545,0.921,1089,45,,0.618,0.059,1
114,House,21319,43,18,FL,100,D,0,1,"MURPHY, Patrick",M001191,1983,,-0.186,-0.026,-209.56091,0.824,1085,85,,-0.244,-0.019,0
114,House,21115,43,11,FL,200,R,0,1,"NUGENT, Richard",N000185,1951,,0.483,0.077,-157.24613,0.851,973,75,,0.463,-0.073,1
114,House,20909,43,8,FL,200,R,0,1,"POSEY, Bill",P000599,1947,,0.533,-0.353,-200.79616,0.836,1121,76,,0.601,-0.394,0
114,House,20910,43,17,FL,200,R,0,1,"ROONEY, Thomas J.",R000583,1970,,0.458,0.013,-134.07825,0.88305,1078,75,,0.458,0.061,0
114,House,15634,43,27,FL,200,R,0,1,"ROS-LEHTINEN, Ileana",R000435,1952,,0.244,-0.225,-263.13497,0.78861,1108,135,,0.204,-0.142,0
114,House,21117,43,15,FL,200,R,0,1,"ROSS, Dennis",R000593,1959,,0.531,0.099,-110.46737,0.90519,1109,42,,0.49,0.239,0
114,House,20504,43,23,FL,100,D,0,1,"WASSERMAN SCHULTZ, Debbie",W000797,1966,,-0.415,0.103,-85.8249,0.92042,1035,31,,-0.467,0.118,0
114,House,21116,43,10,FL,200,R,0,1,"WEBSTER, Daniel A.",W000806,1949,,0.523,-0.078,-135.32441,0.88089,1067,52,,0.499,0.085,0
114,House,21118,43,24,FL,100,D,0,1,"WILSON, Frederica",W000808,1942,,-0.476,-0.006,-73.20077,0.9321,1041,28,,-0.509,0.05,0
114,House,21317,43,3,FL,200,R,0,1,"YOHO, Ted",Y000065,1955,,0.704,-0.365,-178.26393,0.85163,1110,74,,0.667,-0.511,0
114,House,21113,11,1,DE,100,D,0,1,"CARNEY, John C., Jr.",C001083,1956,,-0.256,-0.142,-141.76971,0.879,1100,57,,-0.275,-0.117,0
114,House,20706,1,2,CT,100,D,0,1,"COURTNEY, Joe",C001069,1953,,-0.337,0.041,-109.51566,0.90613,1111,44,,-0.331,-0.007,1
114,House,29109,1,3,CT,100,D,0,1,"DeLAURO, Rosa L.",D000216,1943,,-0.414,-0.107,-82.83191,0.92597,1077,25,,-0.424,-0.075,0
114,House,21316,1,5,CT,100,D,0,1,"ESTY, Elizabeth",E000293,1959,,-0.315,-0.078,-102.61756,0.91237,1119,39,,-0.312,-0.09,0
114,House,20907,1,4,CT,100,D,0,1,"HIMES, James A.",H001047,1966,,-0.241,-0.21,-154.66065,0.87016,1112,63,,-0.26,-0.207,0
114,House,29908,1,1,CT,100,D,0,1,"LARSON, John B.",L000557,1948,,-0.396,-0.038,-106.49586,0.90568,1075,44,,-0.368,-0.049,0
114,House,21510,62,4,CO,200,R,0,1,"BUCK, Kenneth Robert",B001297,1959,,0.655,-0.432,-141.88651,0.87505,1063,69,,0.729,-0.521,0
114,House,20906,62,6,CO,200,R,0,1,"COFFMAN, Mike",C001077,1955,,0.492,-0.213,-187.53988,0.8457,1119,71,,0.461,-0.237,1
114,House,29710,62,1,CO,100,D,0,1,"DeGETTE, Diana",D000197,1957,,-0.431,-0.308,-80.27133,0.93054,1115,32,,-0.429,-0.171,0
114,House,20704,62,5,CO,200,R,0,1,"LAMBORN, Doug",L000564,1954,,0.665,0.257,-75.7487,0.93292,1091,28,,0.653,0.231,1
114,House,20705,62,7,CO,100,D,0,1,"PERLMUTTER, Ed",P000593,1953,,-0.282,0.072,-154.74421,0.86708,1085,63,,-0.315,0.032,0
114,House,20904,62,2,CO,100,D,0,1,"POLIS, Jared",P000598,1975,,-0.278,-0.692,-208.88905,0.82832,1109,84,,-0.254,-0.967,0
114,House,21111,62,3,CO,200,R,0,1,"TIPTON, Scott",T000470,1956,,0.451,-0.023,-132.05947,0.88859,1118,72,,0.526,-0.082,0
114,House,21506,71,31,CA,100,D,0,1,"AGUILAR, Peter Rey",A000371,1979,,-0.324,0.14,-177.20139,0.84996,1090,93,,-0.266,0.124,1
114,House,21110,71,37,CA,100,D,0,1,"BASS, Karen",B001270,1953,,-0.584,-0.098,-91.00817,0.91504,1025,43,,-0.61,-0.057,0
114,House,29316,71,34,CA,100,D,0,1,"BECERRA, Xavier",B000287,1958,,-0.512,-0.283,-79.99934,0.92783,1068,34,,-0.485,-0.456,0
114,House,21304,71,7,CA,100,D,0,1,"BERA, Ami",B001287,1965,,-0.247,0.008,-169.84859,0.858,1109,79,,-0.248,0.031,0
114,House,21308,71,26,CA,100,D,0,1,"BROWNLEY, Julia",B001285,1952,,-0.303,0.05,-153.73521,0.87163,1119,77,,-0.276,0.05,0
114,House,21309,71,29,CA,100,D,0,1,"C√ÅRDENAS, Tony",C001097,1963,,-0.39,-0.046,-109.95238,0.89921,1035,43,,-0.361,-0.095,0
114,House,29323,71,42,CA,200,R,0,1,"CALVERT, Ken",C000059,1953,,0.339,0.276,-92.39415,0.92034,1113,28,,0.296,0.48,0
114,House,29774,71,24,CA,100,D,0,1,"CAPPS, Lois",C001036,1938,,-0.389,-0.227,-81.8492,0.927,1077,26,,-0.374,-0.219,0
114,House,20955,71,27,CA,100,D,0,1,"CHU, Judy",C001080,1953,,-0.482,-0.37,-51.80707,0.95278,1071,22,,-0.501,-0.342,0
114,House,21305,71,8,CA,200,R,0,1,"COOK, Paul",C001094,1943,,0.372,0.208,-112.52921,0.90318,1105,50,,0.39,0.266,1
114,House,20501,71,16,CA,100,D,0,1,"COSTA, Jim",C001059,1952,,-0.198,0.448,-420.9125,0.67797,1083,216,,-0.149,0.348,0
114,House,20108,71,53,CA,100,D,0,1,"DAVIS, Susan A.",D000598,1944,,-0.343,-0.103,-96.16715,0.91758,1118,33,,-0.384,0.071,1
114,House,21109,71,10,CA,200,R,0,1,"DENHAM, Jeff",D000612,1967,,0.306,0.212,-166.05767,0.86186,1117,76,,0.26,0.182,0
114,House,21504,71,11,CA,100,D,0,1,"DESAULNIER, Mark James",D000623,1952,,-0.513,-0.362,-66.26041,0.94215,1112,31,,-0.491,-0.269,0
114,House,29312,71,18,CA,100,D,0,1,"ESHOO, Anna Georges",E000215,1942,,-0.379,-0.372,-75.54946,0.9338,1103,36,,-0.374,-0.297,0
114,House,29313,71,20,CA,100,D,0,1,"FARR, Sam",F000030,1941,,-0.455,-0.219,-107.70226,0.904,1067,46,,-0.494,-0.141,0
114,House,20958,71,3,CA,100,D,0,1,"GARAMENDI, John",G000559,1945,,-0.314,-0.097,-163.72863,0.85957,1082,59,,-0.289,-0.017,1
114,House,21195,71,44,CA,100,D,0,1,"HAHN, Janice",H001063,1952,,-0.39,-0.376,-83.71876,0.926,1089,38,,-0.342,-0.364,0
114,House,20103,71,17,CA,100,D,0,1,"HONDA, Mike",H001034,1941,,-0.529,-0.482,-57.09059,0.95,1113,27,,-0.528,-0.6,0
114,House,21303,71,2,CA,100,D,0,1,"HUFFMAN, Jared",H001068,1964,,-0.431,-0.51,-83.11972,0.92766,1107,39,,-0.442,-0.474,0
114,House,20963,71,50,CA,200,R,0,1,"HUNTER, Duncan Duane",H001048,1976,,0.539,0.085,-133.77429,0.88694,1115,62,,0.496,0.133,1
114,House,20107,71,49,CA,200,R,0,1,"ISSA, Darrell",I000056,1953,,0.478,0.023,-143.1552,0.8765,1086,56,,0.501,-0.115,0
114,House,21505,71,25,CA,200,R,0,1,"KNIGHT, Steve",K000387,1966,,0.397,0.188,-119.03516,0.89848,1112,50,,0.446,0.118,1
114,House,21302,71,1,CA,200,R,0,1,"LaMALFA, Doug",L000578,1960,,0.541,0.012,-108.72282,0.90613,1103,39,,0.556,0.025,0
114,House,29778,71,13,CA,100,D,0,1,"LEE, Barbara",L000551,1946,,-0.676,-0.582,-48.53142,0.95424,1036,15,,-0.638,-0.718,0
114,House,21507,71,33,CA,100,D,0,1,"LIEU, Ted",L000582,1969,,-0.375,-0.207,-106.07279,0.90169,1025,43,,-0.324,-0.494,0
114,House,29504,71,19,CA,100,D,0,1,"LOFGREN, Zoe",L000397,1947,,-0.397,-0.404,-110.33529,0.89998,1047,51,,-0.409,-0.393,0
114,House,21313,71,47,CA,100,D,0,1,"LOWENTHAL, Alan",L000579,1941,,-0.449,-0.384,-73.55304,0.93638,1119,27,,-0.397,-0.41,0
114,House,20538,71,6,CA,100,D,0,1,"MATSUI, Doris",M001163,1944,,-0.434,-0.142,-68.80447,0.94021,1116,27,,-0.433,-0.099,0
114,House,20703,71,23,CA,200,R,0,1,"MCCARTHY, Kevin",M001165,1965,,0.453,0.233,-84.72801,0.92657,1111,42,,0.475,0.363,0
114,House,20903,71,4,CA,200,R,0,1,"McCLINTOCK, Tom",M001177,1956,,0.672,-0.37,-127.75606,0.89229,1121,50,,0.711,-0.481,0
114,House,20702,71,9,CA,100,D,0,1,"McNERNEY, Jerry",M001166,1951,,-0.263,-0.159,-134.30811,0.88545,1104,45,,-0.346,-0.114,0
114,House,29903,71,32,CA,100,D,0,1,"NAPOLITANO, Grace Flores",N000179,1936,,-0.448,-0.247,-68.53756,0.93846,1079,24,,-0.545,-0.137,0
114,House,20307,71,22,CA,200,R,0,1,"NUNES, Devin",N000181,1973,,0.45,0.223,-106.2503,0.90973,1123,46,,0.335,0.626,0
114,House,15448,71,12,CA,100,D,0,1,"PELOSI, Nancy",P000197,1940,,-0.489,-0.18,-62.72333,0.94136,1038,22,,-0.499,-0.001,0
114,House,21315,71,52,CA,100,D,0,1,"PETERS, Scott",P000608,1958,,-0.193,-0.033,-234.47006,0.80928,1108,112,,-0.199,0.009,1
114,House,15621,71,48,CA,200,R,0,1,"ROHRABACHER, Dana",R000409,1947,,0.626,-0.417,-166.27484,0.85995,1102,74,,0.612,-0.501,0
114,House,29317,71,40,CA,100,D,0,1,"ROYBAL-ALLARD, Lucille",R000486,1941,,-0.469,-0.171,-58.22351,0.94894,1111,27,,-0.518,-0.046,0
114,House,29321,71,39,CA,200,R,0,1,"ROYCE, Edward Randall",R000487,1951,,0.657,-0.353,-199.56944,0.83598,1114,81,,0.485,-0.2,0
114,House,21311,71,36,CA,100,D,0,1,"RUIZ, Raul",R000599,1972,,-0.259,0.045,-165.06304,0.85827,1080,64,,-0.289,0.136,0
114,House,20310,71,38,CA,100,D,0,1,"S√ÅNCHEZ, Linda T.",S001156,1969,,-0.508,-0.132,-61.60944,0.94568,1103,29,,-0.507,-0.115,0
114,House,29709,71,46,CA,100,D,0,1,"SANCHEZ, Loretta",S000030,1960,,-0.367,0.025,-108.19825,0.879,841,48,,-0.36,0.072,1
114,House,20104,71,28,CA,100,D,0,1,"SCHIFF, Adam",S001150,1960,,-0.353,-0.109,-83.55954,0.92792,1117,28,,-0.409,-0.052,0
114,House,29707,71,30,CA,100,D,0,1,"SHERMAN, Brad",S000344,1954,,-0.344,-0.137,-143.07607,0.87977,1117,52,,-0.347,-0.017,0
114,House,20762,71,14,CA,100,D,0,1,"SPEIER, Karen Lorraine Jacqueline (Jackie)",S001175,1950,,-0.381,-0.41,-88.73053,0.91792,1036,43,,-0.405,-0.311,1
114,House,21306,71,15,CA,100,D,0,1,"SWALWELL, Eric",S001193,1980,,-0.355,-0.048,-95.33106,0.91574,1083,46,,-0.36,-0.139,0
114,House,21312,71,41,CA,100,D,0,1,"TAKANO, Mark",T000472,1960,,-0.458,-0.328,-87.27415,0.92536,1125,40,,-0.495,-0.271,0
114,House,29901,71,5,CA,100,D,0,1,"THOMPSON, Michael",T000460,1951,,-0.392,0.072,-106.39996,0.90667,1086,44,,-0.368,-0.122,0
114,House,21508,71,35,CA,100,D,0,1,"TORRES, Norma Judith",T000474,1965,,-0.369,0.071,-106.21448,0.9089,1112,45,,-0.368,0.042,0
114,House,21307,71,21,CA,200,R,0,1,"VALADAO, David G.",V000129,1977,,0.258,0.438,-112.78284,0.90437,1122,53,,0.256,0.347,0
114,House,21314,71,51,CA,100,D,0,1,"VARGAS, Juan",V000130,1961,,-0.397,0.024,-133.11799,0.88765,1117,61,,-0.352,0.014,0
114,House,21509,71,45,CA,200,R,0,1,"WALTERS, Mimi",W000820,1962,,0.433,0.177,-109.89569,0.90393,1088,42,,0.39,0.238,0
114,House,29106,71,43,CA,100,D,0,1,"WATERS, Maxine",W000187,1938,,-0.656,-0.094,-99.74159,0.90838,1038,38,,-0.571,-0.12,0
114,House,20304,61,8,AZ,200,R,0,1,"FRANKS, Trent",F000448,1957,,0.749,0.087,-125.06434,0.89197,1094,45,,0.694,-0.044,1
114,House,21502,61,7,AZ,100,D,0,1,"GALLEGO, Ruben",G000574,1979,,-0.359,0.143,-112.4331,0.90367,1110,39,,-0.483,-0.013,1
114,House,21103,61,4,AZ,200,R,0,1,"GOSAR, Paul",G000565,1958,,0.703,-0.518,-150.21419,0.87049,1083,53,,0.762,-0.519,0
114,House,20305,61,3,AZ,100,D,0,1,"GRIJALVA, Ra√∫l M.",G000551,1948,,-0.598,-0.264,-91.2974,0.9168,1051,34,,-0.765,-0.442,0
114,House,20902,61,1,AZ,100,D,0,1,"KIRKPATRICK, Ann",K000368,1950,,-0.169,-0.01,-256.28555,0.78028,1033,119,,-0.25,0.173,0
114,House,21501,61,2,AZ,200,R,0,1,"McSALLY, Martha",M001197,1966,,0.345,0.027,-199.52463,0.83748,1125,95,,0.321,0.006,1
114,House,29500,61,5,AZ,200,R,0,1,"SALMON, Matthew James",S000018,1958,,0.673,-0.272,-162.72287,0.862,1092,62,,0.637,-0.32,0
114,House,21105,61,6,AZ,200,R,0,1,"SCHWEIKERT, David",S001183,1962,,0.554,-0.222,-143.1067,0.87995,1119,61,,0.629,-0.393,0
114,House,21300,61,9,AZ,100,D,0,1,"SINEMA, Kyrsten",S001191,1976,,-0.105,0.076,-402.01537,0.69085,1087,178,,-0.11,0.135,0
114,House,21106,42,1,AR,200,R,0,1,"CRAWFORD, Rick",C001087,1966,,0.46,0.309,-98.07143,0.91342,1083,32,,0.432,0.364,0
114,House,21503,42,2,AR,200,R,0,1,"HILL, French",H001072,1956,,0.437,0.271,-116.48182,0.90131,1121,50,,0.466,0.177,0
114,House,21563,42,4,AR,200,R,0,1,"WESTERMAN, Bruce Eugene",W000821,1967,,0.546,0.254,-79.44108,0.93165,1122,32,,0.526,0.423,0
114,House,21108,42,3,AR,200,R,0,1,"WOMACK, Steve",W000809,1957,,0.348,0.635,-64.80902,0.94402,1125,20,,0.346,0.838,0
114,House,29701,41,4,AL,200,R,0,1,"ADERHOLT, Robert",A000055,1965,,0.405,0.467,-104.15286,0.91051,1111,47,,0.399,0.917,0
114,House,21193,41,5,AL,200,R,0,1,"BROOKS, Mo",B001274,1954,,0.652,-0.417,-269.31551,0.78593,1118,101,,0.919,-0.395,1
114,House,21376,41,1,AL,200,R,0,1,"BYRNE, Bradley",B001289,1955,,0.61,0.25,-119.59427,0.8968,1098,48,,0.518,0.253,1
114,House,21500,41,6,AL,200,R,0,1,"PALMER, Gary James",P000609,1954,,0.677,0.114,-124.72857,0.89461,1120,50,,0.782,-0.16,0
114,House,21192,41,2,AL,200,R,0,1,"ROBY, Martha",R000591,1976,,0.362,0.658,-91.86721,0.91953,1095,33,,0.398,0.707,0
114,House,20301,41,3,AL,200,R,0,1,"ROGERS, Mike Dennis",R000575,1958,,0.379,0.377,-133.40059,0.88569,1099,62,,0.389,0.33,1
114,House,21102,41,7,AL,100,D,0,1,"SEWELL, Terri",S001185,1965,,-0.4,0.392,-179.54017,0.84446,1062,86,,-0.398,0.437,0
114,House,14066,81,1,AK,200,R,0,1,"YOUNG, Donald Edwin",Y000033,1933,2022,0.283,0.022,-171.48486,0.84919,1049,72,,0.291,0.205,0